locationID,continent,country,stateProvince,countryCode,isCustomRegion,verbatimCountry
MOBI_adm1_1,Europe,Andorra,Andorra la Vella,AD,No,Andorra
MOBI_adm1_2,Europe,Andorra,Canillo,AD,No,Andorra
MOBI_adm1_3,Europe,Andorra,Encamp,AD,No,Andorra
MOBI_adm1_4,Europe,Andorra,Escaldes-Engordany,AD,No,Andorra
MOBI_adm1_5,Europe,Andorra,La Massana,AD,No,Andorra
MOBI_adm1_6,Europe,Andorra,Ordino,AD,No,Andorra
MOBI_adm1_7,Europe,Andorra,Sant Julia de Loria,AD,No,Andorra
MOBI_adm1_8,Asia,United Arab Emirates (the),Abu Dhabi,AE,No,United Arab Emirates
MOBI_adm1_9,Asia,United Arab Emirates (the),Dubai,AE,No,United Arab Emirates
MOBI_adm1_10,Asia,United Arab Emirates (the),Fujairah,AE,No,United Arab Emirates
MOBI_adm1_11,Asia,United Arab Emirates (the),Ras al-Khaimah,AE,No,United Arab Emirates
MOBI_adm1_12,Asia,United Arab Emirates (the),Sharjah,AE,No,United Arab Emirates
MOBI_adm1_13,Asia,United Arab Emirates (the),Umm al-Quwain,AE,No,United Arab Emirates
MOBI_adm1_14,Asia,Afghanistan,Badakhshan,AF,No,Afghanistan
MOBI_adm1_15,Asia,Afghanistan,Badghis,AF,No,Afghanistan
MOBI_adm1_16,Asia,Afghanistan,Baghlan,AF,No,Afghanistan
MOBI_adm1_17,Asia,Afghanistan,Balkh,AF,No,Afghanistan
MOBI_adm1_18,Asia,Afghanistan,Bamyan,AF,No,Afghanistan
MOBI_adm1_19,Asia,Afghanistan,Daykundi,AF,No,Afghanistan
MOBI_adm1_20,Asia,Afghanistan,Farah,AF,No,Afghanistan
MOBI_adm1_21,Asia,Afghanistan,Faryab,AF,No,Afghanistan
MOBI_adm1_22,Asia,Afghanistan,Ghanzi,AF,No,Afghanistan
MOBI_adm1_23,Asia,Afghanistan,Ghor,AF,No,Afghanistan
MOBI_adm1_24,Asia,Afghanistan,Helmand,AF,No,Afghanistan
MOBI_adm1_25,Asia,Afghanistan,Herat,AF,No,Afghanistan
MOBI_adm1_26,Asia,Afghanistan,Jowzjan,AF,No,Afghanistan
MOBI_adm1_27,Asia,Afghanistan,Kabul,AF,No,Afghanistan
MOBI_adm1_28,Asia,Afghanistan,Kandahar,AF,No,Afghanistan
MOBI_adm1_29,Asia,Afghanistan,Kapisa,AF,No,Afghanistan
MOBI_adm1_30,Asia,Afghanistan,Khost,AF,No,Afghanistan
MOBI_adm1_31,Asia,Afghanistan,Kunar,AF,No,Afghanistan
MOBI_adm1_32,Asia,Afghanistan,Kunduz,AF,No,Afghanistan
MOBI_adm1_33,Asia,Afghanistan,Laghman,AF,No,Afghanistan
MOBI_adm1_34,Asia,Afghanistan,Logar,AF,No,Afghanistan
MOBI_adm1_35,Asia,Afghanistan,Nangarhar,AF,No,Afghanistan
MOBI_adm1_36,Asia,Afghanistan,Nimruz,AF,No,Afghanistan
MOBI_adm1_37,Asia,Afghanistan,Nuristan,AF,No,Afghanistan
MOBI_adm1_38,Asia,Afghanistan,Paktia,AF,No,Afghanistan
MOBI_adm1_39,Asia,Afghanistan,Paktika,AF,No,Afghanistan
MOBI_adm1_40,Asia,Afghanistan,Panjshir,AF,No,Afghanistan
MOBI_adm1_41,Asia,Afghanistan,Parwan,AF,No,Afghanistan
MOBI_adm1_42,Asia,Afghanistan,Samangan,AF,No,Afghanistan
MOBI_adm1_43,Asia,Afghanistan,Sar-e Pol,AF,No,Afghanistan
MOBI_adm1_44,Asia,Afghanistan,Takhar,AF,No,Afghanistan
MOBI_adm1_45,Asia,Afghanistan,Uruzgan,AF,No,Afghanistan
MOBI_adm1_46,Asia,Afghanistan,Wardak,AF,No,Afghanistan
MOBI_adm1_47,Asia,Afghanistan,Zabul,AF,No,Afghanistan
MOBI_adm1_48,Americas,Antigua and Barbuda,Barbuda,AG,No,Antigua & Barbuda
MOBI_adm1_49,Americas,Antigua and Barbuda,Redonda,AG,No,Antigua & Barbuda
MOBI_adm1_50,Americas,Antigua and Barbuda,Saint George,AG,No,Antigua & Barbuda
MOBI_adm1_51,Americas,Antigua and Barbuda,Saint John,AG,No,Antigua & Barbuda
MOBI_adm1_52,Americas,Antigua and Barbuda,Saint Mary,AG,No,Antigua & Barbuda
MOBI_adm1_53,Americas,Antigua and Barbuda,Saint Paul,AG,No,Antigua & Barbuda
MOBI_adm1_54,Americas,Antigua and Barbuda,Saint Peter,AG,No,Antigua & Barbuda
MOBI_adm1_55,Americas,Antigua and Barbuda,Saint Philip,AG,No,Antigua & Barbuda
MOBI_adm1_56,Europe,Albania,Berat,AL,No,Albania
MOBI_adm1_57,Europe,Albania,Dibër,AL,No,Albania
MOBI_adm1_58,Europe,Albania,Durrës,AL,No,Albania
MOBI_adm1_59,Europe,Albania,Elbasan,AL,No,Albania
MOBI_adm1_60,Europe,Albania,Fier,AL,No,Albania
MOBI_adm1_61,Europe,Albania,Gjirokastër,AL,No,Albania
MOBI_adm1_62,Europe,Albania,Korçë,AL,No,Albania
MOBI_adm1_63,Europe,Albania,Kukës,AL,No,Albania
MOBI_adm1_64,Europe,Albania,Lezhë,AL,No,Albania
MOBI_adm1_65,Europe,Albania,Shkodër,AL,No,Albania
MOBI_adm1_66,Europe,Albania,Tiranë,AL,No,Albania
MOBI_adm1_67,Europe,Albania,Vlorë,AL,No,Albania
MOBI_adm1_68,Asia,Armenia,Aragatsotn,AM,No,Armenia
MOBI_adm1_69,Asia,Armenia,Ararat,AM,No,Armenia
MOBI_adm1_70,Asia,Armenia,Armavir,AM,No,Armenia
MOBI_adm1_71,Asia,Armenia,Gegharkunik,AM,No,Armenia
MOBI_adm1_72,Asia,Armenia,Kotayk,AM,No,Armenia
MOBI_adm1_73,Asia,Armenia,Lori,AM,No,Armenia
MOBI_adm1_74,Asia,Armenia,Shirak,AM,No,Armenia
MOBI_adm1_75,Asia,Armenia,Syunik,AM,No,Armenia
MOBI_adm1_76,Asia,Armenia,Tavush,AM,No,Armenia
MOBI_adm1_77,Asia,Armenia,Vayots Dzor,AM,No,Armenia
MOBI_adm1_78,Asia,Armenia,Yerevan,AM,No,Armenia
MOBI_adm1_79,Africa,Angola,Bengo,AO,No,Angola
MOBI_adm1_80,Africa,Angola,Benguela,AO,No,Angola
MOBI_adm1_81,Africa,Angola,Bié,AO,No,Angola
MOBI_adm1_82,Africa,Angola,Cabinda,AO,No,Angola
MOBI_adm1_83,Africa,Angola,Cuando Cubango,AO,No,Angola
MOBI_adm1_84,Africa,Angola,Cuanza Norte,AO,No,Angola
MOBI_adm1_85,Africa,Angola,Cuanza Sul,AO,No,Angola
MOBI_adm1_86,Africa,Angola,Cunene,AO,No,Angola
MOBI_adm1_87,Africa,Angola,Huambo,AO,No,Angola
MOBI_adm1_88,Africa,Angola,Huíla,AO,No,Angola
MOBI_adm1_89,Africa,Angola,Luanda,AO,No,Angola
MOBI_adm1_90,Africa,Angola,Lunda Norte,AO,No,Angola
MOBI_adm1_91,Africa,Angola,Lunda Sul,AO,No,Angola
MOBI_adm1_92,Africa,Angola,Malanje,AO,No,Angola
MOBI_adm1_93,Africa,Angola,Moxico,AO,No,Angola
MOBI_adm1_94,Africa,Angola,Namibe,AO,No,Angola
MOBI_adm1_95,Africa,Angola,Uíge,AO,No,Angola
MOBI_adm1_96,Africa,Angola,Zaire,AO,No,Angola
MOBI_adm1_97,Antarctica,Antarctica,Antarctica,AQ,No,Antarctica
MOBI_adm1_98,Americas,Argentina,Buenos Aires,AR,No,Argentina
MOBI_adm1_99,Americas,Argentina,Catamarca,AR,No,Argentina
MOBI_adm1_100,Americas,Argentina,Chaco,AR,No,Argentina
MOBI_adm1_101,Americas,Argentina,Chubut,AR,No,Argentina
MOBI_adm1_102,Americas,Argentina,Ciudad Autónoma de Buenos Aires,AR,No,Argentina
MOBI_adm1_103,Americas,Argentina,Córdoba,AR,No,Argentina
MOBI_adm1_104,Americas,Argentina,Corrientes,AR,No,Argentina
MOBI_adm1_105,Americas,Argentina,Formosa,AR,No,Argentina
MOBI_adm1_106,Americas,Argentina,Jujuy,AR,No,Argentina
MOBI_adm1_107,Americas,Argentina,La Pampa,AR,No,Argentina
MOBI_adm1_108,Americas,Argentina,La Roja,AR,No,Argentina
MOBI_adm1_109,Americas,Argentina,Mendoza,AR,No,Argentina
MOBI_adm1_110,Americas,Argentina,Misiones,AR,No,Argentina
MOBI_adm1_111,Americas,Argentina,Neuquén,AR,No,Argentina
MOBI_adm1_112,Americas,Argentina,Río Negro,AR,No,Argentina
MOBI_adm1_113,Americas,Argentina,Salta,AR,No,Argentina
MOBI_adm1_114,Americas,Argentina,San Juan,AR,No,Argentina
MOBI_adm1_115,Americas,Argentina,San Luis,AR,No,Argentina
MOBI_adm1_116,Americas,Argentina,Santa Cruz,AR,No,Argentina
MOBI_adm1_117,Americas,Argentina,Santa Fe,AR,No,Argentina
MOBI_adm1_118,Americas,Argentina,Santiago del Estero,AR,No,Argentina
MOBI_adm1_119,Americas,Argentina,Tierra del Fuego,AR,No,Argentina
MOBI_adm1_120,Americas,Argentina,Tucumán,AR,No,Argentina
MOBI_adm1_121,Europe,Austria,Burgenland,AT,No,Austria
MOBI_adm1_122,Europe,Austria,Kärnten,AT,No,Austria
MOBI_adm1_123,Europe,Austria,Niederösterreich,AT,No,Austria
MOBI_adm1_124,Europe,Austria,Oberösterreich,AT,No,Austria
MOBI_adm1_125,Europe,Austria,Salzburg,AT,No,Austria
MOBI_adm1_126,Europe,Austria,Steiermark,AT,No,Austria
MOBI_adm1_127,Europe,Austria,Tirol,AT,No,Austria
MOBI_adm1_128,Europe,Austria,Vorarlberg,AT,No,Austria
MOBI_adm1_129,Europe,Austria,Wien,AT,No,Austria
MOBI_adm1_130,Oceania,Australia,Australian Capital Territory,AU,No,Australia
MOBI_adm1_131,Oceania,Australia,New South Wales,AU,No,Australia
MOBI_adm1_132,Oceania,Australia,Northern Territory,AU,No,Australia
MOBI_adm1_133,Oceania,Australia,Other Territories,AU,No,Australia
MOBI_adm1_134,Oceania,Australia,Queensland,AU,No,Australia
MOBI_adm1_135,Oceania,Australia,South Australia,AU,No,Australia
MOBI_adm1_136,Oceania,Australia,Tasmania,AU,No,Australia
MOBI_adm1_137,Oceania,Australia,Victoria,AU,No,Australia
MOBI_adm1_138,Oceania,Australia,Western Australia,AU,No,Australia
MOBI_adm1_139,Asia,Azerbaijan,Contiguous Azerbaijan,AZ,No,Azerbaijan
MOBI_adm1_140,Asia,Azerbaijan,Nakhchivan Autonomous Republic,AZ,No,Azerbaijan
MOBI_adm1_141,Europe,Bosnia and Herzegovina,Brčko District,BA,No,Bosnia & Herzegovina
MOBI_adm1_142,Europe,Bosnia and Herzegovina,Federation of Bosnia and Herzegovina,BA,No,Bosnia & Herzegovina
MOBI_adm1_143,Europe,Bosnia and Herzegovina,Republika Srpska,BA,No,Bosnia & Herzegovina
MOBI_adm1_144,Americas,Barbados,Christ Church,BB,No,Barbados
MOBI_adm1_145,Americas,Barbados,Saint Andrew,BB,No,Barbados
MOBI_adm1_146,Americas,Barbados,Saint George,BB,No,Barbados
MOBI_adm1_147,Americas,Barbados,Saint James,BB,No,Barbados
MOBI_adm1_148,Americas,Barbados,Saint John,BB,No,Barbados
MOBI_adm1_149,Americas,Barbados,Saint Joseph,BB,No,Barbados
MOBI_adm1_150,Americas,Barbados,Saint Lucy,BB,No,Barbados
MOBI_adm1_151,Americas,Barbados,Saint Michael,BB,No,Barbados
MOBI_adm1_152,Americas,Barbados,Saint Peter,BB,No,Barbados
MOBI_adm1_153,Americas,Barbados,Saint Philip,BB,No,Barbados
MOBI_adm1_154,Americas,Barbados,Saint Thomas,BB,No,Barbados
MOBI_adm1_155,Asia,Bangladesh,Barisal,BD,No,Bangladesh
MOBI_adm1_156,Asia,Bangladesh,Chittagong,BD,No,Bangladesh
MOBI_adm1_157,Asia,Bangladesh,Dhaka,BD,No,Bangladesh
MOBI_adm1_158,Asia,Bangladesh,Khulna,BD,No,Bangladesh
MOBI_adm1_159,Asia,Bangladesh,Mymensingh,BD,No,Bangladesh
MOBI_adm1_160,Asia,Bangladesh,Rajshani,BD,No,Bangladesh
MOBI_adm1_161,Asia,Bangladesh,Rangpur,BD,No,Bangladesh
MOBI_adm1_162,Asia,Bangladesh,Sylhet,BD,No,Bangladesh
MOBI_adm1_163,Europe,Belgium,Brussels Hoofdstedelijk,BE,No,Belgium
MOBI_adm1_164,Europe,Belgium,Vlaams Gewest,BE,No,Belgium
MOBI_adm1_165,Europe,Belgium,Wallonne Gewest,BE,No,Belgium
MOBI_adm1_166,Africa,Burkina Faso,Boucle du Mouhoun,BF,No,Burkina Faso
MOBI_adm1_167,Africa,Burkina Faso,Cascades,BF,No,Burkina Faso
MOBI_adm1_168,Africa,Burkina Faso,Centre,BF,No,Burkina Faso
MOBI_adm1_169,Africa,Burkina Faso,Centre-Est,BF,No,Burkina Faso
MOBI_adm1_170,Africa,Burkina Faso,Centre-Nord,BF,No,Burkina Faso
MOBI_adm1_171,Africa,Burkina Faso,Centre-Ouest,BF,No,Burkina Faso
MOBI_adm1_172,Africa,Burkina Faso,Centre-Sud,BF,No,Burkina Faso
MOBI_adm1_173,Africa,Burkina Faso,Est,BF,No,Burkina Faso
MOBI_adm1_174,Africa,Burkina Faso,Hauts-Bassins,BF,No,Burkina Faso
MOBI_adm1_175,Africa,Burkina Faso,Nord,BF,No,Burkina Faso
MOBI_adm1_176,Africa,Burkina Faso,Plateau Central,BF,No,Burkina Faso
MOBI_adm1_177,Africa,Burkina Faso,Sahel,BF,No,Burkina Faso
MOBI_adm1_178,Africa,Burkina Faso,Sud-Ouest,BF,No,Burkina Faso
MOBI_adm1_179,Europe,Bulgaria,Blagoevgrad,BG,No,Bulgaria
MOBI_adm1_180,Europe,Bulgaria,Burgas,BG,No,Bulgaria
MOBI_adm1_181,Europe,Bulgaria,Dobrich,BG,No,Bulgaria
MOBI_adm1_182,Europe,Bulgaria,Gabrovo,BG,No,Bulgaria
MOBI_adm1_183,Europe,Bulgaria,Haskovo,BG,No,Bulgaria
MOBI_adm1_184,Europe,Bulgaria,Kardzhali,BG,No,Bulgaria
MOBI_adm1_185,Europe,Bulgaria,Kyustendil,BG,No,Bulgaria
MOBI_adm1_186,Europe,Bulgaria,Lovech,BG,No,Bulgaria
MOBI_adm1_187,Europe,Bulgaria,Montana,BG,No,Bulgaria
MOBI_adm1_188,Europe,Bulgaria,Pazardzhik,BG,No,Bulgaria
MOBI_adm1_189,Europe,Bulgaria,Pernik,BG,No,Bulgaria
MOBI_adm1_190,Europe,Bulgaria,Pleven,BG,No,Bulgaria
MOBI_adm1_191,Europe,Bulgaria,Plovdiv,BG,No,Bulgaria
MOBI_adm1_192,Europe,Bulgaria,Razgrad,BG,No,Bulgaria
MOBI_adm1_193,Europe,Bulgaria,Ruse,BG,No,Bulgaria
MOBI_adm1_194,Europe,Bulgaria,Shumen,BG,No,Bulgaria
MOBI_adm1_195,Europe,Bulgaria,Silistra,BG,No,Bulgaria
MOBI_adm1_196,Europe,Bulgaria,Sliven,BG,No,Bulgaria
MOBI_adm1_197,Europe,Bulgaria,Smolyan,BG,No,Bulgaria
MOBI_adm1_198,Europe,Bulgaria,Sofia,BG,No,Bulgaria
MOBI_adm1_199,Europe,Bulgaria,Sofia City,BG,No,Bulgaria
MOBI_adm1_200,Europe,Bulgaria,Stara Zagora,BG,No,Bulgaria
MOBI_adm1_201,Europe,Bulgaria,Targovishte,BG,No,Bulgaria
MOBI_adm1_202,Europe,Bulgaria,Varna,BG,No,Bulgaria
MOBI_adm1_203,Europe,Bulgaria,Veliko Tarnovo,BG,No,Bulgaria
MOBI_adm1_204,Europe,Bulgaria,Vidin,BG,No,Bulgaria
MOBI_adm1_205,Europe,Bulgaria,Vratsa,BG,No,Bulgaria
MOBI_adm1_206,Europe,Bulgaria,Yambol,BG,No,Bulgaria
MOBI_adm1_207,Asia,Bahrain,Muharraq Governorate,BH,No,Bahrain
MOBI_adm1_208,Asia,Bahrain,Northern Governorate,BH,No,Bahrain
MOBI_adm1_209,Asia,Bahrain,Southern Governorate,BH,No,Bahrain
MOBI_adm1_210,Africa,Burundi,Bubanza,BI,No,Burundi
MOBI_adm1_211,Africa,Burundi,Bujumbura Mairie,BI,No,Burundi
MOBI_adm1_212,Africa,Burundi,Bujumbura Rural,BI,No,Burundi
MOBI_adm1_213,Africa,Burundi,Bururi,BI,No,Burundi
MOBI_adm1_214,Africa,Burundi,Cankuzo,BI,No,Burundi
MOBI_adm1_215,Africa,Burundi,Cibitoke,BI,No,Burundi
MOBI_adm1_216,Africa,Burundi,Gitega,BI,No,Burundi
MOBI_adm1_217,Africa,Burundi,Karuzi,BI,No,Burundi
MOBI_adm1_218,Africa,Burundi,Kayanza,BI,No,Burundi
MOBI_adm1_219,Africa,Burundi,Kirundo,BI,No,Burundi
MOBI_adm1_220,Africa,Burundi,Makamba,BI,No,Burundi
MOBI_adm1_221,Africa,Burundi,Muramvya,BI,No,Burundi
MOBI_adm1_222,Africa,Burundi,Muyinga,BI,No,Burundi
MOBI_adm1_223,Africa,Burundi,Mwaro,BI,No,Burundi
MOBI_adm1_224,Africa,Burundi,Ngozi,BI,No,Burundi
MOBI_adm1_225,Africa,Burundi,Rumonge,BI,No,Burundi
MOBI_adm1_226,Africa,Burundi,Rutana,BI,No,Burundi
MOBI_adm1_227,Africa,Burundi,Ruyigi,BI,No,Burundi
MOBI_adm1_228,Africa,Benin,Alibori,BJ,No,Benin
MOBI_adm1_229,Africa,Benin,Atakora,BJ,No,Benin
MOBI_adm1_230,Africa,Benin,Atlanique,BJ,No,Benin
MOBI_adm1_231,Africa,Benin,Borgou,BJ,No,Benin
MOBI_adm1_232,Africa,Benin,Collines,BJ,No,Benin
MOBI_adm1_233,Africa,Benin,Donga,BJ,No,Benin
MOBI_adm1_234,Africa,Benin,Kouffo,BJ,No,Benin
MOBI_adm1_235,Africa,Benin,Littoral,BJ,No,Benin
MOBI_adm1_236,Africa,Benin,Mono,BJ,No,Benin
MOBI_adm1_237,Africa,Benin,Oueme,BJ,No,Benin
MOBI_adm1_238,Africa,Benin,Plateau,BJ,No,Benin
MOBI_adm1_239,Africa,Benin,Zou,BJ,No,Benin
MOBI_adm1_240,Asia,Brunei Darussalam,Belait,BN,No,Brunei
MOBI_adm1_241,Asia,Brunei Darussalam,Brunei-Muara,BN,No,Brunei
MOBI_adm1_242,Asia,Brunei Darussalam,Temburong,BN,No,Brunei
MOBI_adm1_243,Asia,Brunei Darussalam,Tutong,BN,No,Brunei
MOBI_adm1_244,Americas,Bolivia (Plurinational State of),Beni,BO,No,Bolivia
MOBI_adm1_245,Americas,Bolivia (Plurinational State of),Chuquisaca,BO,No,Bolivia
MOBI_adm1_246,Americas,Bolivia (Plurinational State of),Cochabamba,BO,No,Bolivia
MOBI_adm1_247,Americas,Bolivia (Plurinational State of),La Paz,BO,No,Bolivia
MOBI_adm1_248,Americas,Bolivia (Plurinational State of),Oruro,BO,No,Bolivia
MOBI_adm1_249,Americas,Bolivia (Plurinational State of),Pando,BO,No,Bolivia
MOBI_adm1_250,Americas,Bolivia (Plurinational State of),Potosí,BO,No,Bolivia
MOBI_adm1_251,Americas,Bolivia (Plurinational State of),Santa Cruz,BO,No,Bolivia
MOBI_adm1_252,Americas,Bolivia (Plurinational State of),Tarija,BO,No,Bolivia
MOBI_adm1_253,Americas,Bolivia (Plurinational State of),Pando,BO,No,Bolivia
MOBI_adm1_254,Americas,Brazil,Acre,BR,No,Brazil
MOBI_adm1_255,Americas,Brazil,Alagoas,BR,No,Brazil
MOBI_adm1_256,Americas,Brazil,Amapa,BR,No,Brazil
MOBI_adm1_257,Americas,Brazil,Amazonas,BR,No,Brazil
MOBI_adm1_258,Americas,Brazil,Bahia,BR,No,Brazil
MOBI_adm1_259,Americas,Brazil,Ceara,BR,No,Brazil
MOBI_adm1_260,Americas,Brazil,Distrito Federal,BR,No,Brazil
MOBI_adm1_261,Americas,Brazil,Espirito Santo,BR,No,Brazil
MOBI_adm1_262,Americas,Brazil,Goias,BR,No,Brazil
MOBI_adm1_263,Americas,Brazil,Maranhao,BR,No,Brazil
MOBI_adm1_264,Americas,Brazil,Mato Grosso,BR,No,Brazil
MOBI_adm1_265,Americas,Brazil,Mato Grosso do Sul,BR,No,Brazil
MOBI_adm1_266,Americas,Brazil,Minas Gerais,BR,No,Brazil
MOBI_adm1_267,Americas,Brazil,Para,BR,No,Brazil
MOBI_adm1_268,Americas,Brazil,Paraiba,BR,No,Brazil
MOBI_adm1_269,Americas,Brazil,Parana,BR,No,Brazil
MOBI_adm1_270,Americas,Brazil,Pernambuco,BR,No,Brazil
MOBI_adm1_271,Americas,Brazil,Piaui,BR,No,Brazil
MOBI_adm1_272,Americas,Brazil,Rio de Jeneiro,BR,No,Brazil
MOBI_adm1_273,Americas,Brazil,Rio Granda do Norte,BR,No,Brazil
MOBI_adm1_274,Americas,Brazil,Rio Grande do Sul,BR,No,Brazil
MOBI_adm1_275,Americas,Brazil,Rondonia,BR,No,Brazil
MOBI_adm1_276,Americas,Brazil,Roraima,BR,No,Brazil
MOBI_adm1_277,Americas,Brazil,Santa Catarina,BR,No,Brazil
MOBI_adm1_278,Americas,Brazil,Sao Paulo,BR,No,Brazil
MOBI_adm1_279,Americas,Brazil,Sergipe,BR,No,Brazil
MOBI_adm1_280,Americas,Brazil,Tocantins,BR,No,Brazil
MOBI_adm1_281,Americas,Bahamas (the),Berry Islands,BS,No,"Bahamas, The"
MOBI_adm1_282,Americas,Bahamas (the),Biminis,BS,No,"Bahamas, The"
MOBI_adm1_283,Americas,Bahamas (the),Black Point,BS,No,"Bahamas, The"
MOBI_adm1_284,Americas,Bahamas (the),Central Abaco,BS,No,"Bahamas, The"
MOBI_adm1_285,Americas,Bahamas (the),Central Andros,BS,No,"Bahamas, The"
MOBI_adm1_286,Americas,Bahamas (the),East Grand Bahama,BS,No,"Bahamas, The"
MOBI_adm1_287,Americas,Bahamas (the),Inagua,BS,No,"Bahamas, The"
MOBI_adm1_288,Americas,Bahamas (the),Mangrove Cay,BS,No,"Bahamas, The"
MOBI_adm1_289,Americas,Bahamas (the),Mayaguana,BS,No,"Bahamas, The"
MOBI_adm1_290,Americas,Bahamas (the),Moore's Island,BS,No,"Bahamas, The"
MOBI_adm1_291,Americas,Bahamas (the),New Providence,BS,No,"Bahamas, The"
MOBI_adm1_292,Americas,Bahamas (the),North Andros,BS,No,"Bahamas, The"
MOBI_adm1_293,Americas,Bahamas (the),North Eleuthera,BS,No,"Bahamas, The"
MOBI_adm1_294,Americas,Bahamas (the),Rum Cay,BS,No,"Bahamas, The"
MOBI_adm1_295,Americas,Bahamas (the),San Salvador,BS,No,"Bahamas, The"
MOBI_adm1_296,Americas,Bahamas (the),South Abaco,BS,No,"Bahamas, The"
MOBI_adm1_297,Americas,Bahamas (the),South Andros,BS,No,"Bahamas, The"
MOBI_adm1_298,Americas,Bahamas (the),West Grand Bahama,BS,No,"Bahamas, The"
MOBI_adm1_299,Asia,Bhutan,Bumthang,BT,No,Bhutan
MOBI_adm1_300,Asia,Bhutan,Chukha,BT,No,Bhutan
MOBI_adm1_301,Asia,Bhutan,Dagana,BT,No,Bhutan
MOBI_adm1_302,Asia,Bhutan,Gasa,BT,No,Bhutan
MOBI_adm1_303,Asia,Bhutan,Haa,BT,No,Bhutan
MOBI_adm1_304,Asia,Bhutan,Lhuntse,BT,No,Bhutan
MOBI_adm1_305,Asia,Bhutan,Mongar,BT,No,Bhutan
MOBI_adm1_306,Asia,Bhutan,Paro,BT,No,Bhutan
MOBI_adm1_307,Asia,Bhutan,Pemagatshel,BT,No,Bhutan
MOBI_adm1_308,Asia,Bhutan,Punakha,BT,No,Bhutan
MOBI_adm1_309,Asia,Bhutan,Samdrup Jongkhar,BT,No,Bhutan
MOBI_adm1_310,Asia,Bhutan,Samtse,BT,No,Bhutan
MOBI_adm1_311,Asia,Bhutan,Sarpang,BT,No,Bhutan
MOBI_adm1_312,Asia,Bhutan,Thimpu,BT,No,Bhutan
MOBI_adm1_313,Asia,Bhutan,Trashigang,BT,No,Bhutan
MOBI_adm1_314,Asia,Bhutan,Trashiyangtse,BT,No,Bhutan
MOBI_adm1_315,Asia,Bhutan,Trongsa,BT,No,Bhutan
MOBI_adm1_316,Asia,Bhutan,Tsirang,BT,No,Bhutan
MOBI_adm1_317,Asia,Bhutan,Wangdue Phodrang,BT,No,Bhutan
MOBI_adm1_318,Asia,Bhutan,Zhemgang,BT,No,Bhutan
MOBI_adm1_319,Africa,Botswana,Central District,BW,No,Botswana
MOBI_adm1_320,Africa,Botswana,Chobe District,BW,No,Botswana
MOBI_adm1_321,Africa,Botswana,Ghanzi District,BW,No,Botswana
MOBI_adm1_322,Africa,Botswana,Kgalagadi District,BW,No,Botswana
MOBI_adm1_323,Africa,Botswana,Kgatleng District,BW,No,Botswana
MOBI_adm1_324,Africa,Botswana,Kweneng District,BW,No,Botswana
MOBI_adm1_325,Africa,Botswana,North-East District,BW,No,Botswana
MOBI_adm1_326,Africa,Botswana,North-West District,BW,No,Botswana
MOBI_adm1_327,Africa,Botswana,South-East District,BW,No,Botswana
MOBI_adm1_328,Africa,Botswana,Southern District,BW,No,Botswana
MOBI_adm1_329,Europe,Belarus,Brest,BY,No,Belarus
MOBI_adm1_330,Europe,Belarus,Gomel,BY,No,Belarus
MOBI_adm1_331,Europe,Belarus,Grodno,BY,No,Belarus
MOBI_adm1_332,Europe,Belarus,Minsk,BY,No,Belarus
MOBI_adm1_333,Europe,Belarus,Minsk City,BY,No,Belarus
MOBI_adm1_334,Europe,Belarus,Mogilev,BY,No,Belarus
MOBI_adm1_335,Europe,Belarus,Vitebsk,BY,No,Belarus
MOBI_adm1_336,Americas,Belize,Belize,BZ,No,Belize
MOBI_adm1_337,Americas,Belize,Cayo,BZ,No,Belize
MOBI_adm1_338,Americas,Belize,Corozal,BZ,No,Belize
MOBI_adm1_339,Americas,Belize,Orange Walk,BZ,No,Belize
MOBI_adm1_340,Americas,Belize,Stann Creek,BZ,No,Belize
MOBI_adm1_341,Americas,Belize,Toledo,BZ,No,Belize
MOBI_adm1_342,Americas,Canada,Alberta,CA,No,Canada
MOBI_adm1_343,Americas,Canada,British Columbia,CA,No,Canada
MOBI_adm1_344,Americas,Canada,Manitoba,CA,No,Canada
MOBI_adm1_345,Americas,Canada,New Brunswick,CA,No,Canada
MOBI_adm1_346,Americas,Canada,Newfoundland and Labrador,CA,No,Canada
MOBI_adm1_347,Americas,Canada,Northwest Territories,CA,No,Canada
MOBI_adm1_348,Americas,Canada,Nova Scotia,CA,No,Canada
MOBI_adm1_349,Americas,Canada,Nunavut,CA,No,Canada
MOBI_adm1_350,Americas,Canada,Ontario,CA,No,Canada
MOBI_adm1_351,Americas,Canada,Prince Edward Island,CA,No,Canada
MOBI_adm1_352,Americas,Canada,Quebec,CA,No,Canada
MOBI_adm1_353,Americas,Canada,Saskatchewan,CA,No,Canada
MOBI_adm1_354,Americas,Canada,Yukon,CA,No,Canada
MOBI_adm1_355,Africa,Congo (the Democratic Republic of the),Central Kasai,CD,No,"Congo, Dem Rep of the"
MOBI_adm1_356,Africa,Congo (the Democratic Republic of the),Équateur,CD,No,"Congo, Dem Rep of the"
MOBI_adm1_357,Africa,Congo (the Democratic Republic of the),Haut-Katanga,CD,No,"Congo, Dem Rep of the"
MOBI_adm1_358,Africa,Congo (the Democratic Republic of the),Haut-Lomami,CD,No,"Congo, Dem Rep of the"
MOBI_adm1_359,Africa,Congo (the Democratic Republic of the),Ituri,CD,No,"Congo, Dem Rep of the"
MOBI_adm1_360,Africa,Congo (the Democratic Republic of the),Kasai,CD,No,"Congo, Dem Rep of the"
MOBI_adm1_361,Africa,Congo (the Democratic Republic of the),Kasai-Oriental,CD,No,"Congo, Dem Rep of the"
MOBI_adm1_362,Africa,Congo (the Democratic Republic of the),Kinshasa,CD,No,"Congo, Dem Rep of the"
MOBI_adm1_363,Africa,Congo (the Democratic Republic of the),Kongo-Central,CD,No,"Congo, Dem Rep of the"
MOBI_adm1_364,Africa,Congo (the Democratic Republic of the),Kwango,CD,No,"Congo, Dem Rep of the"
MOBI_adm1_365,Africa,Congo (the Democratic Republic of the),Kwilu,CD,No,"Congo, Dem Rep of the"
MOBI_adm1_366,Africa,Congo (the Democratic Republic of the),Lomami,CD,No,"Congo, Dem Rep of the"
MOBI_adm1_367,Africa,Congo (the Democratic Republic of the),Lower Uele,CD,No,"Congo, Dem Rep of the"
MOBI_adm1_368,Africa,Congo (the Democratic Republic of the),Lualaba,CD,No,"Congo, Dem Rep of the"
MOBI_adm1_369,Africa,Congo (the Democratic Republic of the),Mai-Ndombe,CD,No,"Congo, Dem Rep of the"
MOBI_adm1_370,Africa,Congo (the Democratic Republic of the),Maniema,CD,No,"Congo, Dem Rep of the"
MOBI_adm1_371,Africa,Congo (the Democratic Republic of the),Mongala,CD,No,"Congo, Dem Rep of the"
MOBI_adm1_372,Africa,Congo (the Democratic Republic of the),Nord-Ubangi,CD,No,"Congo, Dem Rep of the"
MOBI_adm1_373,Africa,Congo (the Democratic Republic of the),North Kivu,CD,No,"Congo, Dem Rep of the"
MOBI_adm1_374,Africa,Congo (the Democratic Republic of the),Sankuru,CD,No,"Congo, Dem Rep of the"
MOBI_adm1_375,Africa,Congo (the Democratic Republic of the),South Kivu,CD,No,"Congo, Dem Rep of the"
MOBI_adm1_376,Africa,Congo (the Democratic Republic of the),Sud-Ubangi,CD,No,"Congo, Dem Rep of the"
MOBI_adm1_377,Africa,Congo (the Democratic Republic of the),Tanganyika,CD,No,"Congo, Dem Rep of the"
MOBI_adm1_378,Africa,Congo (the Democratic Republic of the),Tshopo,CD,No,"Congo, Dem Rep of the"
MOBI_adm1_379,Africa,Congo (the Democratic Republic of the),Tshuapa,CD,No,"Congo, Dem Rep of the"
MOBI_adm1_380,Africa,Congo (the Democratic Republic of the),Upper Uele,CD,No,"Congo, Dem Rep of the"
MOBI_adm1_381,Africa,Central African Republic (the),Bamingui-Bangoran,CF,No,Central African Rep
MOBI_adm1_382,Africa,Central African Republic (the),Bangui,CF,No,Central African Rep
MOBI_adm1_383,Africa,Central African Republic (the),Basse-Kotto,CF,No,Central African Rep
MOBI_adm1_384,Africa,Central African Republic (the),Haute-Kotto,CF,No,Central African Rep
MOBI_adm1_385,Africa,Central African Republic (the),Haut-Mbomou,CF,No,Central African Rep
MOBI_adm1_386,Africa,Central African Republic (the),Kémo,CF,No,Central African Rep
MOBI_adm1_387,Africa,Central African Republic (the),Lobaye,CF,No,Central African Rep
MOBI_adm1_388,Africa,Central African Republic (the),Mambéré-Kadéï,CF,No,Central African Rep
MOBI_adm1_389,Africa,Central African Republic (the),Mbomou,CF,No,Central African Rep
MOBI_adm1_390,Africa,Central African Republic (the),Nana-Grébizi,CF,No,Central African Rep
MOBI_adm1_391,Africa,Central African Republic (the),Nana-Mambéré,CF,No,Central African Rep
MOBI_adm1_392,Africa,Central African Republic (the),Ombella-M'Poko,CF,No,Central African Rep
MOBI_adm1_393,Africa,Central African Republic (the),Ouaka,CF,No,Central African Rep
MOBI_adm1_394,Africa,Central African Republic (the),Ouham,CF,No,Central African Rep
MOBI_adm1_395,Africa,Central African Republic (the),Ouham-Pendé,CF,No,Central African Rep
MOBI_adm1_396,Africa,Central African Republic (the),Sangha-Mbaéré,CF,No,Central African Rep
MOBI_adm1_397,Africa,Central African Republic (the),Vakaga,CF,No,Central African Rep
MOBI_adm1_398,Africa,Congo (the),Bouenza,CG,No,"Congo, Rep of the"
MOBI_adm1_399,Africa,Congo (the),Brazzaville,CG,No,"Congo, Rep of the"
MOBI_adm1_400,Africa,Congo (the),Cuvette,CG,No,"Congo, Rep of the"
MOBI_adm1_401,Africa,Congo (the),Cuvette-Ouest,CG,No,"Congo, Rep of the"
MOBI_adm1_402,Africa,Congo (the),Kouilou,CG,No,"Congo, Rep of the"
MOBI_adm1_403,Africa,Congo (the),Lékoumou,CG,No,"Congo, Rep of the"
MOBI_adm1_404,Africa,Congo (the),Likouala,CG,No,"Congo, Rep of the"
MOBI_adm1_405,Africa,Congo (the),Niari,CG,No,"Congo, Rep of the"
MOBI_adm1_406,Africa,Congo (the),Plateaux,CG,No,"Congo, Rep of the"
MOBI_adm1_407,Africa,Congo (the),Pool,CG,No,"Congo, Rep of the"
MOBI_adm1_408,Africa,Congo (the),Sangha,CG,No,"Congo, Rep of the"
MOBI_adm1_409,Europe,Switzerland,Aargau,CH,No,Switzerland
MOBI_adm1_410,Europe,Switzerland,Appenzell Innerrhoden,CH,No,Switzerland
MOBI_adm1_411,Europe,Switzerland,Basel-Landschaft,CH,No,Switzerland
MOBI_adm1_412,Europe,Switzerland,Basel-Stadt,CH,No,Switzerland
MOBI_adm1_413,Europe,Switzerland,Bern,CH,No,Switzerland
MOBI_adm1_414,Europe,Switzerland,Fribourg,CH,No,Switzerland
MOBI_adm1_415,Europe,Switzerland,Genève,CH,No,Switzerland
MOBI_adm1_416,Europe,Switzerland,Glarus,CH,No,Switzerland
MOBI_adm1_417,Europe,Switzerland,Graubünden,CH,No,Switzerland
MOBI_adm1_418,Europe,Switzerland,Jura,CH,No,Switzerland
MOBI_adm1_419,Europe,Switzerland,Luzern,CH,No,Switzerland
MOBI_adm1_420,Europe,Switzerland,Neuchâtel,CH,No,Switzerland
MOBI_adm1_421,Europe,Switzerland,Nidwalden,CH,No,Switzerland
MOBI_adm1_422,Europe,Switzerland,Obwalden,CH,No,Switzerland
MOBI_adm1_423,Europe,Switzerland,Schaffhausen,CH,No,Switzerland
MOBI_adm1_424,Europe,Switzerland,Schwyz,CH,No,Switzerland
MOBI_adm1_425,Europe,Switzerland,Solothurn,CH,No,Switzerland
MOBI_adm1_426,Europe,Switzerland,St. Gallen,CH,No,Switzerland
MOBI_adm1_427,Europe,Switzerland,Thurgau,CH,No,Switzerland
MOBI_adm1_428,Europe,Switzerland,Ticino,CH,No,Switzerland
MOBI_adm1_429,Europe,Switzerland,Uri,CH,No,Switzerland
MOBI_adm1_430,Europe,Switzerland,Valais,CH,No,Switzerland
MOBI_adm1_431,Europe,Switzerland,Vaud,CH,No,Switzerland
MOBI_adm1_432,Europe,Switzerland,Zug,CH,No,Switzerland
MOBI_adm1_433,Europe,Switzerland,Zürich,CH,No,Switzerland
MOBI_adm1_434,Africa,Côte d'Ivoire,Bas-Sassandra,CI,No,Cote d'Ivoire
MOBI_adm1_435,Africa,Côte d'Ivoire,Comoe,CI,No,Cote d'Ivoire
MOBI_adm1_436,Africa,Côte d'Ivoire,Denguele,CI,No,Cote d'Ivoire
MOBI_adm1_437,Africa,Côte d'Ivoire,District Autonome D'Abidjan,CI,No,Cote d'Ivoire
MOBI_adm1_438,Africa,Côte d'Ivoire,District Autonome De Yamoussoukro,CI,No,Cote d'Ivoire
MOBI_adm1_439,Africa,Côte d'Ivoire,Goh-Djiboua,CI,No,Cote d'Ivoire
MOBI_adm1_440,Africa,Côte d'Ivoire,Lacs,CI,No,Cote d'Ivoire
MOBI_adm1_441,Africa,Côte d'Ivoire,Lagunes,CI,No,Cote d'Ivoire
MOBI_adm1_442,Africa,Côte d'Ivoire,Montagnes,CI,No,Cote d'Ivoire
MOBI_adm1_443,Africa,Côte d'Ivoire,Sassandra-Marahoue,CI,No,Cote d'Ivoire
MOBI_adm1_444,Africa,Côte d'Ivoire,Savanes,CI,No,Cote d'Ivoire
MOBI_adm1_445,Africa,Côte d'Ivoire,Valle Du Bandama,CI,No,Cote d'Ivoire
MOBI_adm1_446,Africa,Côte d'Ivoire,Woroba,CI,No,Cote d'Ivoire
MOBI_adm1_447,Africa,Côte d'Ivoire,Zanzan,CI,No,Cote d'Ivoire
MOBI_adm1_448,Americas,Chile,Región de Ñuble,CL,No,Chile
MOBI_adm1_449,Americas,Chile,Región de Antofagasta,CL,No,Chile
MOBI_adm1_450,Americas,Chile,Región de Arica y Parinacota,CL,No,Chile
MOBI_adm1_451,Americas,Chile,Región de Atacama,CL,No,Chile
MOBI_adm1_452,Americas,Chile,Región de Aysén del Gral.Ibañez del Campo,CL,No,Chile
MOBI_adm1_453,Americas,Chile,Región de Coquimbo,CL,No,Chile
MOBI_adm1_454,Americas,Chile,Región de La Araucanía,CL,No,Chile
MOBI_adm1_455,Americas,Chile,Región de Los Lagos,CL,No,Chile
MOBI_adm1_456,Americas,Chile,Región de Los Ríos,CL,No,Chile
MOBI_adm1_457,Americas,Chile,Región de Magallanes y Antártica Chilena,CL,No,Chile
MOBI_adm1_458,Americas,Chile,Región de Tarapacá,CL,No,Chile
MOBI_adm1_459,Americas,Chile,Región de Valparaíso,CL,No,Chile
MOBI_adm1_460,Americas,Chile,Región del Bío-Bío,CL,No,Chile
MOBI_adm1_461,Americas,Chile,Región del Libertador Bernardo O'Higgins,CL,No,Chile
MOBI_adm1_462,Americas,Chile,Región del Maule,CL,No,Chile
MOBI_adm1_463,Americas,Chile,Región Metropolitana de Santiago,CL,No,Chile
MOBI_adm1_464,Africa,Cameroon,Adamaoua,CM,No,Cameroon
MOBI_adm1_465,Africa,Cameroon,Centre,CM,No,Cameroon
MOBI_adm1_466,Africa,Cameroon,East,CM,No,Cameroon
MOBI_adm1_467,Africa,Cameroon,Far North,CM,No,Cameroon
MOBI_adm1_468,Africa,Cameroon,Littoral,CM,No,Cameroon
MOBI_adm1_469,Africa,Cameroon,North,CM,No,Cameroon
MOBI_adm1_470,Africa,Cameroon,North-West,CM,No,Cameroon
MOBI_adm1_471,Africa,Cameroon,South,CM,No,Cameroon
MOBI_adm1_472,Africa,Cameroon,South-West,CM,No,Cameroon
MOBI_adm1_473,Africa,Cameroon,West,CM,No,Cameroon
MOBI_adm1_474,Asia,China,Anhui Province,CN,No,China
MOBI_adm1_475,Asia,China,Beijing Municipality,CN,No,China
MOBI_adm1_476,Asia,China,Chongqing Municipality,CN,No,China
MOBI_adm1_477,Asia,China,Fujian Province,CN,No,China
MOBI_adm1_478,Asia,China,Gansu Province,CN,No,China
MOBI_adm1_479,Asia,China,Guangxi Zhuang Autonomous Region,CN,No,China
MOBI_adm1_480,Asia,China,Guangzhou Province,CN,No,China
MOBI_adm1_481,Asia,China,Guizhou Province,CN,No,China
MOBI_adm1_482,Asia,China,Hainan Province,CN,No,China
MOBI_adm1_483,Asia,China,Hebei Province,CN,No,China
MOBI_adm1_484,Asia,China,Heilongjiang Province,CN,No,China
MOBI_adm1_485,Asia,China,Henan Province,CN,No,China
MOBI_adm1_486,Asia,China,Hong Kong Special Administrative Region,CN,No,China
MOBI_adm1_487,Asia,China,Hubei Province,CN,No,China
MOBI_adm1_488,Asia,China,Hunan Province,CN,No,China
MOBI_adm1_489,Asia,China,Inner Mongolia Autonomous Region,CN,No,China
MOBI_adm1_490,Asia,China,Jiangsu Province,CN,No,China
MOBI_adm1_491,Asia,China,Jiangxi Province,CN,No,China
MOBI_adm1_492,Asia,China,Jilin Province,CN,No,China
MOBI_adm1_493,Asia,China,Liaoning Province,CN,No,China
MOBI_adm1_494,Asia,China,Macau Special Administrative Region,CN,No,China
MOBI_adm1_495,Asia,China,Ningxia Ningxia Hui Autonomous Region,CN,No,China
MOBI_adm1_496,Asia,China,Qinghai Province,CN,No,China
MOBI_adm1_497,Asia,China,Shaanxi Province,CN,No,China
MOBI_adm1_498,Asia,China,Shandong Province,CN,No,China
MOBI_adm1_499,Asia,China,Shanghai Municipality,CN,No,China
MOBI_adm1_500,Asia,China,Shanxi Province,CN,No,China
MOBI_adm1_501,Asia,China,Sichuan Province,CN,No,China
MOBI_adm1_502,Asia,China,Tianjin Municipality,CN,No,China
MOBI_adm1_503,Asia,China,Tibet Autonomous Region,CN,No,China
MOBI_adm1_504,Asia,China,Xinjiang Uyghur Autonomous Region,CN,No,China
MOBI_adm1_505,Asia,China,Yunnan Province,CN,No,China
MOBI_adm1_506,Asia,China,Zhejiang Province,CN,No,China
MOBI_adm1_507,Americas,Colombia,Amazonas,CO,No,Colombia
MOBI_adm1_508,Americas,Colombia,Antioquia,CO,No,Colombia
MOBI_adm1_509,Americas,Colombia,Arauca,CO,No,Colombia
MOBI_adm1_510,Americas,Colombia,"Archipiélago de San Andrés, Providencia y Santa Catalina",CO,No,Colombia
MOBI_adm1_511,Americas,Colombia,Atlántico,CO,No,Colombia
MOBI_adm1_512,Americas,Colombia,Bogota Capital District,CO,No,Colombia
MOBI_adm1_513,Americas,Colombia,Bolívar,CO,No,Colombia
MOBI_adm1_514,Americas,Colombia,Boyacá,CO,No,Colombia
MOBI_adm1_515,Americas,Colombia,Caldas,CO,No,Colombia
MOBI_adm1_516,Americas,Colombia,Caquetá,CO,No,Colombia
MOBI_adm1_517,Americas,Colombia,Casanare,CO,No,Colombia
MOBI_adm1_518,Americas,Colombia,Cauca,CO,No,Colombia
MOBI_adm1_519,Americas,Colombia,Cesar,CO,No,Colombia
MOBI_adm1_520,Americas,Colombia,Chocó,CO,No,Colombia
MOBI_adm1_521,Americas,Colombia,Córdoba,CO,No,Colombia
MOBI_adm1_522,Americas,Colombia,Cundinamarca,CO,No,Colombia
MOBI_adm1_523,Americas,Colombia,Guainía,CO,No,Colombia
MOBI_adm1_524,Americas,Colombia,Guaviare,CO,No,Colombia
MOBI_adm1_525,Americas,Colombia,Huila,CO,No,Colombia
MOBI_adm1_526,Americas,Colombia,La Guajira,CO,No,Colombia
MOBI_adm1_527,Americas,Colombia,Magdalena,CO,No,Colombia
MOBI_adm1_528,Americas,Colombia,Meta,CO,No,Colombia
MOBI_adm1_529,Americas,Colombia,Nariño,CO,No,Colombia
MOBI_adm1_530,Americas,Colombia,Norte de Santander,CO,No,Colombia
MOBI_adm1_531,Americas,Colombia,Putumayo,CO,No,Colombia
MOBI_adm1_532,Americas,Colombia,Quindío,CO,No,Colombia
MOBI_adm1_533,Americas,Colombia,Risaralda,CO,No,Colombia
MOBI_adm1_534,Americas,Colombia,Santander,CO,No,Colombia
MOBI_adm1_535,Americas,Colombia,Sucre,CO,No,Colombia
MOBI_adm1_536,Americas,Colombia,Tolima,CO,No,Colombia
MOBI_adm1_537,Americas,Colombia,Valle del Cauca,CO,No,Colombia
MOBI_adm1_538,Americas,Colombia,Vaupés,CO,No,Colombia
MOBI_adm1_539,Americas,Colombia,Vichada,CO,No,Colombia
MOBI_adm1_540,Americas,Costa Rica,Provincia Alajuela,CR,No,Costa Rica
MOBI_adm1_541,Americas,Costa Rica,Provincia Cartago,CR,No,Costa Rica
MOBI_adm1_542,Americas,Costa Rica,Provincia Guanacaste,CR,No,Costa Rica
MOBI_adm1_543,Americas,Costa Rica,Provincia Heredia,CR,No,Costa Rica
MOBI_adm1_544,Americas,Costa Rica,Provincia Limón,CR,No,Costa Rica
MOBI_adm1_545,Americas,Costa Rica,Provincia Puntarenas,CR,No,Costa Rica
MOBI_adm1_546,Americas,Costa Rica,Provincia San José,CR,No,Costa Rica
MOBI_adm1_547,Americas,Cuba,Artemisa,CU,No,Cuba
MOBI_adm1_548,Americas,Cuba,Camagüey,CU,No,Cuba
MOBI_adm1_549,Americas,Cuba,Ciego de Avila,CU,No,Cuba
MOBI_adm1_550,Americas,Cuba,Cienfuegos,CU,No,Cuba
MOBI_adm1_551,Americas,Cuba,Granma,CU,No,Cuba
MOBI_adm1_552,Americas,Cuba,Guantánamo,CU,No,Cuba
MOBI_adm1_553,Americas,Cuba,Havana,CU,No,Cuba
MOBI_adm1_554,Americas,Cuba,Holguín,CU,No,Cuba
MOBI_adm1_555,Americas,Cuba,Isle of Youth,CU,No,Cuba
MOBI_adm1_556,Americas,Cuba,Las Tunas,CU,No,Cuba
MOBI_adm1_557,Americas,Cuba,Matanzas,CU,No,Cuba
MOBI_adm1_558,Americas,Cuba,Mayabeque,CU,No,Cuba
MOBI_adm1_559,Americas,Cuba,Pinar del Rio,CU,No,Cuba
MOBI_adm1_560,Americas,Cuba,Sancti Spiritus,CU,No,Cuba
MOBI_adm1_561,Americas,Cuba,Santiago de Cuba,CU,No,Cuba
MOBI_adm1_562,Americas,Cuba,Villa Clara,CU,No,Cuba
MOBI_adm1_563,Africa,Cabo Verde,Boa Vista,CV,No,Cabo Verde
MOBI_adm1_564,Africa,Cabo Verde,Brava,CV,No,Cabo Verde
MOBI_adm1_565,Africa,Cabo Verde,Maio,CV,No,Cabo Verde
MOBI_adm1_566,Africa,Cabo Verde,Mosteiros,CV,No,Cabo Verde
MOBI_adm1_567,Africa,Cabo Verde,Paul,CV,No,Cabo Verde
MOBI_adm1_568,Africa,Cabo Verde,Porto Novo,CV,No,Cabo Verde
MOBI_adm1_569,Africa,Cabo Verde,Praia,CV,No,Cabo Verde
MOBI_adm1_570,Africa,Cabo Verde,Ribeira Brava,CV,No,Cabo Verde
MOBI_adm1_571,Africa,Cabo Verde,Ribeira Grande,CV,No,Cabo Verde
MOBI_adm1_572,Africa,Cabo Verde,Ribeira Grande de Santiago,CV,No,Cabo Verde
MOBI_adm1_573,Africa,Cabo Verde,Sal,CV,No,Cabo Verde
MOBI_adm1_574,Africa,Cabo Verde,Santa Catarina,CV,No,Cabo Verde
MOBI_adm1_575,Africa,Cabo Verde,Santa Catarina do Fogo,CV,No,Cabo Verde
MOBI_adm1_576,Africa,Cabo Verde,Santa Cruz,CV,No,Cabo Verde
MOBI_adm1_577,Africa,Cabo Verde,São Domingos,CV,No,Cabo Verde
MOBI_adm1_578,Africa,Cabo Verde,São Filipe,CV,No,Cabo Verde
MOBI_adm1_579,Africa,Cabo Verde,São Lourenço dos Órgãos,CV,No,Cabo Verde
MOBI_adm1_580,Africa,Cabo Verde,São Miguel,CV,No,Cabo Verde
MOBI_adm1_581,Africa,Cabo Verde,São Salvador do Mundo,CV,No,Cabo Verde
MOBI_adm1_582,Africa,Cabo Verde,São Vicente,CV,No,Cabo Verde
MOBI_adm1_583,Africa,Cabo Verde,Tarrafal,CV,No,Cabo Verde
MOBI_adm1_584,Africa,Cabo Verde,Tarrafal de São Nicolau,CV,No,Cabo Verde
MOBI_adm1_585,Asia,Cyprus,Famagusta,CY,No,Cyprus
MOBI_adm1_586,Asia,Cyprus,Kyrenia,CY,No,Cyprus
MOBI_adm1_587,Asia,Cyprus,Larnaca,CY,No,Cyprus
MOBI_adm1_588,Asia,Cyprus,Limassol,CY,No,Cyprus
MOBI_adm1_589,Asia,Cyprus,Nicosia,CY,No,Cyprus
MOBI_adm1_590,Asia,Cyprus,Paphos,CY,No,Cyprus
MOBI_adm1_591,Europe,Czechia,Hlavní město Praha,CZ,No,Czechia
MOBI_adm1_592,Europe,Czechia,Jihočeský kraj,CZ,No,Czechia
MOBI_adm1_593,Europe,Czechia,Jihomoravský kraj,CZ,No,Czechia
MOBI_adm1_594,Europe,Czechia,Karlovarský kraj,CZ,No,Czechia
MOBI_adm1_595,Europe,Czechia,Kraj Vysočina,CZ,No,Czechia
MOBI_adm1_596,Europe,Czechia,Královéhradecký kraj,CZ,No,Czechia
MOBI_adm1_597,Europe,Czechia,Liberecký kraj,CZ,No,Czechia
MOBI_adm1_598,Europe,Czechia,Moravskoslezský kraj,CZ,No,Czechia
MOBI_adm1_599,Europe,Czechia,Olomoucký kraj,CZ,No,Czechia
MOBI_adm1_600,Europe,Czechia,Pardubický kraj,CZ,No,Czechia
MOBI_adm1_601,Europe,Czechia,Plzeňský kraj,CZ,No,Czechia
MOBI_adm1_602,Europe,Czechia,Středočeský kraj,CZ,No,Czechia
MOBI_adm1_603,Europe,Czechia,Ústecký kraj,CZ,No,Czechia
MOBI_adm1_604,Europe,Czechia,Zlínský kraj,CZ,No,Czechia
MOBI_adm1_605,Europe,Germany,Baden-Württemberg,DE,No,Germany
MOBI_adm1_606,Europe,Germany,Bayern,DE,No,Germany
MOBI_adm1_607,Europe,Germany,Berlin,DE,No,Germany
MOBI_adm1_608,Europe,Germany,Hamburg,DE,No,Germany
MOBI_adm1_609,Europe,Germany,Hessen,DE,No,Germany
MOBI_adm1_610,Europe,Germany,Mecklenburg-Vorpommern,DE,No,Germany
MOBI_adm1_611,Europe,Germany,Niedersachsen,DE,No,Germany
MOBI_adm1_612,Europe,Germany,Nordrhein-Westfalen,DE,No,Germany
MOBI_adm1_613,Europe,Germany,Rheinland-Pfalz,DE,No,Germany
MOBI_adm1_614,Europe,Germany,Saarland,DE,No,Germany
MOBI_adm1_615,Europe,Germany,Sachsen,DE,No,Germany
MOBI_adm1_616,Europe,Germany,Sachsen-Anhalt,DE,No,Germany
MOBI_adm1_617,Europe,Germany,Schleswig-Holstein,DE,No,Germany
MOBI_adm1_618,Europe,Germany,Thüringen,DE,No,Germany
MOBI_adm1_619,Africa,Djibouti,Ali Sabieh,DJ,No,Djibouti
MOBI_adm1_620,Africa,Djibouti,Arta,DJ,No,Djibouti
MOBI_adm1_621,Africa,Djibouti,Dikhil,DJ,No,Djibouti
MOBI_adm1_622,Africa,Djibouti,Obock,DJ,No,Djibouti
MOBI_adm1_623,Africa,Djibouti,Tadjourah,DJ,No,Djibouti
MOBI_adm1_624,Europe,Denmark,Hovedstaden,DK,No,Denmark
MOBI_adm1_625,Europe,Denmark,Midtjylland,DK,No,Denmark
MOBI_adm1_626,Europe,Denmark,Nordjylland,DK,No,Denmark
MOBI_adm1_627,Europe,Denmark,Sjælland,DK,No,Denmark
MOBI_adm1_628,Europe,Denmark,Syddanmark,DK,No,Denmark
MOBI_adm1_629,Americas,Dominica,Saint Andrew,DM,No,Dominica
MOBI_adm1_630,Americas,Dominica,Saint David,DM,No,Dominica
MOBI_adm1_631,Americas,Dominica,Saint George,DM,No,Dominica
MOBI_adm1_632,Americas,Dominica,Saint John,DM,No,Dominica
MOBI_adm1_633,Americas,Dominica,Saint Joseph,DM,No,Dominica
MOBI_adm1_634,Americas,Dominica,Saint Luke,DM,No,Dominica
MOBI_adm1_635,Americas,Dominica,Saint Mark,DM,No,Dominica
MOBI_adm1_636,Americas,Dominica,Saint Patrick,DM,No,Dominica
MOBI_adm1_637,Americas,Dominica,Saint Paul,DM,No,Dominica
MOBI_adm1_638,Americas,Dominica,Saint Peter,DM,No,Dominica
MOBI_adm1_639,Americas,Dominican Republic (the),Azua,DO,No,Dominican Republic
MOBI_adm1_640,Americas,Dominican Republic (the),Bahoruco,DO,No,Dominican Republic
MOBI_adm1_641,Americas,Dominican Republic (the),Barahona,DO,No,Dominican Republic
MOBI_adm1_642,Americas,Dominican Republic (the),Dajabón,DO,No,Dominican Republic
MOBI_adm1_643,Americas,Dominican Republic (the),Duarte,DO,No,Dominican Republic
MOBI_adm1_644,Americas,Dominican Republic (the),El Seybo,DO,No,Dominican Republic
MOBI_adm1_645,Americas,Dominican Republic (the),Espaillat,DO,No,Dominican Republic
MOBI_adm1_646,Americas,Dominican Republic (the),Hato Mayor,DO,No,Dominican Republic
MOBI_adm1_647,Americas,Dominican Republic (the),Hermanas,DO,No,Dominican Republic
MOBI_adm1_648,Americas,Dominican Republic (the),Independencia,DO,No,Dominican Republic
MOBI_adm1_649,Americas,Dominican Republic (the),La Altagracia,DO,No,Dominican Republic
MOBI_adm1_650,Americas,Dominican Republic (the),La Estrelleta,DO,No,Dominican Republic
MOBI_adm1_651,Americas,Dominican Republic (the),La Romana,DO,No,Dominican Republic
MOBI_adm1_652,Americas,Dominican Republic (the),La Vega,DO,No,Dominican Republic
MOBI_adm1_653,Americas,Dominican Republic (the),María Trinidad Sánchez,DO,No,Dominican Republic
MOBI_adm1_654,Americas,Dominican Republic (the),Monseñor Nouel,DO,No,Dominican Republic
MOBI_adm1_655,Americas,Dominican Republic (the),Monte Cristi,DO,No,Dominican Republic
MOBI_adm1_656,Americas,Dominican Republic (the),Monte Plata,DO,No,Dominican Republic
MOBI_adm1_657,Americas,Dominican Republic (the),Pedernales,DO,No,Dominican Republic
MOBI_adm1_658,Americas,Dominican Republic (the),Peravia,DO,No,Dominican Republic
MOBI_adm1_659,Americas,Dominican Republic (the),Puerto Plata,DO,No,Dominican Republic
MOBI_adm1_660,Americas,Dominican Republic (the),Samaná,DO,No,Dominican Republic
MOBI_adm1_661,Americas,Dominican Republic (the),San Cristóbal,DO,No,Dominican Republic
MOBI_adm1_662,Americas,Dominican Republic (the),San José de Ocoa,DO,No,Dominican Republic
MOBI_adm1_663,Americas,Dominican Republic (the),San Juan,DO,No,Dominican Republic
MOBI_adm1_664,Americas,Dominican Republic (the),San Pedro de Macorís,DO,No,Dominican Republic
MOBI_adm1_665,Americas,Dominican Republic (the),Sánchez Ramírez,DO,No,Dominican Republic
MOBI_adm1_666,Americas,Dominican Republic (the),Santiago,DO,No,Dominican Republic
MOBI_adm1_667,Americas,Dominican Republic (the),Santiago Rodríguez,DO,No,Dominican Republic
MOBI_adm1_668,Americas,Dominican Republic (the),Santo Domingo,DO,No,Dominican Republic
MOBI_adm1_669,Americas,Dominican Republic (the),Valverde,DO,No,Dominican Republic
MOBI_adm1_670,Africa,Algeria,Adrar,DZ,No,Algeria
MOBI_adm1_671,Africa,Algeria,Aïn Defla,DZ,No,Algeria
MOBI_adm1_672,Africa,Algeria,Aïn Témouchent,DZ,No,Algeria
MOBI_adm1_673,Africa,Algeria,Algiers,DZ,No,Algeria
MOBI_adm1_674,Africa,Algeria,Annaba,DZ,No,Algeria
MOBI_adm1_675,Africa,Algeria,Batna,DZ,No,Algeria
MOBI_adm1_676,Africa,Algeria,Béchar,DZ,No,Algeria
MOBI_adm1_677,Africa,Algeria,Bejaia,DZ,No,Algeria
MOBI_adm1_678,Africa,Algeria,Biskra,DZ,No,Algeria
MOBI_adm1_679,Africa,Algeria,Blida,DZ,No,Algeria
MOBI_adm1_680,Africa,Algeria,Bordj Bou Arreridj‎,DZ,No,Algeria
MOBI_adm1_681,Africa,Algeria,Bouira,DZ,No,Algeria
MOBI_adm1_682,Africa,Algeria,Boumerdès,DZ,No,Algeria
MOBI_adm1_683,Africa,Algeria,Chlef,DZ,No,Algeria
MOBI_adm1_684,Africa,Algeria,Constantine,DZ,No,Algeria
MOBI_adm1_685,Africa,Algeria,Djelfa,DZ,No,Algeria
MOBI_adm1_686,Africa,Algeria,El Bayadh,DZ,No,Algeria
MOBI_adm1_687,Africa,Algeria,El Oued,DZ,No,Algeria
MOBI_adm1_688,Africa,Algeria,El Tarf,DZ,No,Algeria
MOBI_adm1_689,Africa,Algeria,Ghardaia,DZ,No,Algeria
MOBI_adm1_690,Africa,Algeria,Guelma,DZ,No,Algeria
MOBI_adm1_691,Africa,Algeria,Illizi,DZ,No,Algeria
MOBI_adm1_692,Africa,Algeria,Jijel,DZ,No,Algeria
MOBI_adm1_693,Africa,Algeria,Khenchela,DZ,No,Algeria
MOBI_adm1_694,Africa,Algeria,Laghouat,DZ,No,Algeria
MOBI_adm1_695,Africa,Algeria,Mascara,DZ,No,Algeria
MOBI_adm1_696,Africa,Algeria,Médéa,DZ,No,Algeria
MOBI_adm1_697,Africa,Algeria,Mila,DZ,No,Algeria
MOBI_adm1_698,Africa,Algeria,Mostaganem,DZ,No,Algeria
MOBI_adm1_699,Africa,Algeria,M'Sila,DZ,No,Algeria
MOBI_adm1_700,Africa,Algeria,Naâma,DZ,No,Algeria
MOBI_adm1_701,Africa,Algeria,Oran,DZ,No,Algeria
MOBI_adm1_702,Africa,Algeria,Ouargla,DZ,No,Algeria
MOBI_adm1_703,Africa,Algeria,Oum El Bouaghi,DZ,No,Algeria
MOBI_adm1_704,Africa,Algeria,Relizane,DZ,No,Algeria
MOBI_adm1_705,Africa,Algeria,Saïda,DZ,No,Algeria
MOBI_adm1_706,Africa,Algeria,Sétif,DZ,No,Algeria
MOBI_adm1_707,Africa,Algeria,Sidi Bel Abbès,DZ,No,Algeria
MOBI_adm1_708,Africa,Algeria,Skikda,DZ,No,Algeria
MOBI_adm1_709,Africa,Algeria,Souk Ahras,DZ,No,Algeria
MOBI_adm1_710,Africa,Algeria,Tamanrasset,DZ,No,Algeria
MOBI_adm1_711,Africa,Algeria,Tébessa,DZ,No,Algeria
MOBI_adm1_712,Africa,Algeria,Tiaret,DZ,No,Algeria
MOBI_adm1_713,Africa,Algeria,Tindouf,DZ,No,Algeria
MOBI_adm1_714,Africa,Algeria,Tissemsilt,DZ,No,Algeria
MOBI_adm1_715,Africa,Algeria,Tizi Ouzou,DZ,No,Algeria
MOBI_adm1_716,Africa,Algeria,Tlemcen,DZ,No,Algeria
MOBI_adm1_717,Americas,Ecuador,Azuay,EC,No,Ecuador
MOBI_adm1_718,Americas,Ecuador,Bolívar,EC,No,Ecuador
MOBI_adm1_719,Americas,Ecuador,Cañar,EC,No,Ecuador
MOBI_adm1_720,Americas,Ecuador,Carchi,EC,No,Ecuador
MOBI_adm1_721,Americas,Ecuador,Chimborazo,EC,No,Ecuador
MOBI_adm1_722,Americas,Ecuador,Cotopaxi,EC,No,Ecuador
MOBI_adm1_723,Americas,Ecuador,El Oro,EC,No,Ecuador
MOBI_adm1_724,Americas,Ecuador,Esmeraldas,EC,No,Ecuador
MOBI_adm1_725,Americas,Ecuador,Guayas,EC,No,Ecuador
MOBI_adm1_726,Americas,Ecuador,Imbabura,EC,No,Ecuador
MOBI_adm1_727,Americas,Ecuador,Loja,EC,No,Ecuador
MOBI_adm1_728,Americas,Ecuador,Los Ríos,EC,No,Ecuador
MOBI_adm1_729,Americas,Ecuador,Manabi,EC,No,Ecuador
MOBI_adm1_730,Americas,Ecuador,Morona Santiago,EC,No,Ecuador
MOBI_adm1_731,Americas,Ecuador,Napo,EC,No,Ecuador
MOBI_adm1_732,Americas,Ecuador,Orellana,EC,No,Ecuador
MOBI_adm1_733,Americas,Ecuador,Pastaza,EC,No,Ecuador
MOBI_adm1_734,Americas,Ecuador,Pichincha,EC,No,Ecuador
MOBI_adm1_735,Americas,Ecuador,Santa Elena,EC,No,Ecuador
MOBI_adm1_736,Americas,Ecuador,Santo Domingo de los Tsáchilas,EC,No,Ecuador
MOBI_adm1_737,Americas,Ecuador,Sucumbios,EC,No,Ecuador
MOBI_adm1_738,Americas,Ecuador,Tungurahua,EC,No,Ecuador
MOBI_adm1_739,Americas,Ecuador,Zamora Chinchipe,EC,No,Ecuador
MOBI_adm1_740,Europe,Estonia,Harju maakond,EE,No,Estonia
MOBI_adm1_741,Europe,Estonia,Hiiu maakond,EE,No,Estonia
MOBI_adm1_742,Europe,Estonia,Ida-Viru maakond,EE,No,Estonia
MOBI_adm1_743,Europe,Estonia,Järva maakond,EE,No,Estonia
MOBI_adm1_744,Europe,Estonia,Jõgeva maakond,EE,No,Estonia
MOBI_adm1_745,Europe,Estonia,Lääne maakond,EE,No,Estonia
MOBI_adm1_746,Europe,Estonia,Lääne-Viru maakond,EE,No,Estonia
MOBI_adm1_747,Europe,Estonia,Pärnu maakond,EE,No,Estonia
MOBI_adm1_748,Europe,Estonia,Põlva maakond,EE,No,Estonia
MOBI_adm1_749,Europe,Estonia,Rapla maakond,EE,No,Estonia
MOBI_adm1_750,Europe,Estonia,Saare maakond,EE,No,Estonia
MOBI_adm1_751,Europe,Estonia,Tartu maakond,EE,No,Estonia
MOBI_adm1_752,Europe,Estonia,Valga maakond,EE,No,Estonia
MOBI_adm1_753,Europe,Estonia,Viljandi maakond,EE,No,Estonia
MOBI_adm1_754,Europe,Estonia,Võru maakond,EE,No,Estonia
MOBI_adm1_755,Africa,Egypt,Al Sharqia Governorate,EG,No,Egypt
MOBI_adm1_756,Africa,Egypt,Alexandria Governorate,EG,No,Egypt
MOBI_adm1_757,Africa,Egypt,Aswan Governorate,EG,No,Egypt
MOBI_adm1_758,Africa,Egypt,Asyut Governorate,EG,No,Egypt
MOBI_adm1_759,Africa,Egypt,Beheira Governorate,EG,No,Egypt
MOBI_adm1_760,Africa,Egypt,Beni Suef Governorate,EG,No,Egypt
MOBI_adm1_761,Africa,Egypt,Cairo Governorate,EG,No,Egypt
MOBI_adm1_762,Africa,Egypt,Dakahlia Governorate,EG,No,Egypt
MOBI_adm1_763,Africa,Egypt,Damietta Governorate,EG,No,Egypt
MOBI_adm1_764,Africa,Egypt,Faiyum Governorate,EG,No,Egypt
MOBI_adm1_765,Africa,Egypt,Gharbiyya Governorate,EG,No,Egypt
MOBI_adm1_766,Africa,Egypt,Giza Governorate,EG,No,Egypt
MOBI_adm1_767,Africa,Egypt,Ismailia Governorate,EG,No,Egypt
MOBI_adm1_768,Africa,Egypt,Kafr el-Sheikh Governorate,EG,No,Egypt
MOBI_adm1_769,Africa,Egypt,Luxor Governate,EG,No,Egypt
MOBI_adm1_770,Africa,Egypt,Matrouh Governorate,EG,No,Egypt
MOBI_adm1_771,Africa,Egypt,Minya Governate,EG,No,Egypt
MOBI_adm1_772,Africa,Egypt,Monufia Governorate,EG,No,Egypt
MOBI_adm1_773,Africa,Egypt,New Valley Governorate,EG,No,Egypt
MOBI_adm1_774,Africa,Egypt,North Sinai Governorate,EG,No,Egypt
MOBI_adm1_775,Africa,Egypt,Port Said Governorate,EG,No,Egypt
MOBI_adm1_776,Africa,Egypt,Qalyubia Governorate,EG,No,Egypt
MOBI_adm1_777,Africa,Egypt,Qena Governorate,EG,No,Egypt
MOBI_adm1_778,Africa,Egypt,Red Sea Governorate,EG,No,Egypt
MOBI_adm1_779,Africa,Egypt,Sohag Governorate,EG,No,Egypt
MOBI_adm1_780,Africa,Egypt,South Sinai Governorate,EG,No,Egypt
MOBI_adm1_781,Africa,Egypt,Suez Governorate,EG,No,Egypt
MOBI_adm1_782,Africa,Western Sahara,Western Sahara,EH,No,Western Sahara
MOBI_adm1_783,Africa,Eritrea,Anseba Region,ER,No,Eritrea
MOBI_adm1_784,Africa,Eritrea,Debub Region,ER,No,Eritrea
MOBI_adm1_785,Africa,Eritrea,Gash-Barka Region,ER,No,Eritrea
MOBI_adm1_786,Africa,Eritrea,Maekel Region,ER,No,Eritrea
MOBI_adm1_787,Africa,Eritrea,Northen Red Sea Region,ER,No,Eritrea
MOBI_adm1_788,Africa,Eritrea,Southern Red Sea Region,ER,No,Eritrea
MOBI_adm1_789,Europe,Spain,Andalucía,ES,No,Spain
MOBI_adm1_790,Europe,Spain,Aragón,ES,No,Spain
MOBI_adm1_791,Europe,Spain,Cantabria,ES,No,Spain
MOBI_adm1_792,Europe,Spain,Castilla y León,ES,No,Spain
MOBI_adm1_793,Europe,Spain,Castilla-La Mancha,ES,No,Spain
MOBI_adm1_794,Europe,Spain,Cataluña/Catalunya,ES,No,Spain
MOBI_adm1_795,Europe,Spain,Ciudad Autónoma de Ceuta,ES,No,Spain
MOBI_adm1_796,Europe,Spain,Ciudad Autónoma de Melilla,ES,No,Spain
MOBI_adm1_797,Europe,Spain,Comunidad de Madrid,ES,No,Spain
MOBI_adm1_798,Europe,Spain,Comunidad Foral de Navarra,ES,No,Spain
MOBI_adm1_799,Europe,Spain,Comunitat Valenciana,ES,No,Spain
MOBI_adm1_800,Europe,Spain,Extremadura,ES,No,Spain
MOBI_adm1_801,Europe,Spain,Galicia,ES,No,Spain
MOBI_adm1_802,Europe,Spain,Illes Balears,ES,No,Spain
MOBI_adm1_803,Europe,Spain,La Rioja,ES,No,Spain
MOBI_adm1_804,Europe,Spain,País Vasco/Euskadi,ES,No,Spain
MOBI_adm1_805,Europe,Spain,Principado de Asturias,ES,No,Spain
MOBI_adm1_806,Europe,Spain,Región de Murcia,ES,No,Spain
MOBI_adm1_807,Africa,Ethiopia,Addis Ababa,ET,No,Ethiopia
MOBI_adm1_808,Africa,Ethiopia,Afar,ET,No,Ethiopia
MOBI_adm1_809,Africa,Ethiopia,Amhara,ET,No,Ethiopia
MOBI_adm1_810,Africa,Ethiopia,Beneshangul Gumu,ET,No,Ethiopia
MOBI_adm1_811,Africa,Ethiopia,Dire Dawa,ET,No,Ethiopia
MOBI_adm1_812,Africa,Ethiopia,Gambela,ET,No,Ethiopia
MOBI_adm1_813,Africa,Ethiopia,Hareri,ET,No,Ethiopia
MOBI_adm1_814,Africa,Ethiopia,Oromia,ET,No,Ethiopia
MOBI_adm1_815,Africa,Ethiopia,SNNPR,ET,No,Ethiopia
MOBI_adm1_816,Africa,Ethiopia,Somali,ET,No,Ethiopia
MOBI_adm1_817,Africa,Ethiopia,Tigray,ET,No,Ethiopia
MOBI_adm1_818,Europe,Finland,Åland Islands,FI,No,Finland
MOBI_adm1_819,Europe,Finland,Central Finland,FI,No,Finland
MOBI_adm1_820,Europe,Finland,Finland Proper,FI,No,Finland
MOBI_adm1_821,Europe,Finland,Kainuu,FI,No,Finland
MOBI_adm1_822,Europe,Finland,Keski-Pohjanmaa,FI,No,Finland
MOBI_adm1_823,Europe,Finland,Kymenlaakso,FI,No,Finland
MOBI_adm1_824,Europe,Finland,Lapland,FI,No,Finland
MOBI_adm1_825,Europe,Finland,North Karelia,FI,No,Finland
MOBI_adm1_826,Europe,Finland,Northern Ostrobothnia,FI,No,Finland
MOBI_adm1_827,Europe,Finland,Northern Savonia,FI,No,Finland
MOBI_adm1_828,Europe,Finland,Ostrobothnia,FI,No,Finland
MOBI_adm1_829,Europe,Finland,Päijät-Häme,FI,No,Finland
MOBI_adm1_830,Europe,Finland,Pirkanmaa,FI,No,Finland
MOBI_adm1_831,Europe,Finland,Satakunta,FI,No,Finland
MOBI_adm1_832,Europe,Finland,South Karelia,FI,No,Finland
MOBI_adm1_833,Europe,Finland,South Ostrobothnia,FI,No,Finland
MOBI_adm1_834,Europe,Finland,Southern Savonia,FI,No,Finland
MOBI_adm1_835,Europe,Finland,Tavastia Proper,FI,No,Finland
MOBI_adm1_836,Europe,Finland,Uusimaa,FI,No,Finland
MOBI_adm1_837,Oceania,Fiji,Central,FJ,No,Fiji
MOBI_adm1_838,Oceania,Fiji,Northern,FJ,No,Fiji
MOBI_adm1_839,Oceania,Fiji,Western,FJ,No,Fiji
MOBI_adm1_840,Oceania,Micronesia (Federated States of),Chuuk,FM,No,"Micronesia, Fed States of"
MOBI_adm1_841,Oceania,Micronesia (Federated States of),Kosrae,FM,No,"Micronesia, Fed States of"
MOBI_adm1_842,Oceania,Micronesia (Federated States of),Pohnpei,FM,No,"Micronesia, Fed States of"
MOBI_adm1_843,Oceania,Micronesia (Federated States of),Yap,FM,No,"Micronesia, Fed States of"
MOBI_adm1_844,Europe,France,Auvergne-Rhône-Alpes,FR,No,France
MOBI_adm1_845,Europe,France,Bourgogne-Franche-Comté,FR,No,France
MOBI_adm1_846,Europe,France,Bretagne,FR,No,France
MOBI_adm1_847,Europe,France,Centre-Val de Loire,FR,No,France
MOBI_adm1_848,Europe,France,Corse,FR,No,France
MOBI_adm1_849,Europe,France,Grand Est,FR,No,France
MOBI_adm1_850,Europe,France,Hauts-de-France,FR,No,France
MOBI_adm1_851,Europe,France,Île-de-France,FR,No,France
MOBI_adm1_852,Europe,France,Normandie,FR,No,France
MOBI_adm1_853,Europe,France,Nouvelle-Aquitaine,FR,No,France
MOBI_adm1_854,Europe,France,Occitanie,FR,No,France
MOBI_adm1_855,Europe,France,Pays de la Loire,FR,No,France
MOBI_adm1_856,Europe,France,Provence-Alpes-Côte d'Azur,FR,No,France
MOBI_adm1_857,Africa,Gabon,Estuaire,GA,No,Gabon
MOBI_adm1_858,Africa,Gabon,Haut-Ogooué,GA,No,Gabon
MOBI_adm1_859,Africa,Gabon,Moyen-Ogooué,GA,No,Gabon
MOBI_adm1_860,Africa,Gabon,Ngounié,GA,No,Gabon
MOBI_adm1_861,Africa,Gabon,Nyanga,GA,No,Gabon
MOBI_adm1_862,Africa,Gabon,Ogooué-Ivindo,GA,No,Gabon
MOBI_adm1_863,Africa,Gabon,Ogooué-Lolo,GA,No,Gabon
MOBI_adm1_864,Africa,Gabon,Ogooué-Maritime,GA,No,Gabon
MOBI_adm1_865,Africa,Gabon,Woleu-Ntem,GA,No,Gabon
MOBI_adm1_866,Europe,United Kingdom,England,GB,No,United Kingdom
MOBI_adm1_867,Europe,United Kingdom,Northern Ireland,GB,No,United Kingdom
MOBI_adm1_868,Europe,United Kingdom,Scotland,GB,No,United Kingdom
MOBI_adm1_869,Europe,United Kingdom,Wales,GB,No,United Kingdom
MOBI_adm1_870,Americas,Grenada,Saint Andrew,GD,No,Grenada
MOBI_adm1_871,Americas,Grenada,Saint David,GD,No,Grenada
MOBI_adm1_872,Americas,Grenada,Saint George,GD,No,Grenada
MOBI_adm1_873,Americas,Grenada,Saint John,GD,No,Grenada
MOBI_adm1_874,Americas,Grenada,Saint Mark,GD,No,Grenada
MOBI_adm1_875,Americas,Grenada,Saint Patrick,GD,No,Grenada
MOBI_adm1_876,Americas,Grenada,Southern Grenadine Islands,GD,No,Grenada
MOBI_adm1_877,Asia,Georgia,Abkhazia,GE,No,Georgia
MOBI_adm1_878,Asia,Georgia,Adjara,GE,No,Georgia
MOBI_adm1_879,Asia,Georgia,Guria,GE,No,Georgia
MOBI_adm1_880,Asia,Georgia,Imereti,GE,No,Georgia
MOBI_adm1_881,Asia,Georgia,Kakheti,GE,No,Georgia
MOBI_adm1_882,Asia,Georgia,Kvemo Kartli,GE,No,Georgia
MOBI_adm1_883,Asia,Georgia,Mtskheta-Mtianeti,GE,No,Georgia
MOBI_adm1_884,Asia,Georgia,Racha-Lechkhumi and Kvemo Svaneti,GE,No,Georgia
MOBI_adm1_885,Asia,Georgia,Samegrelo-Zemo Svaneti,GE,No,Georgia
MOBI_adm1_886,Asia,Georgia,Samtskhe–Javakheti,GE,No,Georgia
MOBI_adm1_887,Asia,Georgia,Shida Kartli,GE,No,Georgia
MOBI_adm1_888,Asia,Georgia,Tbilisi,GE,No,Georgia
MOBI_adm1_889,Africa,Ghana,Ahafo Region,GH,No,Ghana
MOBI_adm1_890,Africa,Ghana,Ashanti Region,GH,No,Ghana
MOBI_adm1_891,Africa,Ghana,Bono East Region,GH,No,Ghana
MOBI_adm1_892,Africa,Ghana,Bono Region,GH,No,Ghana
MOBI_adm1_893,Africa,Ghana,Central Region,GH,No,Ghana
MOBI_adm1_894,Africa,Ghana,Eastern Region,GH,No,Ghana
MOBI_adm1_895,Africa,Ghana,Greater Accra Region,GH,No,Ghana
MOBI_adm1_896,Africa,Ghana,North East Region,GH,No,Ghana
MOBI_adm1_897,Africa,Ghana,Northern Region,GH,No,Ghana
MOBI_adm1_898,Africa,Ghana,Oti Region,GH,No,Ghana
MOBI_adm1_899,Africa,Ghana,Savannah Region,GH,No,Ghana
MOBI_adm1_900,Africa,Ghana,Upper East Region,GH,No,Ghana
MOBI_adm1_901,Africa,Ghana,Upper West Region,GH,No,Ghana
MOBI_adm1_902,Africa,Ghana,Volta Region,GH,No,Ghana
MOBI_adm1_903,Africa,Ghana,Western North Region,GH,No,Ghana
MOBI_adm1_904,Africa,Ghana,Western Region,GH,No,Ghana
MOBI_adm1_905,Americas,Greenland,Avannaata,GL,No,Greenland
MOBI_adm1_906,Americas,Greenland,Kujalleq,GL,No,Greenland
MOBI_adm1_907,Americas,Greenland,Northeast Greenland National Park,GL,No,Greenland
MOBI_adm1_908,Americas,Greenland,Qeqertalik,GL,No,Greenland
MOBI_adm1_909,Americas,Greenland,Qeqqata,GL,No,Greenland
MOBI_adm1_910,Americas,Greenland,Sermersooq,GL,No,Greenland
MOBI_adm1_911,Africa,Gambia (the),Banjul,GM,No,"Gambia, The"
MOBI_adm1_912,Africa,Gambia (the),Basse,GM,No,"Gambia, The"
MOBI_adm1_913,Africa,Gambia (the),Brikama,GM,No,"Gambia, The"
MOBI_adm1_914,Africa,Gambia (the),Janjanbureh,GM,No,"Gambia, The"
MOBI_adm1_915,Africa,Gambia (the),Kanifing,GM,No,"Gambia, The"
MOBI_adm1_916,Africa,Gambia (the),Kerewan,GM,No,"Gambia, The"
MOBI_adm1_917,Africa,Gambia (the),Kuntaur,GM,No,"Gambia, The"
MOBI_adm1_918,Africa,Gambia (the),Mansakonko,GM,No,"Gambia, The"
MOBI_adm1_919,Africa,Guinea,Boke,GN,No,Guinea
MOBI_adm1_920,Africa,Guinea,Conakry,GN,No,Guinea
MOBI_adm1_921,Africa,Guinea,Faranah,GN,No,Guinea
MOBI_adm1_922,Africa,Guinea,Kankan,GN,No,Guinea
MOBI_adm1_923,Africa,Guinea,Kindia,GN,No,Guinea
MOBI_adm1_924,Africa,Guinea,Labe,GN,No,Guinea
MOBI_adm1_925,Africa,Guinea,Mamou,GN,No,Guinea
MOBI_adm1_926,Africa,Guinea,Nzerekore,GN,No,Guinea
MOBI_adm1_927,Africa,Equatorial Guinea,Annobón,GQ,No,Equatorial Guinea
MOBI_adm1_928,Africa,Equatorial Guinea,Bioko Norte,GQ,No,Equatorial Guinea
MOBI_adm1_929,Africa,Equatorial Guinea,Bioko Sur,GQ,No,Equatorial Guinea
MOBI_adm1_930,Africa,Equatorial Guinea,Centro Sur Province,GQ,No,Equatorial Guinea
MOBI_adm1_931,Africa,Equatorial Guinea,Kié-Ntem Province,GQ,No,Equatorial Guinea
MOBI_adm1_932,Africa,Equatorial Guinea,Litoral Province,GQ,No,Equatorial Guinea
MOBI_adm1_933,Africa,Equatorial Guinea,Wele-Nzas Province,GQ,No,Equatorial Guinea
MOBI_adm1_934,Europe,Greece,Agion Oros,GR,No,Greece
MOBI_adm1_935,Europe,Greece,Crete,GR,No,Greece
MOBI_adm1_936,Europe,Greece,Epirus-Western Macedonia,GR,No,Greece
MOBI_adm1_937,Europe,Greece,Macedonia-Thrace,GR,No,Greece
MOBI_adm1_938,Europe,Greece,Peloponisos-W. Greece & Ionian,GR,No,Greece
MOBI_adm1_939,Europe,Greece,Thessalia-Central Greece,GR,No,Greece
MOBI_adm1_940,Americas,Guatemala,Alta Verapaz,GT,No,Guatemala
MOBI_adm1_941,Americas,Guatemala,Baja Verapaz,GT,No,Guatemala
MOBI_adm1_942,Americas,Guatemala,Chimaltenango,GT,No,Guatemala
MOBI_adm1_943,Americas,Guatemala,Chiquimula,GT,No,Guatemala
MOBI_adm1_944,Americas,Guatemala,El Progreso,GT,No,Guatemala
MOBI_adm1_945,Americas,Guatemala,Escuintla,GT,No,Guatemala
MOBI_adm1_946,Americas,Guatemala,Guatemala,GT,No,Guatemala
MOBI_adm1_947,Americas,Guatemala,Huehuetenango,GT,No,Guatemala
MOBI_adm1_948,Americas,Guatemala,Izabal,GT,No,Guatemala
MOBI_adm1_949,Americas,Guatemala,Jalapa,GT,No,Guatemala
MOBI_adm1_950,Americas,Guatemala,Jutiapa,GT,No,Guatemala
MOBI_adm1_951,Americas,Guatemala,Petén,GT,No,Guatemala
MOBI_adm1_952,Americas,Guatemala,Quetzaltenango,GT,No,Guatemala
MOBI_adm1_953,Americas,Guatemala,Quiché,GT,No,Guatemala
MOBI_adm1_954,Americas,Guatemala,Retalhuleu,GT,No,Guatemala
MOBI_adm1_955,Americas,Guatemala,Sacatepéquez,GT,No,Guatemala
MOBI_adm1_956,Americas,Guatemala,San Marcos,GT,No,Guatemala
MOBI_adm1_957,Americas,Guatemala,Santa Rosa,GT,No,Guatemala
MOBI_adm1_958,Americas,Guatemala,Sololá,GT,No,Guatemala
MOBI_adm1_959,Americas,Guatemala,Suchitepéquez,GT,No,Guatemala
MOBI_adm1_960,Americas,Guatemala,Totonicapán,GT,No,Guatemala
MOBI_adm1_961,Americas,Guatemala,Zacapa,GT,No,Guatemala
MOBI_adm1_962,Africa,Guinea-Bissau,Bafatá,GW,No,Guinea-Bissau
MOBI_adm1_963,Africa,Guinea-Bissau,Biombo,GW,No,Guinea-Bissau
MOBI_adm1_964,Africa,Guinea-Bissau,Bissau,GW,No,Guinea-Bissau
MOBI_adm1_965,Africa,Guinea-Bissau,Bolama,GW,No,Guinea-Bissau
MOBI_adm1_966,Africa,Guinea-Bissau,Cacheu,GW,No,Guinea-Bissau
MOBI_adm1_967,Africa,Guinea-Bissau,Gabu,GW,No,Guinea-Bissau
MOBI_adm1_968,Africa,Guinea-Bissau,Oio,GW,No,Guinea-Bissau
MOBI_adm1_969,Africa,Guinea-Bissau,Quinara,GW,No,Guinea-Bissau
MOBI_adm1_970,Africa,Guinea-Bissau,Tombali,GW,No,Guinea-Bissau
MOBI_adm1_971,Americas,Guyana,Barina-Waini,GY,No,Guyana
MOBI_adm1_972,Americas,Guyana,Cuyuni-Mazaruni,GY,No,Guyana
MOBI_adm1_973,Americas,Guyana,Demerara-Mahaica,GY,No,Guyana
MOBI_adm1_974,Americas,Guyana,East Berbice-Corentyne,GY,No,Guyana
MOBI_adm1_975,Americas,Guyana,Essequibo Islands-West Demerara,GY,No,Guyana
MOBI_adm1_976,Americas,Guyana,Mahaica-Berbice,GY,No,Guyana
MOBI_adm1_977,Americas,Guyana,Pomeroon-Supenaam,GY,No,Guyana
MOBI_adm1_978,Americas,Guyana,Potaro-Siparuni,GY,No,Guyana
MOBI_adm1_979,Americas,Guyana,Upper Demerara-Berbice,GY,No,Guyana
MOBI_adm1_980,Americas,Guyana,Upper Takutu-Upper Essequibo,GY,No,Guyana
MOBI_adm1_981,Americas,Honduras,Atlántida,HN,No,Honduras
MOBI_adm1_982,Americas,Honduras,Bay Islands,HN,No,Honduras
MOBI_adm1_983,Americas,Honduras,Choluteca,HN,No,Honduras
MOBI_adm1_984,Americas,Honduras,Colón,HN,No,Honduras
MOBI_adm1_985,Americas,Honduras,Comayagua,HN,No,Honduras
MOBI_adm1_986,Americas,Honduras,Copán,HN,No,Honduras
MOBI_adm1_987,Americas,Honduras,Cortés,HN,No,Honduras
MOBI_adm1_988,Americas,Honduras,El Paraíso,HN,No,Honduras
MOBI_adm1_989,Americas,Honduras,Francisco Morazán,HN,No,Honduras
MOBI_adm1_990,Americas,Honduras,Gracias a Dios,HN,No,Honduras
MOBI_adm1_991,Americas,Honduras,Intibucá,HN,No,Honduras
MOBI_adm1_992,Americas,Honduras,La Paz,HN,No,Honduras
MOBI_adm1_993,Americas,Honduras,Lempira,HN,No,Honduras
MOBI_adm1_994,Americas,Honduras,Ocotepeque,HN,No,Honduras
MOBI_adm1_995,Americas,Honduras,Olancho,HN,No,Honduras
MOBI_adm1_996,Americas,Honduras,Santa Bárbara,HN,No,Honduras
MOBI_adm1_997,Americas,Honduras,Valle,HN,No,Honduras
MOBI_adm1_998,Americas,Honduras,Yoro,HN,No,Honduras
MOBI_adm1_999,Europe,Croatia,Bjelovar-Bilogora,HR,No,Croatia
MOBI_adm1_1000,Europe,Croatia,Brod-Posavina,HR,No,Croatia
MOBI_adm1_1001,Europe,Croatia,City of Zagreb,HR,No,Croatia
MOBI_adm1_1002,Europe,Croatia,Dubrovnik-Neretva,HR,No,Croatia
MOBI_adm1_1003,Europe,Croatia,Istria,HR,No,Croatia
MOBI_adm1_1004,Europe,Croatia,Karlovac,HR,No,Croatia
MOBI_adm1_1005,Europe,Croatia,Koprivnica-Križevci,HR,No,Croatia
MOBI_adm1_1006,Europe,Croatia,Krapina-Zagorje,HR,No,Croatia
MOBI_adm1_1007,Europe,Croatia,Lika-Senj,HR,No,Croatia
MOBI_adm1_1008,Europe,Croatia,Međimurje,HR,No,Croatia
MOBI_adm1_1009,Europe,Croatia,Osijek-Baranja,HR,No,Croatia
MOBI_adm1_1010,Europe,Croatia,Požega-Slavonia,HR,No,Croatia
MOBI_adm1_1011,Europe,Croatia,Primorje-Gorski Kotar,HR,No,Croatia
MOBI_adm1_1012,Europe,Croatia,Šibenik-Knin,HR,No,Croatia
MOBI_adm1_1013,Europe,Croatia,Sisak-Moslavina,HR,No,Croatia
MOBI_adm1_1014,Europe,Croatia,Split-Dalmatia,HR,No,Croatia
MOBI_adm1_1015,Europe,Croatia,Varaždin,HR,No,Croatia
MOBI_adm1_1016,Europe,Croatia,Virovitica-Podravina,HR,No,Croatia
MOBI_adm1_1017,Europe,Croatia,Vukovar-Syrmia,HR,No,Croatia
MOBI_adm1_1018,Europe,Croatia,Zadar County,HR,No,Croatia
MOBI_adm1_1019,Europe,Croatia,Zagreb County,HR,No,Croatia
MOBI_adm1_1020,Europe,Croatia,Sisak-Moslavina,HR,No,Croatia
MOBI_adm1_1021,Americas,Haiti,Artibonite Department,HT,No,Haiti
MOBI_adm1_1022,Americas,Haiti,Centre Department,HT,No,Haiti
MOBI_adm1_1023,Americas,Haiti,Département de la Grande-Anse,HT,No,Haiti
MOBI_adm1_1024,Americas,Haiti,Département de l'Ouest,HT,No,Haiti
MOBI_adm1_1025,Americas,Haiti,Département des Nippes,HT,No,Haiti
MOBI_adm1_1026,Americas,Haiti,Département du Nord,HT,No,Haiti
MOBI_adm1_1027,Americas,Haiti,Département du Sud-Est,HT,No,Haiti
MOBI_adm1_1028,Americas,Haiti,Nord-Est Department,HT,No,Haiti
MOBI_adm1_1029,Americas,Haiti,Nord-Ouest Department,HT,No,Haiti
MOBI_adm1_1030,Americas,Haiti,Sud Department,HT,No,Haiti
MOBI_adm1_1031,Europe,Hungary,Bács-Kiskun,HU,No,Hungary
MOBI_adm1_1032,Europe,Hungary,Baranya,HU,No,Hungary
MOBI_adm1_1033,Europe,Hungary,Békés,HU,No,Hungary
MOBI_adm1_1034,Europe,Hungary,Borsod-Abaúj-Zemplén,HU,No,Hungary
MOBI_adm1_1035,Europe,Hungary,Csongrád-Csanád,HU,No,Hungary
MOBI_adm1_1036,Europe,Hungary,Fejér,HU,No,Hungary
MOBI_adm1_1037,Europe,Hungary,Győr-Moson-Sopron,HU,No,Hungary
MOBI_adm1_1038,Europe,Hungary,Hajdú-Bihar,HU,No,Hungary
MOBI_adm1_1039,Europe,Hungary,Heves,HU,No,Hungary
MOBI_adm1_1040,Europe,Hungary,Jász-Nagykun-Szolnok,HU,No,Hungary
MOBI_adm1_1041,Europe,Hungary,Komárom-Esztergom,HU,No,Hungary
MOBI_adm1_1042,Europe,Hungary,Nógrád,HU,No,Hungary
MOBI_adm1_1043,Europe,Hungary,Pest,HU,No,Hungary
MOBI_adm1_1044,Europe,Hungary,Somogy,HU,No,Hungary
MOBI_adm1_1045,Europe,Hungary,Szabolcs-Szatmár-Bereg,HU,No,Hungary
MOBI_adm1_1046,Europe,Hungary,Tolna,HU,No,Hungary
MOBI_adm1_1047,Europe,Hungary,Vas,HU,No,Hungary
MOBI_adm1_1048,Europe,Hungary,Veszprém,HU,No,Hungary
MOBI_adm1_1049,Europe,Hungary,Zala,HU,No,Hungary
MOBI_adm1_1050,Asia,Indonesia,Aceh,ID,No,Indonesia
MOBI_adm1_1051,Asia,Indonesia,Bali,ID,No,Indonesia
MOBI_adm1_1052,Asia,Indonesia,Bangka-Belitung Islands,ID,No,Indonesia
MOBI_adm1_1053,Asia,Indonesia,Banten,ID,No,Indonesia
MOBI_adm1_1054,Asia,Indonesia,Bengkulu,ID,No,Indonesia
MOBI_adm1_1055,Asia,Indonesia,Central Java,ID,No,Indonesia
MOBI_adm1_1056,Asia,Indonesia,Central Kalimantan,ID,No,Indonesia
MOBI_adm1_1057,Asia,Indonesia,Central Sulawesi,ID,No,Indonesia
MOBI_adm1_1058,Asia,Indonesia,East Java,ID,No,Indonesia
MOBI_adm1_1059,Asia,Indonesia,East Kalimantan,ID,No,Indonesia
MOBI_adm1_1060,Asia,Indonesia,East Nusa Tenggara,ID,No,Indonesia
MOBI_adm1_1061,Asia,Indonesia,Gorontalo,ID,No,Indonesia
MOBI_adm1_1062,Asia,Indonesia,Jakarta Special Capital Region,ID,No,Indonesia
MOBI_adm1_1063,Asia,Indonesia,Jambi,ID,No,Indonesia
MOBI_adm1_1064,Asia,Indonesia,Lampung,ID,No,Indonesia
MOBI_adm1_1065,Asia,Indonesia,Maluku,ID,No,Indonesia
MOBI_adm1_1066,Asia,Indonesia,North Kalimantan,ID,No,Indonesia
MOBI_adm1_1067,Asia,Indonesia,North Maluku,ID,No,Indonesia
MOBI_adm1_1068,Asia,Indonesia,North Sulawesi,ID,No,Indonesia
MOBI_adm1_1069,Asia,Indonesia,North Sumatra,ID,No,Indonesia
MOBI_adm1_1070,Asia,Indonesia,Papua,ID,No,Indonesia
MOBI_adm1_1071,Asia,Indonesia,Riau,ID,No,Indonesia
MOBI_adm1_1072,Asia,Indonesia,Riau Islands,ID,No,Indonesia
MOBI_adm1_1073,Asia,Indonesia,South Kalimantan,ID,No,Indonesia
MOBI_adm1_1074,Asia,Indonesia,South Sulawesi,ID,No,Indonesia
MOBI_adm1_1075,Asia,Indonesia,South Sumatra,ID,No,Indonesia
MOBI_adm1_1076,Asia,Indonesia,Southeast Sulawesi,ID,No,Indonesia
MOBI_adm1_1077,Asia,Indonesia,Special Region of Yogyakarta,ID,No,Indonesia
MOBI_adm1_1078,Asia,Indonesia,West Java,ID,No,Indonesia
MOBI_adm1_1079,Asia,Indonesia,West Kalimantan,ID,No,Indonesia
MOBI_adm1_1080,Asia,Indonesia,West Nusa Tenggara,ID,No,Indonesia
MOBI_adm1_1081,Asia,Indonesia,West Papua,ID,No,Indonesia
MOBI_adm1_1082,Asia,Indonesia,West Sulawesi,ID,No,Indonesia
MOBI_adm1_1083,Asia,Indonesia,West Sumatra,ID,No,Indonesia
MOBI_adm1_1084,Europe,Ireland,Connacht,IE,No,Ireland
MOBI_adm1_1085,Europe,Ireland,Leinster,IE,No,Ireland
MOBI_adm1_1086,Europe,Ireland,Munster,IE,No,Ireland
MOBI_adm1_1087,Europe,Ireland,Ulster,IE,No,Ireland
MOBI_adm1_1088,Asia,Israel,Central District,IL,No,Israel
MOBI_adm1_1089,Asia,Israel,Haifa,IL,No,Israel
MOBI_adm1_1090,Asia,Israel,Jerusalem District,IL,No,Israel
MOBI_adm1_1091,Asia,Israel,Northern District,IL,No,Israel
MOBI_adm1_1092,Asia,Israel,Southern District,IL,No,Israel
MOBI_adm1_1093,Asia,Israel,Tel Aviv,IL,No,Israel
MOBI_adm1_1094,Asia,India,Andaman and Nicobar Islands,IN,No,India
MOBI_adm1_1095,Asia,India,Andhra Pradesh,IN,No,India
MOBI_adm1_1096,Asia,India,Arunāchal Pradesh,IN,No,India
MOBI_adm1_1097,Asia,India,Assam,IN,No,India
MOBI_adm1_1098,Asia,India,Bihār,IN,No,India
MOBI_adm1_1099,Asia,India,Chandīgarh,IN,No,India
MOBI_adm1_1100,Asia,India,Chhattīsgarh,IN,No,India
MOBI_adm1_1101,Asia,India,Dādra and Nagar Haveli and Damān and Diu,IN,No,India
MOBI_adm1_1102,Asia,India,Delhi,IN,No,India
MOBI_adm1_1103,Asia,India,Goa,IN,No,India
MOBI_adm1_1104,Asia,India,Gujarāt,IN,No,India
MOBI_adm1_1105,Asia,India,Haryāna,IN,No,India
MOBI_adm1_1106,Asia,India,Himāchal Pradesh,IN,No,India
MOBI_adm1_1107,Asia,India,Jammu and Kashmīr,IN,No,India
MOBI_adm1_1108,Asia,India,Jhārkhand,IN,No,India
MOBI_adm1_1109,Asia,India,Karnātaka,IN,No,India
MOBI_adm1_1110,Asia,India,Kerala,IN,No,India
MOBI_adm1_1111,Asia,India,Ladākh,IN,No,India
MOBI_adm1_1112,Asia,India,Madhya Pradesh,IN,No,India
MOBI_adm1_1113,Asia,India,Mahārāshtra,IN,No,India
MOBI_adm1_1114,Asia,India,Manipur,IN,No,India
MOBI_adm1_1115,Asia,India,Meghālaya,IN,No,India
MOBI_adm1_1116,Asia,India,Mizoram,IN,No,India
MOBI_adm1_1117,Asia,India,Nāgāland,IN,No,India
MOBI_adm1_1118,Asia,India,Odisha,IN,No,India
MOBI_adm1_1119,Asia,India,Puducherry,IN,No,India
MOBI_adm1_1120,Asia,India,Punjab,IN,No,India
MOBI_adm1_1121,Asia,India,Rājasthān,IN,No,India
MOBI_adm1_1122,Asia,India,Sikkim,IN,No,India
MOBI_adm1_1123,Asia,India,Tamil Nādu,IN,No,India
MOBI_adm1_1124,Asia,India,Telangāna,IN,No,India
MOBI_adm1_1125,Asia,India,Tripura,IN,No,India
MOBI_adm1_1126,Asia,India,Uttar Pradesh,IN,No,India
MOBI_adm1_1127,Asia,India,Uttarākhand,IN,No,India
MOBI_adm1_1128,Asia,India,West Bengal,IN,No,India
MOBI_adm1_1129,Asia,Iraq,Al-Anbar,IQ,No,Iraq
MOBI_adm1_1130,Asia,Iraq,Al-Basrah,IQ,No,Iraq
MOBI_adm1_1131,Asia,Iraq,Al-Muthanna,IQ,No,Iraq
MOBI_adm1_1132,Asia,Iraq,Al-Qadisiyah,IQ,No,Iraq
MOBI_adm1_1133,Asia,Iraq,Al-Sulaimaniyah,IQ,No,Iraq
MOBI_adm1_1134,Asia,Iraq,An-Najaf,IQ,No,Iraq
MOBI_adm1_1135,Asia,Iraq,Babil,IQ,No,Iraq
MOBI_adm1_1136,Asia,Iraq,Baghdad,IQ,No,Iraq
MOBI_adm1_1137,Asia,Iraq,Dhi Qar,IQ,No,Iraq
MOBI_adm1_1138,Asia,Iraq,Diyala,IQ,No,Iraq
MOBI_adm1_1139,Asia,Iraq,Dohuk,IQ,No,Iraq
MOBI_adm1_1140,Asia,Iraq,Erbil,IQ,No,Iraq
MOBI_adm1_1141,Asia,Iraq,Karbala,IQ,No,Iraq
MOBI_adm1_1142,Asia,Iraq,Kirkuk,IQ,No,Iraq
MOBI_adm1_1143,Asia,Iraq,Maysan,IQ,No,Iraq
MOBI_adm1_1144,Asia,Iraq,Ninawa,IQ,No,Iraq
MOBI_adm1_1145,Asia,Iraq,Salah al-Din,IQ,No,Iraq
MOBI_adm1_1146,Asia,Iraq,Wasit,IQ,No,Iraq
MOBI_adm1_1147,Asia,Iran (Islamic Republic of),Alborz,IR,No,Iran
MOBI_adm1_1148,Asia,Iran (Islamic Republic of),Ardabil,IR,No,Iran
MOBI_adm1_1149,Asia,Iran (Islamic Republic of),Bushehr,IR,No,Iran
MOBI_adm1_1150,Asia,Iran (Islamic Republic of),Chaharmahal and Bakhtiari,IR,No,Iran
MOBI_adm1_1151,Asia,Iran (Islamic Republic of),East Azerbaijan,IR,No,Iran
MOBI_adm1_1152,Asia,Iran (Islamic Republic of),Fars,IR,No,Iran
MOBI_adm1_1153,Asia,Iran (Islamic Republic of),Gilan,IR,No,Iran
MOBI_adm1_1154,Asia,Iran (Islamic Republic of),Golestan,IR,No,Iran
MOBI_adm1_1155,Asia,Iran (Islamic Republic of),Hamadan,IR,No,Iran
MOBI_adm1_1156,Asia,Iran (Islamic Republic of),Hormozgan,IR,No,Iran
MOBI_adm1_1157,Asia,Iran (Islamic Republic of),Ilam,IR,No,Iran
MOBI_adm1_1158,Asia,Iran (Islamic Republic of),Isfahan,IR,No,Iran
MOBI_adm1_1159,Asia,Iran (Islamic Republic of),Kerman,IR,No,Iran
MOBI_adm1_1160,Asia,Iran (Islamic Republic of),Kermanshah,IR,No,Iran
MOBI_adm1_1161,Asia,Iran (Islamic Republic of),Khuzestan,IR,No,Iran
MOBI_adm1_1162,Asia,Iran (Islamic Republic of),Kohgiluyeh and Boyer-Ahmad,IR,No,Iran
MOBI_adm1_1163,Asia,Iran (Islamic Republic of),Kurdistan,IR,No,Iran
MOBI_adm1_1164,Asia,Iran (Islamic Republic of),Lorestan,IR,No,Iran
MOBI_adm1_1165,Asia,Iran (Islamic Republic of),Markazi,IR,No,Iran
MOBI_adm1_1166,Asia,Iran (Islamic Republic of),Mazandaran,IR,No,Iran
MOBI_adm1_1167,Asia,Iran (Islamic Republic of),North Khorasan,IR,No,Iran
MOBI_adm1_1168,Asia,Iran (Islamic Republic of),Qazvin,IR,No,Iran
MOBI_adm1_1169,Asia,Iran (Islamic Republic of),Qom,IR,No,Iran
MOBI_adm1_1170,Asia,Iran (Islamic Republic of),Razavi Khorasan,IR,No,Iran
MOBI_adm1_1171,Asia,Iran (Islamic Republic of),Semnan,IR,No,Iran
MOBI_adm1_1172,Asia,Iran (Islamic Republic of),Sistan and Baluchestan,IR,No,Iran
MOBI_adm1_1173,Asia,Iran (Islamic Republic of),South Khorasan,IR,No,Iran
MOBI_adm1_1174,Asia,Iran (Islamic Republic of),Tehran,IR,No,Iran
MOBI_adm1_1175,Asia,Iran (Islamic Republic of),West Azerbaijan,IR,No,Iran
MOBI_adm1_1176,Asia,Iran (Islamic Republic of),Yazd,IR,No,Iran
MOBI_adm1_1177,Asia,Iran (Islamic Republic of),Zanjan,IR,No,Iran
MOBI_adm1_1178,Europe,Iceland,Capital Region,IS,No,Iceland
MOBI_adm1_1179,Europe,Iceland,Eastern Region,IS,No,Iceland
MOBI_adm1_1180,Europe,Iceland,Northeastern Region,IS,No,Iceland
MOBI_adm1_1181,Europe,Iceland,Northwestern Region,IS,No,Iceland
MOBI_adm1_1182,Europe,Iceland,Southern Peninsula,IS,No,Iceland
MOBI_adm1_1183,Europe,Iceland,Southern Region,IS,No,Iceland
MOBI_adm1_1184,Europe,Iceland,Western Region,IS,No,Iceland
MOBI_adm1_1185,Europe,Iceland,Westfjords,IS,No,Iceland
MOBI_adm1_1186,Europe,Italy,Centro,IT,No,Italy
MOBI_adm1_1187,Europe,Italy,Isole,IT,No,Italy
MOBI_adm1_1188,Europe,Italy,Nord-Est,IT,No,Italy
MOBI_adm1_1189,Europe,Italy,Nord-Ovest,IT,No,Italy
MOBI_adm1_1190,Europe,Italy,Sud,IT,No,Italy
MOBI_adm1_1191,Americas,Jamaica,Clarendon,JM,No,Jamaica
MOBI_adm1_1192,Americas,Jamaica,Hanover,JM,No,Jamaica
MOBI_adm1_1193,Americas,Jamaica,Kingston,JM,No,Jamaica
MOBI_adm1_1194,Americas,Jamaica,Manchester,JM,No,Jamaica
MOBI_adm1_1195,Americas,Jamaica,Portland,JM,No,Jamaica
MOBI_adm1_1196,Americas,Jamaica,Saint Andrew,JM,No,Jamaica
MOBI_adm1_1197,Americas,Jamaica,Saint Ann,JM,No,Jamaica
MOBI_adm1_1198,Americas,Jamaica,Saint Catherine,JM,No,Jamaica
MOBI_adm1_1199,Americas,Jamaica,Saint Elizabeth,JM,No,Jamaica
MOBI_adm1_1200,Americas,Jamaica,Saint James,JM,No,Jamaica
MOBI_adm1_1201,Americas,Jamaica,Saint Mary,JM,No,Jamaica
MOBI_adm1_1202,Americas,Jamaica,Saint Thomas,JM,No,Jamaica
MOBI_adm1_1203,Americas,Jamaica,Trelawny,JM,No,Jamaica
MOBI_adm1_1204,Americas,Jamaica,Westmoreland,JM,No,Jamaica
MOBI_adm1_1205,Asia,Jordan,Ajloun,JO,No,Jordan
MOBI_adm1_1206,Asia,Jordan,Amman,JO,No,Jordan
MOBI_adm1_1207,Asia,Jordan,Aqaba,JO,No,Jordan
MOBI_adm1_1208,Asia,Jordan,Balqa,JO,No,Jordan
MOBI_adm1_1209,Asia,Jordan,Irbid,JO,No,Jordan
MOBI_adm1_1210,Asia,Jordan,Jerash,JO,No,Jordan
MOBI_adm1_1211,Asia,Jordan,Karak,JO,No,Jordan
MOBI_adm1_1212,Asia,Jordan,Ma'an,JO,No,Jordan
MOBI_adm1_1213,Asia,Jordan,Madaba,JO,No,Jordan
MOBI_adm1_1214,Asia,Jordan,Mafraq,JO,No,Jordan
MOBI_adm1_1215,Asia,Jordan,Tafilah,JO,No,Jordan
MOBI_adm1_1216,Asia,Jordan,Zarqa,JO,No,Jordan
MOBI_adm1_1217,Asia,Japan,Aichi Prefecture,JP,No,Japan
MOBI_adm1_1218,Asia,Japan,Akita,JP,No,Japan
MOBI_adm1_1219,Asia,Japan,Aomori,JP,No,Japan
MOBI_adm1_1220,Asia,Japan,Chiba,JP,No,Japan
MOBI_adm1_1221,Asia,Japan,Ehime Prefecture,JP,No,Japan
MOBI_adm1_1222,Asia,Japan,Fukui Prefecture,JP,No,Japan
MOBI_adm1_1223,Asia,Japan,Fukuoka Prefecture,JP,No,Japan
MOBI_adm1_1224,Asia,Japan,Fukushima,JP,No,Japan
MOBI_adm1_1225,Asia,Japan,Gifu Prefecture,JP,No,Japan
MOBI_adm1_1226,Asia,Japan,Gunma,JP,No,Japan
MOBI_adm1_1227,Asia,Japan,Hiroshima,JP,No,Japan
MOBI_adm1_1228,Asia,Japan,Hokkaido,JP,No,Japan
MOBI_adm1_1229,Asia,Japan,Hyogo Prefecture,JP,No,Japan
MOBI_adm1_1230,Asia,Japan,Ibaraki,JP,No,Japan
MOBI_adm1_1231,Asia,Japan,Ishikawa Prefecture,JP,No,Japan
MOBI_adm1_1232,Asia,Japan,Iwate,JP,No,Japan
MOBI_adm1_1233,Asia,Japan,Kagawa Prefecture,JP,No,Japan
MOBI_adm1_1234,Asia,Japan,Kagoshima Prefecture,JP,No,Japan
MOBI_adm1_1235,Asia,Japan,Kanagawa,JP,No,Japan
MOBI_adm1_1236,Asia,Japan,Kochi Prefecture,JP,No,Japan
MOBI_adm1_1237,Asia,Japan,Kumamoto,JP,No,Japan
MOBI_adm1_1238,Asia,Japan,Kyoto Prefecture,JP,No,Japan
MOBI_adm1_1239,Asia,Japan,Mie Prefecture,JP,No,Japan
MOBI_adm1_1240,Asia,Japan,Miyagi,JP,No,Japan
MOBI_adm1_1241,Asia,Japan,Miyazaki Prefecture,JP,No,Japan
MOBI_adm1_1242,Asia,Japan,Nagano,JP,No,Japan
MOBI_adm1_1243,Asia,Japan,Nagasaki Prefecture,JP,No,Japan
MOBI_adm1_1244,Asia,Japan,Nara Prefecture,JP,No,Japan
MOBI_adm1_1245,Asia,Japan,Niigata,JP,No,Japan
MOBI_adm1_1246,Asia,Japan,Oita,JP,No,Japan
MOBI_adm1_1247,Asia,Japan,Okayama Prefecture,JP,No,Japan
MOBI_adm1_1248,Asia,Japan,Okinawa Prefecture,JP,No,Japan
MOBI_adm1_1249,Asia,Japan,Osaka Prefecture,JP,No,Japan
MOBI_adm1_1250,Asia,Japan,Saga Prefecture,JP,No,Japan
MOBI_adm1_1251,Asia,Japan,Saitama,JP,No,Japan
MOBI_adm1_1252,Asia,Japan,Shiga,JP,No,Japan
MOBI_adm1_1253,Asia,Japan,Shimane,JP,No,Japan
MOBI_adm1_1254,Asia,Japan,Shizuoka,JP,No,Japan
MOBI_adm1_1255,Asia,Japan,Tochigi,JP,No,Japan
MOBI_adm1_1256,Asia,Japan,Tokushima Prefecture,JP,No,Japan
MOBI_adm1_1257,Asia,Japan,Tokyo,JP,No,Japan
MOBI_adm1_1258,Asia,Japan,Tottori Prefecture,JP,No,Japan
MOBI_adm1_1259,Asia,Japan,Toyama,JP,No,Japan
MOBI_adm1_1260,Asia,Japan,Wakayama Prefecture,JP,No,Japan
MOBI_adm1_1261,Asia,Japan,Yamagata,JP,No,Japan
MOBI_adm1_1262,Asia,Japan,Yamaguchi,JP,No,Japan
MOBI_adm1_1263,Asia,Japan,Yamanashi,JP,No,Japan
MOBI_adm1_1264,Africa,Kenya,Baringo,KE,No,Kenya
MOBI_adm1_1265,Africa,Kenya,Bomet,KE,No,Kenya
MOBI_adm1_1266,Africa,Kenya,Bungoma,KE,No,Kenya
MOBI_adm1_1267,Africa,Kenya,Busia,KE,No,Kenya
MOBI_adm1_1268,Africa,Kenya,Elgeyo-Marakwet,KE,No,Kenya
MOBI_adm1_1269,Africa,Kenya,Embu,KE,No,Kenya
MOBI_adm1_1270,Africa,Kenya,Garissa,KE,No,Kenya
MOBI_adm1_1271,Africa,Kenya,Homa Bay,KE,No,Kenya
MOBI_adm1_1272,Africa,Kenya,Isiolo,KE,No,Kenya
MOBI_adm1_1273,Africa,Kenya,Kajiado,KE,No,Kenya
MOBI_adm1_1274,Africa,Kenya,Kakamega,KE,No,Kenya
MOBI_adm1_1275,Africa,Kenya,Kericho,KE,No,Kenya
MOBI_adm1_1276,Africa,Kenya,Kiambu,KE,No,Kenya
MOBI_adm1_1277,Africa,Kenya,Kilifi,KE,No,Kenya
MOBI_adm1_1278,Africa,Kenya,Kirinyaga,KE,No,Kenya
MOBI_adm1_1279,Africa,Kenya,Kisii,KE,No,Kenya
MOBI_adm1_1280,Africa,Kenya,Kisumu,KE,No,Kenya
MOBI_adm1_1281,Africa,Kenya,Kitui,KE,No,Kenya
MOBI_adm1_1282,Africa,Kenya,Kwale,KE,No,Kenya
MOBI_adm1_1283,Africa,Kenya,Laikipia,KE,No,Kenya
MOBI_adm1_1284,Africa,Kenya,Lamu,KE,No,Kenya
MOBI_adm1_1285,Africa,Kenya,Machakos,KE,No,Kenya
MOBI_adm1_1286,Africa,Kenya,Makueni,KE,No,Kenya
MOBI_adm1_1287,Africa,Kenya,Mandera,KE,No,Kenya
MOBI_adm1_1288,Africa,Kenya,Marsabit,KE,No,Kenya
MOBI_adm1_1289,Africa,Kenya,Meru,KE,No,Kenya
MOBI_adm1_1290,Africa,Kenya,Migori,KE,No,Kenya
MOBI_adm1_1291,Africa,Kenya,Mombasa,KE,No,Kenya
MOBI_adm1_1292,Africa,Kenya,Murang'a,KE,No,Kenya
MOBI_adm1_1293,Africa,Kenya,Nairobi,KE,No,Kenya
MOBI_adm1_1294,Africa,Kenya,Nakuru,KE,No,Kenya
MOBI_adm1_1295,Africa,Kenya,Nandi,KE,No,Kenya
MOBI_adm1_1296,Africa,Kenya,Narok,KE,No,Kenya
MOBI_adm1_1297,Africa,Kenya,Nyamira,KE,No,Kenya
MOBI_adm1_1298,Africa,Kenya,Nyandarua,KE,No,Kenya
MOBI_adm1_1299,Africa,Kenya,Nyeri,KE,No,Kenya
MOBI_adm1_1300,Africa,Kenya,Samburu,KE,No,Kenya
MOBI_adm1_1301,Africa,Kenya,Siaya,KE,No,Kenya
MOBI_adm1_1302,Africa,Kenya,Taita Taveta,KE,No,Kenya
MOBI_adm1_1303,Africa,Kenya,Tana River,KE,No,Kenya
MOBI_adm1_1304,Africa,Kenya,Tharaka,KE,No,Kenya
MOBI_adm1_1305,Africa,Kenya,Trans Nzoia,KE,No,Kenya
MOBI_adm1_1306,Africa,Kenya,Turkana,KE,No,Kenya
MOBI_adm1_1307,Africa,Kenya,Uasin Gishu,KE,No,Kenya
MOBI_adm1_1308,Africa,Kenya,Vihiga,KE,No,Kenya
MOBI_adm1_1309,Africa,Kenya,Wajir,KE,No,Kenya
MOBI_adm1_1310,Africa,Kenya,West Pokot,KE,No,Kenya
MOBI_adm1_1311,Asia,Kyrgyzstan,Batken Region,KG,No,Kyrgyzstan
MOBI_adm1_1312,Asia,Kyrgyzstan,Chuy Region,KG,No,Kyrgyzstan
MOBI_adm1_1313,Asia,Kyrgyzstan,Issyk-Kul Region,KG,No,Kyrgyzstan
MOBI_adm1_1314,Asia,Kyrgyzstan,Jalal-Abad Region,KG,No,Kyrgyzstan
MOBI_adm1_1315,Asia,Kyrgyzstan,Naryn Region,KG,No,Kyrgyzstan
MOBI_adm1_1316,Asia,Kyrgyzstan,Osh Region,KG,No,Kyrgyzstan
MOBI_adm1_1317,Asia,Kyrgyzstan,Talas Region,KG,No,Kyrgyzstan
MOBI_adm1_1318,Asia,Cambodia,Bantey Meanchey,KH,No,Cambodia
MOBI_adm1_1319,Asia,Cambodia,Battambang,KH,No,Cambodia
MOBI_adm1_1320,Asia,Cambodia,Kampong Cham,KH,No,Cambodia
MOBI_adm1_1321,Asia,Cambodia,Kampong Chhnang,KH,No,Cambodia
MOBI_adm1_1322,Asia,Cambodia,Kampong Speu,KH,No,Cambodia
MOBI_adm1_1323,Asia,Cambodia,Kampong Thom,KH,No,Cambodia
MOBI_adm1_1324,Asia,Cambodia,Kampot,KH,No,Cambodia
MOBI_adm1_1325,Asia,Cambodia,Kandal,KH,No,Cambodia
MOBI_adm1_1326,Asia,Cambodia,Kep,KH,No,Cambodia
MOBI_adm1_1327,Asia,Cambodia,Koh Kong,KH,No,Cambodia
MOBI_adm1_1328,Asia,Cambodia,Kratie,KH,No,Cambodia
MOBI_adm1_1329,Asia,Cambodia,Mondulkiri,KH,No,Cambodia
MOBI_adm1_1330,Asia,Cambodia,Oddar Meanchey,KH,No,Cambodia
MOBI_adm1_1331,Asia,Cambodia,Pailin,KH,No,Cambodia
MOBI_adm1_1332,Asia,Cambodia,Phnom Penh,KH,No,Cambodia
MOBI_adm1_1333,Asia,Cambodia,Preah Sihanouk,KH,No,Cambodia
MOBI_adm1_1334,Asia,Cambodia,Preah Vihear,KH,No,Cambodia
MOBI_adm1_1335,Asia,Cambodia,Prey Veng,KH,No,Cambodia
MOBI_adm1_1336,Asia,Cambodia,Pursat,KH,No,Cambodia
MOBI_adm1_1337,Asia,Cambodia,Ratanakiri Province,KH,No,Cambodia
MOBI_adm1_1338,Asia,Cambodia,Siem Reap,KH,No,Cambodia
MOBI_adm1_1339,Asia,Cambodia,Stung Treng,KH,No,Cambodia
MOBI_adm1_1340,Asia,Cambodia,Svay Rieng,KH,No,Cambodia
MOBI_adm1_1341,Asia,Cambodia,Takeo,KH,No,Cambodia
MOBI_adm1_1342,Asia,Cambodia,Tbong Khmum,KH,No,Cambodia
MOBI_adm1_1343,Oceania,Kiribati,Gilbert Islands,KI,No,Kiribati
MOBI_adm1_1344,Oceania,Kiribati,Line Islands,KI,No,Kiribati
MOBI_adm1_1345,Oceania,Kiribati,Phoenix Islands,KI,No,Kiribati
MOBI_adm1_1346,Africa,Comoros (the),Anjouan,KM,No,Comoros
MOBI_adm1_1347,Africa,Comoros (the),Grande Comore,KM,No,Comoros
MOBI_adm1_1348,Africa,Comoros (the),Moheli,KM,No,Comoros
MOBI_adm1_1349,Americas,Saint Kitts and Nevis,Christ Church Nichola Town,KN,No,St Kitts & Nevis
MOBI_adm1_1350,Americas,Saint Kitts and Nevis,Saint Anne Sandy Point,KN,No,St Kitts & Nevis
MOBI_adm1_1351,Americas,Saint Kitts and Nevis,Saint George Gingerland,KN,No,St Kitts & Nevis
MOBI_adm1_1352,Americas,Saint Kitts and Nevis,Saint James Windward,KN,No,St Kitts & Nevis
MOBI_adm1_1353,Americas,Saint Kitts and Nevis,Saint John Capisterre,KN,No,St Kitts & Nevis
MOBI_adm1_1354,Americas,Saint Kitts and Nevis,Saint John Figtree,KN,No,St Kitts & Nevis
MOBI_adm1_1355,Americas,Saint Kitts and Nevis,Saint Mary Cayon,KN,No,St Kitts & Nevis
MOBI_adm1_1356,Americas,Saint Kitts and Nevis,Saint Paul Capisterre,KN,No,St Kitts & Nevis
MOBI_adm1_1357,Americas,Saint Kitts and Nevis,Saint Paul Charlestown,KN,No,St Kitts & Nevis
MOBI_adm1_1358,Americas,Saint Kitts and Nevis,Saint Peter Basseterre,KN,No,St Kitts & Nevis
MOBI_adm1_1359,Americas,Saint Kitts and Nevis,Saint Thomas Lowland,KN,No,St Kitts & Nevis
MOBI_adm1_1360,Americas,Saint Kitts and Nevis,Saint Thomas Middle Island,KN,No,St Kitts & Nevis
MOBI_adm1_1361,Americas,Saint Kitts and Nevis,Trinity Palmetto Point,KN,No,St Kitts & Nevis
MOBI_adm1_1362,Asia,Korea (the Democratic People's Republic of),Jagang,KP,No,"Korea, North"
MOBI_adm1_1363,Asia,Korea (the Democratic People's Republic of),Kangwon,KP,No,"Korea, North"
MOBI_adm1_1364,Asia,Korea (the Democratic People's Republic of),Nampo,KP,No,"Korea, North"
MOBI_adm1_1365,Asia,Korea (the Democratic People's Republic of),North Hamgyong,KP,No,"Korea, North"
MOBI_adm1_1366,Asia,Korea (the Democratic People's Republic of),North Hwanghae,KP,No,"Korea, North"
MOBI_adm1_1367,Asia,Korea (the Democratic People's Republic of),North Pyongan,KP,No,"Korea, North"
MOBI_adm1_1368,Asia,Korea (the Democratic People's Republic of),Pyongyang,KP,No,"Korea, North"
MOBI_adm1_1369,Asia,Korea (the Democratic People's Republic of),Ryanggang,KP,No,"Korea, North"
MOBI_adm1_1370,Asia,Korea (the Democratic People's Republic of),South Hamgyong,KP,No,"Korea, North"
MOBI_adm1_1371,Asia,Korea (the Democratic People's Republic of),South Hwanghae,KP,No,"Korea, North"
MOBI_adm1_1372,Asia,Korea (the Democratic People's Republic of),South Pyongan,KP,No,"Korea, North"
MOBI_adm1_1373,Asia,Korea (the Republic of),Busan,KR,No,"Korea, South"
MOBI_adm1_1374,Asia,Korea (the Republic of),Daegu,KR,No,"Korea, South"
MOBI_adm1_1375,Asia,Korea (the Republic of),Daejeon,KR,No,"Korea, South"
MOBI_adm1_1376,Asia,Korea (the Republic of),Gangwon,KR,No,"Korea, South"
MOBI_adm1_1377,Asia,Korea (the Republic of),Gwangju,KR,No,"Korea, South"
MOBI_adm1_1378,Asia,Korea (the Republic of),Gyeonggi,KR,No,"Korea, South"
MOBI_adm1_1379,Asia,Korea (the Republic of),Incheon,KR,No,"Korea, South"
MOBI_adm1_1380,Asia,Korea (the Republic of),Jeju,KR,No,"Korea, South"
MOBI_adm1_1381,Asia,Korea (the Republic of),North Chungcheong,KR,No,"Korea, South"
MOBI_adm1_1382,Asia,Korea (the Republic of),North Gyeongsang,KR,No,"Korea, South"
MOBI_adm1_1383,Asia,Korea (the Republic of),North Jeolla,KR,No,"Korea, South"
MOBI_adm1_1384,Asia,Korea (the Republic of),Seoul,KR,No,"Korea, South"
MOBI_adm1_1385,Asia,Korea (the Republic of),South Chungcheong,KR,No,"Korea, South"
MOBI_adm1_1386,Asia,Korea (the Republic of),South Gyeongsang,KR,No,"Korea, South"
MOBI_adm1_1387,Asia,Korea (the Republic of),South Jeolla,KR,No,"Korea, South"
MOBI_adm1_1388,Asia,Korea (the Republic of),Ulsan,KR,No,"Korea, South"
MOBI_adm1_1389,Asia,Kuwait,Ahmadi,KW,No,Kuwait
MOBI_adm1_1390,Asia,Kuwait,Al Asimah,KW,No,Kuwait
MOBI_adm1_1391,Asia,Kuwait,Farwaniya,KW,No,Kuwait
MOBI_adm1_1392,Asia,Kuwait,Hawalli,KW,No,Kuwait
MOBI_adm1_1393,Asia,Kuwait,Jahra,KW,No,Kuwait
MOBI_adm1_1394,Asia,Kuwait,Mubarak Al-Kabeer,KW,No,Kuwait
MOBI_adm1_1395,Asia,Kazakhstan,Akmola Region,KZ,No,Kazakhstan
MOBI_adm1_1396,Asia,Kazakhstan,Aktobe Region,KZ,No,Kazakhstan
MOBI_adm1_1397,Asia,Kazakhstan,Almaty,KZ,No,Kazakhstan
MOBI_adm1_1398,Asia,Kazakhstan,Almaty Region,KZ,No,Kazakhstan
MOBI_adm1_1399,Asia,Kazakhstan,Astana,KZ,No,Kazakhstan
MOBI_adm1_1400,Asia,Kazakhstan,Atyrau Region,KZ,No,Kazakhstan
MOBI_adm1_1401,Asia,Kazakhstan,East Kazakhstan Region,KZ,No,Kazakhstan
MOBI_adm1_1402,Asia,Kazakhstan,Jambyl Region,KZ,No,Kazakhstan
MOBI_adm1_1403,Asia,Kazakhstan,Karaganda Region,KZ,No,Kazakhstan
MOBI_adm1_1404,Asia,Kazakhstan,Kostanay Region,KZ,No,Kazakhstan
MOBI_adm1_1405,Asia,Kazakhstan,Kyzylorda Region,KZ,No,Kazakhstan
MOBI_adm1_1406,Asia,Kazakhstan,Mangystau Region,KZ,No,Kazakhstan
MOBI_adm1_1407,Asia,Kazakhstan,North Kazakhstan Region,KZ,No,Kazakhstan
MOBI_adm1_1408,Asia,Kazakhstan,Pavlodar Region,KZ,No,Kazakhstan
MOBI_adm1_1409,Asia,Kazakhstan,South Kazakhstan Region,KZ,No,Kazakhstan
MOBI_adm1_1410,Asia,Kazakhstan,West Kazakhstan Region,KZ,No,Kazakhstan
MOBI_adm1_1411,Asia,Lao People's Democratic Republic (the),Attapeu,LA,No,Laos
MOBI_adm1_1412,Asia,Lao People's Democratic Republic (the),Bokeo,LA,No,Laos
MOBI_adm1_1413,Asia,Lao People's Democratic Republic (the),Bolikhamsai,LA,No,Laos
MOBI_adm1_1414,Asia,Lao People's Democratic Republic (the),Champasak,LA,No,Laos
MOBI_adm1_1415,Asia,Lao People's Democratic Republic (the),Houaphan,LA,No,Laos
MOBI_adm1_1416,Asia,Lao People's Democratic Republic (the),Khammouane,LA,No,Laos
MOBI_adm1_1417,Asia,Lao People's Democratic Republic (the),Luang Namtha,LA,No,Laos
MOBI_adm1_1418,Asia,Lao People's Democratic Republic (the),Luang Prabang,LA,No,Laos
MOBI_adm1_1419,Asia,Lao People's Democratic Republic (the),Oudomxay,LA,No,Laos
MOBI_adm1_1420,Asia,Lao People's Democratic Republic (the),Phongsaly,LA,No,Laos
MOBI_adm1_1421,Asia,Lao People's Democratic Republic (the),Salavan,LA,No,Laos
MOBI_adm1_1422,Asia,Lao People's Democratic Republic (the),Savannakhet,LA,No,Laos
MOBI_adm1_1423,Asia,Lao People's Democratic Republic (the),Vientiane,LA,No,Laos
MOBI_adm1_1424,Asia,Lao People's Democratic Republic (the),Vientiane Capital,LA,No,Laos
MOBI_adm1_1425,Asia,Lao People's Democratic Republic (the),Xaignabouli,LA,No,Laos
MOBI_adm1_1426,Asia,Lao People's Democratic Republic (the),Xaisomboun,LA,No,Laos
MOBI_adm1_1427,Asia,Lao People's Democratic Republic (the),Xekong,LA,No,Laos
MOBI_adm1_1428,Asia,Lao People's Democratic Republic (the),Xiangkhouang,LA,No,Laos
MOBI_adm1_1429,Asia,Lebanon,Aakkâr,LB,No,Lebanon
MOBI_adm1_1430,Asia,Lebanon,Baalbek-Hermel,LB,No,Lebanon
MOBI_adm1_1431,Asia,Lebanon,Béqaa,LB,No,Lebanon
MOBI_adm1_1432,Asia,Lebanon,Beyrouth,LB,No,Lebanon
MOBI_adm1_1433,Asia,Lebanon,Keserwan-Jbeil,LB,No,Lebanon
MOBI_adm1_1434,Asia,Lebanon,Liban-Nord,LB,No,Lebanon
MOBI_adm1_1435,Asia,Lebanon,Liban-Sud,LB,No,Lebanon
MOBI_adm1_1436,Asia,Lebanon,Mont-Liban,LB,No,Lebanon
MOBI_adm1_1437,Asia,Lebanon,Nabatîyé,LB,No,Lebanon
MOBI_adm1_1438,Americas,Saint Lucia,Anse la Raya,LC,No,St Lucia
MOBI_adm1_1439,Americas,Saint Lucia,Canaries,LC,No,St Lucia
MOBI_adm1_1440,Americas,Saint Lucia,Castries,LC,No,St Lucia
MOBI_adm1_1441,Americas,Saint Lucia,Choiseul,LC,No,St Lucia
MOBI_adm1_1442,Americas,Saint Lucia,Dennery,LC,No,St Lucia
MOBI_adm1_1443,Americas,Saint Lucia,Gros Islet,LC,No,St Lucia
MOBI_adm1_1444,Americas,Saint Lucia,Laborie,LC,No,St Lucia
MOBI_adm1_1445,Americas,Saint Lucia,Micoud,LC,No,St Lucia
MOBI_adm1_1446,Americas,Saint Lucia,Soufrière,LC,No,St Lucia
MOBI_adm1_1447,Americas,Saint Lucia,Vieux Fort,LC,No,St Lucia
MOBI_adm1_1448,Europe,Liechtenstein,Eschen,LI,No,Liechtenstein
MOBI_adm1_1449,Europe,Liechtenstein,Mauren,LI,No,Liechtenstein
MOBI_adm1_1450,Europe,Liechtenstein,Planken,LI,No,Liechtenstein
MOBI_adm1_1451,Europe,Liechtenstein,Ruggell,LI,No,Liechtenstein
MOBI_adm1_1452,Europe,Liechtenstein,Triesen,LI,No,Liechtenstein
MOBI_adm1_1453,Europe,Liechtenstein,Triesenberg,LI,No,Liechtenstein
MOBI_adm1_1454,Europe,Liechtenstein,Vaduz,LI,No,Liechtenstein
MOBI_adm1_1455,Asia,Sri Lanka,Central Province,LK,No,Sri Lanka
MOBI_adm1_1456,Asia,Sri Lanka,Eastern Province,LK,No,Sri Lanka
MOBI_adm1_1457,Asia,Sri Lanka,North Central Province,LK,No,Sri Lanka
MOBI_adm1_1458,Asia,Sri Lanka,North Western Province,LK,No,Sri Lanka
MOBI_adm1_1459,Asia,Sri Lanka,Northern Province,LK,No,Sri Lanka
MOBI_adm1_1460,Asia,Sri Lanka,Sabaragamuwa Province,LK,No,Sri Lanka
MOBI_adm1_1461,Asia,Sri Lanka,Southern Province,LK,No,Sri Lanka
MOBI_adm1_1462,Asia,Sri Lanka,Uva Province,LK,No,Sri Lanka
MOBI_adm1_1463,Asia,Sri Lanka,Western Province,LK,No,Sri Lanka
MOBI_adm1_1464,Africa,Liberia,Bomi,LR,No,Liberia
MOBI_adm1_1465,Africa,Liberia,Bong,LR,No,Liberia
MOBI_adm1_1466,Africa,Liberia,Gbarpolu,LR,No,Liberia
MOBI_adm1_1467,Africa,Liberia,Grand Bassa,LR,No,Liberia
MOBI_adm1_1468,Africa,Liberia,Grand Cape Mount,LR,No,Liberia
MOBI_adm1_1469,Africa,Liberia,Grand Gedeh,LR,No,Liberia
MOBI_adm1_1470,Africa,Liberia,Grand Kru,LR,No,Liberia
MOBI_adm1_1471,Africa,Liberia,Lofa,LR,No,Liberia
MOBI_adm1_1472,Africa,Liberia,Margibi,LR,No,Liberia
MOBI_adm1_1473,Africa,Liberia,Maryland,LR,No,Liberia
MOBI_adm1_1474,Africa,Liberia,Montserrado,LR,No,Liberia
MOBI_adm1_1475,Africa,Liberia,Nimba,LR,No,Liberia
MOBI_adm1_1476,Africa,Liberia,River Gee,LR,No,Liberia
MOBI_adm1_1477,Africa,Liberia,Rivercess,LR,No,Liberia
MOBI_adm1_1478,Africa,Liberia,Sinoe,LR,No,Liberia
MOBI_adm1_1479,Africa,Lesotho,Berea District,LS,No,Lesotho
MOBI_adm1_1480,Africa,Lesotho,Butha-Buthe District,LS,No,Lesotho
MOBI_adm1_1481,Africa,Lesotho,Leribe District,LS,No,Lesotho
MOBI_adm1_1482,Africa,Lesotho,Mafeteng District,LS,No,Lesotho
MOBI_adm1_1483,Africa,Lesotho,Maseru District,LS,No,Lesotho
MOBI_adm1_1484,Africa,Lesotho,Mohale's Hoek District,LS,No,Lesotho
MOBI_adm1_1485,Africa,Lesotho,Mokhotlong District,LS,No,Lesotho
MOBI_adm1_1486,Africa,Lesotho,Qacha's Nek District,LS,No,Lesotho
MOBI_adm1_1487,Africa,Lesotho,Quthing District,LS,No,Lesotho
MOBI_adm1_1488,Africa,Lesotho,Thaba-Tseka District,LS,No,Lesotho
MOBI_adm1_1489,Europe,Lithuania,Alytus County,LT,No,Lithuania
MOBI_adm1_1490,Europe,Lithuania,Kaunas County,LT,No,Lithuania
MOBI_adm1_1491,Europe,Lithuania,Klaipeda County,LT,No,Lithuania
MOBI_adm1_1492,Europe,Lithuania,Marijampole County,LT,No,Lithuania
MOBI_adm1_1493,Europe,Lithuania,Panevezys County,LT,No,Lithuania
MOBI_adm1_1494,Europe,Lithuania,Siauliai County,LT,No,Lithuania
MOBI_adm1_1495,Europe,Lithuania,Taurage County,LT,No,Lithuania
MOBI_adm1_1496,Europe,Lithuania,Telsiai County,LT,No,Lithuania
MOBI_adm1_1497,Europe,Lithuania,Utena County,LT,No,Lithuania
MOBI_adm1_1498,Europe,Lithuania,Vilnius County,LT,No,Lithuania
MOBI_adm1_1499,Europe,Luxembourg,Canton Capellen,LU,No,Luxembourg
MOBI_adm1_1500,Europe,Luxembourg,Canton Clervaux,LU,No,Luxembourg
MOBI_adm1_1501,Europe,Luxembourg,Canton Diekirch,LU,No,Luxembourg
MOBI_adm1_1502,Europe,Luxembourg,Canton Echternach,LU,No,Luxembourg
MOBI_adm1_1503,Europe,Luxembourg,Canton Esch-sur-Alzette,LU,No,Luxembourg
MOBI_adm1_1504,Europe,Luxembourg,Canton Grevenmacher,LU,No,Luxembourg
MOBI_adm1_1505,Europe,Luxembourg,Canton Luxembourg,LU,No,Luxembourg
MOBI_adm1_1506,Europe,Luxembourg,Canton Mersch,LU,No,Luxembourg
MOBI_adm1_1507,Europe,Luxembourg,Canton Redange,LU,No,Luxembourg
MOBI_adm1_1508,Europe,Luxembourg,Canton Remich,LU,No,Luxembourg
MOBI_adm1_1509,Europe,Luxembourg,Canton Vianden,LU,No,Luxembourg
MOBI_adm1_1510,Europe,Luxembourg,Canton Wiltz,LU,No,Luxembourg
MOBI_adm1_1511,Europe,Latvia,Ādažu novads,LV,No,Latvia
MOBI_adm1_1512,Europe,Latvia,Aizkraukles novads,LV,No,Latvia
MOBI_adm1_1513,Europe,Latvia,Alūksnes novads,LV,No,Latvia
MOBI_adm1_1514,Europe,Latvia,Augšdaugavas novads,LV,No,Latvia
MOBI_adm1_1515,Europe,Latvia,Balvu novads,LV,No,Latvia
MOBI_adm1_1516,Europe,Latvia,Bauskas novads,LV,No,Latvia
MOBI_adm1_1517,Europe,Latvia,Cēsu novads,LV,No,Latvia
MOBI_adm1_1518,Europe,Latvia,Daugavpils,LV,No,Latvia
MOBI_adm1_1519,Europe,Latvia,Dienvidkurzemes novads,LV,No,Latvia
MOBI_adm1_1520,Europe,Latvia,Dobeles novads,LV,No,Latvia
MOBI_adm1_1521,Europe,Latvia,Gulbenes novads,LV,No,Latvia
MOBI_adm1_1522,Europe,Latvia,Jēkabpils novads,LV,No,Latvia
MOBI_adm1_1523,Europe,Latvia,Jelgavas,LV,No,Latvia
MOBI_adm1_1524,Europe,Latvia,Jelgavas novads,LV,No,Latvia
MOBI_adm1_1525,Europe,Latvia,Jūrmalas,LV,No,Latvia
MOBI_adm1_1526,Europe,Latvia,Ķekavas novads,LV,No,Latvia
MOBI_adm1_1527,Europe,Latvia,Krāslavas novads,LV,No,Latvia
MOBI_adm1_1528,Europe,Latvia,Kuldīgas novads,LV,No,Latvia
MOBI_adm1_1529,Europe,Latvia,Liepājas,LV,No,Latvia
MOBI_adm1_1530,Europe,Latvia,Limbažu novads,LV,No,Latvia
MOBI_adm1_1531,Europe,Latvia,Līvānu novads,LV,No,Latvia
MOBI_adm1_1532,Europe,Latvia,Ludzas novads,LV,No,Latvia
MOBI_adm1_1533,Europe,Latvia,Madonas novads,LV,No,Latvia
MOBI_adm1_1534,Europe,Latvia,Mārupes novads,LV,No,Latvia
MOBI_adm1_1535,Europe,Latvia,Ogres novads,LV,No,Latvia
MOBI_adm1_1536,Europe,Latvia,Olaines novads,LV,No,Latvia
MOBI_adm1_1537,Europe,Latvia,Preiļu novads,LV,No,Latvia
MOBI_adm1_1538,Europe,Latvia,Rēzeknes,LV,No,Latvia
MOBI_adm1_1539,Europe,Latvia,Rēzeknes novads,LV,No,Latvia
MOBI_adm1_1540,Europe,Latvia,Rīga,LV,No,Latvia
MOBI_adm1_1541,Europe,Latvia,Ropažu novads,LV,No,Latvia
MOBI_adm1_1542,Europe,Latvia,Salaspils novads,LV,No,Latvia
MOBI_adm1_1543,Europe,Latvia,Saldus novads,LV,No,Latvia
MOBI_adm1_1544,Europe,Latvia,Saulkrastu novads,LV,No,Latvia
MOBI_adm1_1545,Europe,Latvia,Siguldas novads,LV,No,Latvia
MOBI_adm1_1546,Europe,Latvia,Smiltenes novads,LV,No,Latvia
MOBI_adm1_1547,Europe,Latvia,Talsu novads,LV,No,Latvia
MOBI_adm1_1548,Europe,Latvia,Tukuma novads,LV,No,Latvia
MOBI_adm1_1549,Europe,Latvia,Valkas novads,LV,No,Latvia
MOBI_adm1_1550,Europe,Latvia,Valmieras novads,LV,No,Latvia
MOBI_adm1_1551,Europe,Latvia,Varakļānu novads,LV,No,Latvia
MOBI_adm1_1552,Europe,Latvia,Ventspils,LV,No,Latvia
MOBI_adm1_1553,Europe,Latvia,Ventspils novads,LV,No,Latvia
MOBI_adm1_1554,Europe,Latvia,Krāslavas novads,LV,No,Latvia
MOBI_adm1_1555,Africa,Libya,Ajdabiya,LY,No,Libya
MOBI_adm1_1556,Africa,Libya,Al Butnan,LY,No,Libya
MOBI_adm1_1557,Africa,Libya,Al Jabal al Akhdar,LY,No,Libya
MOBI_adm1_1558,Africa,Libya,Al Jifarah,LY,No,Libya
MOBI_adm1_1559,Africa,Libya,Al Jufrah,LY,No,Libya
MOBI_adm1_1560,Africa,Libya,Al Kufrah,LY,No,Libya
MOBI_adm1_1561,Africa,Libya,Al Marj,LY,No,Libya
MOBI_adm1_1562,Africa,Libya,Al Marqab,LY,No,Libya
MOBI_adm1_1563,Africa,Libya,Al Qubbah,LY,No,Libya
MOBI_adm1_1564,Africa,Libya,An Nuqat al Khams,LY,No,Libya
MOBI_adm1_1565,Africa,Libya,Ash Shati',LY,No,Libya
MOBI_adm1_1566,Africa,Libya,Az Zawiyah,LY,No,Libya
MOBI_adm1_1567,Africa,Libya,Benghazi,LY,No,Libya
MOBI_adm1_1568,Africa,Libya,Ghadamis,LY,No,Libya
MOBI_adm1_1569,Africa,Libya,Ghat,LY,No,Libya
MOBI_adm1_1570,Africa,Libya,Misratah,LY,No,Libya
MOBI_adm1_1571,Africa,Libya,Mizdah,LY,No,Libya
MOBI_adm1_1572,Africa,Libya,Murzuq,LY,No,Libya
MOBI_adm1_1573,Africa,Libya,Sabha,LY,No,Libya
MOBI_adm1_1574,Africa,Libya,Surt,LY,No,Libya
MOBI_adm1_1575,Africa,Libya,Tajura' wa an Nawahi al Arba,LY,No,Libya
MOBI_adm1_1576,Africa,Libya,Wadi al Hayaa,LY,No,Libya
MOBI_adm1_1577,Africa,Morocco,Béni Mellal-Khénifra,MA,No,Morocco
MOBI_adm1_1578,Africa,Morocco,Casablanca-Settat,MA,No,Morocco
MOBI_adm1_1579,Africa,Morocco,Drâa-Tafilalet,MA,No,Morocco
MOBI_adm1_1580,Africa,Morocco,Fez-Meknes,MA,No,Morocco
MOBI_adm1_1581,Africa,Morocco,Guelmim-Oued Noun,MA,No,Morocco
MOBI_adm1_1582,Africa,Morocco,Laâyoune-Sakia El Hamra,MA,No,Morocco
MOBI_adm1_1583,Africa,Morocco,Marrakech-Safi,MA,No,Morocco
MOBI_adm1_1584,Africa,Morocco,Oriental,MA,No,Morocco
MOBI_adm1_1585,Africa,Morocco,Rabat-Salé-Kenitra,MA,No,Morocco
MOBI_adm1_1586,Africa,Morocco,Souss-Massa,MA,No,Morocco
MOBI_adm1_1587,Africa,Morocco,Tangier-Tetouan-Al Hoceima,MA,No,Morocco
MOBI_adm1_1588,Europe,Monaco,Monaco,MC,No,Monaco
MOBI_adm1_1589,Europe,Moldova (the Republic of),Anenii Noi,MD,No,Moldova
MOBI_adm1_1590,Europe,Moldova (the Republic of),Balti,MD,No,Moldova
MOBI_adm1_1591,Europe,Moldova (the Republic of),Basarabeasca,MD,No,Moldova
MOBI_adm1_1592,Europe,Moldova (the Republic of),Bender,MD,No,Moldova
MOBI_adm1_1593,Europe,Moldova (the Republic of),Briceni,MD,No,Moldova
MOBI_adm1_1594,Europe,Moldova (the Republic of),Cahul,MD,No,Moldova
MOBI_adm1_1595,Europe,Moldova (the Republic of),Calarasi,MD,No,Moldova
MOBI_adm1_1596,Europe,Moldova (the Republic of),Cantemir,MD,No,Moldova
MOBI_adm1_1597,Europe,Moldova (the Republic of),Causeni,MD,No,Moldova
MOBI_adm1_1598,Europe,Moldova (the Republic of),Chisinau,MD,No,Moldova
MOBI_adm1_1599,Europe,Moldova (the Republic of),Cimislia,MD,No,Moldova
MOBI_adm1_1600,Europe,Moldova (the Republic of),Criuleni,MD,No,Moldova
MOBI_adm1_1601,Europe,Moldova (the Republic of),Donduseni,MD,No,Moldova
MOBI_adm1_1602,Europe,Moldova (the Republic of),Drochia,MD,No,Moldova
MOBI_adm1_1603,Europe,Moldova (the Republic of),Edinet,MD,No,Moldova
MOBI_adm1_1604,Europe,Moldova (the Republic of),Falesti,MD,No,Moldova
MOBI_adm1_1605,Europe,Moldova (the Republic of),Floresti,MD,No,Moldova
MOBI_adm1_1606,Europe,Moldova (the Republic of),Gagauzia,MD,No,Moldova
MOBI_adm1_1607,Europe,Moldova (the Republic of),Glodeni,MD,No,Moldova
MOBI_adm1_1608,Europe,Moldova (the Republic of),Hincesti,MD,No,Moldova
MOBI_adm1_1609,Europe,Moldova (the Republic of),Ialoveni,MD,No,Moldova
MOBI_adm1_1610,Europe,Moldova (the Republic of),Leova,MD,No,Moldova
MOBI_adm1_1611,Europe,Moldova (the Republic of),Nisporeni,MD,No,Moldova
MOBI_adm1_1612,Europe,Moldova (the Republic of),Ocnita,MD,No,Moldova
MOBI_adm1_1613,Europe,Moldova (the Republic of),Orhei,MD,No,Moldova
MOBI_adm1_1614,Europe,Moldova (the Republic of),Rezina,MD,No,Moldova
MOBI_adm1_1615,Europe,Moldova (the Republic of),RIscani,MD,No,Moldova
MOBI_adm1_1616,Europe,Moldova (the Republic of),SIngerei,MD,No,Moldova
MOBI_adm1_1617,Europe,Moldova (the Republic of),Soldanesti,MD,No,Moldova
MOBI_adm1_1618,Europe,Moldova (the Republic of),Soroca,MD,No,Moldova
MOBI_adm1_1619,Europe,Moldova (the Republic of),Stefan Voda,MD,No,Moldova
MOBI_adm1_1620,Europe,Moldova (the Republic of),Straseni,MD,No,Moldova
MOBI_adm1_1621,Europe,Moldova (the Republic of),Telenesti,MD,No,Moldova
MOBI_adm1_1622,Europe,Moldova (the Republic of),Transnistria,MD,No,Moldova
MOBI_adm1_1623,Europe,Moldova (the Republic of),Ungheni,MD,No,Moldova
MOBI_adm1_1624,Europe,Montenegro,Andrijevica Municipality,ME,No,Montenegro
MOBI_adm1_1625,Europe,Montenegro,Bar Municipality,ME,No,Montenegro
MOBI_adm1_1626,Europe,Montenegro,Berane Municipality,ME,No,Montenegro
MOBI_adm1_1627,Europe,Montenegro,Bijelo Polje Municipality,ME,No,Montenegro
MOBI_adm1_1628,Europe,Montenegro,Budva Municipality,ME,No,Montenegro
MOBI_adm1_1629,Europe,Montenegro,Cetinje Municipality,ME,No,Montenegro
MOBI_adm1_1630,Europe,Montenegro,Danilovgrad Municipality,ME,No,Montenegro
MOBI_adm1_1631,Europe,Montenegro,Gusinje Municipality,ME,No,Montenegro
MOBI_adm1_1632,Europe,Montenegro,Herceg Novi Municipality,ME,No,Montenegro
MOBI_adm1_1633,Europe,Montenegro,Kolašin Municipality,ME,No,Montenegro
MOBI_adm1_1634,Europe,Montenegro,Kotor Municipality,ME,No,Montenegro
MOBI_adm1_1635,Europe,Montenegro,Mojkovac Municipality,ME,No,Montenegro
MOBI_adm1_1636,Europe,Montenegro,Nikšić Municipality,ME,No,Montenegro
MOBI_adm1_1637,Europe,Montenegro,Petnjica Municipality,ME,No,Montenegro
MOBI_adm1_1638,Europe,Montenegro,Plav Municipality,ME,No,Montenegro
MOBI_adm1_1639,Europe,Montenegro,Pljevlja Municipality,ME,No,Montenegro
MOBI_adm1_1640,Europe,Montenegro,Plužine Municipality,ME,No,Montenegro
MOBI_adm1_1641,Europe,Montenegro,Podgorica Municipality,ME,No,Montenegro
MOBI_adm1_1642,Europe,Montenegro,Rožaje Municipality,ME,No,Montenegro
MOBI_adm1_1643,Europe,Montenegro,Šavnik Municipality,ME,No,Montenegro
MOBI_adm1_1644,Europe,Montenegro,Ulcinj Municipality,ME,No,Montenegro
MOBI_adm1_1645,Europe,Montenegro,Žabljak Municipality,ME,No,Montenegro
MOBI_adm1_1646,Africa,Madagascar,Alaotra-Mangoro,MG,No,Madagascar
MOBI_adm1_1647,Africa,Madagascar,Amoron'i Mania,MG,No,Madagascar
MOBI_adm1_1648,Africa,Madagascar,Analamanga,MG,No,Madagascar
MOBI_adm1_1649,Africa,Madagascar,Analanjirofo,MG,No,Madagascar
MOBI_adm1_1650,Africa,Madagascar,Androy,MG,No,Madagascar
MOBI_adm1_1651,Africa,Madagascar,Anosy,MG,No,Madagascar
MOBI_adm1_1652,Africa,Madagascar,Atsimo-Andrefana,MG,No,Madagascar
MOBI_adm1_1653,Africa,Madagascar,Atsimo-Atsinanana,MG,No,Madagascar
MOBI_adm1_1654,Africa,Madagascar,Atsinanana,MG,No,Madagascar
MOBI_adm1_1655,Africa,Madagascar,Betsiboka,MG,No,Madagascar
MOBI_adm1_1656,Africa,Madagascar,Boeny,MG,No,Madagascar
MOBI_adm1_1657,Africa,Madagascar,Bongolava,MG,No,Madagascar
MOBI_adm1_1658,Africa,Madagascar,Diana,MG,No,Madagascar
MOBI_adm1_1659,Africa,Madagascar,Ihorombe,MG,No,Madagascar
MOBI_adm1_1660,Africa,Madagascar,Itasy,MG,No,Madagascar
MOBI_adm1_1661,Africa,Madagascar,Matsiatra Ambony,MG,No,Madagascar
MOBI_adm1_1662,Africa,Madagascar,Melaky,MG,No,Madagascar
MOBI_adm1_1663,Africa,Madagascar,Menabe,MG,No,Madagascar
MOBI_adm1_1664,Africa,Madagascar,Sava,MG,No,Madagascar
MOBI_adm1_1665,Africa,Madagascar,Sofia,MG,No,Madagascar
MOBI_adm1_1666,Africa,Madagascar,Vakinankaratra,MG,No,Madagascar
MOBI_adm1_1667,Africa,Madagascar,Vatovavy-Fitovinany,MG,No,Madagascar
MOBI_adm1_1668,Oceania,Marshall Islands (the),Aur,MH,No,Marshall Is
MOBI_adm1_1669,Oceania,Marshall Islands (the),Jabat,MH,No,Marshall Is
MOBI_adm1_1670,Oceania,Marshall Islands (the),Jaluit,MH,No,Marshall Is
MOBI_adm1_1671,Oceania,Marshall Islands (the),Maloelap,MH,No,Marshall Is
MOBI_adm1_1672,Oceania,Marshall Islands (the),Mili,MH,No,Marshall Is
MOBI_adm1_1673,Oceania,Marshall Islands (the),Namu,MH,No,Marshall Is
MOBI_adm1_1674,Oceania,Marshall Islands (the),Ujae,MH,No,Marshall Is
MOBI_adm1_1675,Oceania,Marshall Islands (the),Utirik,MH,No,Marshall Is
MOBI_adm1_1676,Oceania,Marshall Islands (the),Wotho,MH,No,Marshall Is
MOBI_adm1_1677,Oceania,Marshall Islands (the),Wotje,MH,No,Marshall Is
MOBI_adm1_1678,Europe,North Macedonia,East,MK,No,Macedonia
MOBI_adm1_1679,Europe,North Macedonia,Northeast,MK,No,Macedonia
MOBI_adm1_1680,Europe,North Macedonia,Pelagonia,MK,No,Macedonia
MOBI_adm1_1681,Europe,North Macedonia,Polog,MK,No,Macedonia
MOBI_adm1_1682,Europe,North Macedonia,Skopje,MK,No,Macedonia
MOBI_adm1_1683,Europe,North Macedonia,Southeast,MK,No,Macedonia
MOBI_adm1_1684,Europe,North Macedonia,Southwest,MK,No,Macedonia
MOBI_adm1_1685,Europe,North Macedonia,Vardar,MK,No,Macedonia
MOBI_adm1_1686,Africa,Mali,Bamako,ML,No,Mali
MOBI_adm1_1687,Africa,Mali,Gao,ML,No,Mali
MOBI_adm1_1688,Africa,Mali,Kayes,ML,No,Mali
MOBI_adm1_1689,Africa,Mali,Kidal,ML,No,Mali
MOBI_adm1_1690,Africa,Mali,Koulikouro,ML,No,Mali
MOBI_adm1_1691,Africa,Mali,Mopti,ML,No,Mali
MOBI_adm1_1692,Africa,Mali,Segou,ML,No,Mali
MOBI_adm1_1693,Africa,Mali,Sikasso,ML,No,Mali
MOBI_adm1_1694,Africa,Mali,Tombouctou,ML,No,Mali
MOBI_adm1_1695,Asia,Myanmar,Ayeyarwady,MM,No,Burma
MOBI_adm1_1696,Asia,Myanmar,Bago,MM,No,Burma
MOBI_adm1_1697,Asia,Myanmar,Chin,MM,No,Burma
MOBI_adm1_1698,Asia,Myanmar,Kachin,MM,No,Burma
MOBI_adm1_1699,Asia,Myanmar,Kayah,MM,No,Burma
MOBI_adm1_1700,Asia,Myanmar,Kayin,MM,No,Burma
MOBI_adm1_1701,Asia,Myanmar,Magway,MM,No,Burma
MOBI_adm1_1702,Asia,Myanmar,Mandalay,MM,No,Burma
MOBI_adm1_1703,Asia,Myanmar,Mon,MM,No,Burma
MOBI_adm1_1704,Asia,Myanmar,Rakhine,MM,No,Burma
MOBI_adm1_1705,Asia,Myanmar,Saigang,MM,No,Burma
MOBI_adm1_1706,Asia,Myanmar,Shan,MM,No,Burma
MOBI_adm1_1707,Asia,Myanmar,Tanitharyi,MM,No,Burma
MOBI_adm1_1708,Asia,Myanmar,Yangon,MM,No,Burma
MOBI_adm1_1709,Asia,Mongolia,Arkhangai,MN,No,Mongolia
MOBI_adm1_1710,Asia,Mongolia,Bayankhongor,MN,No,Mongolia
MOBI_adm1_1711,Asia,Mongolia,Bayan-Ölgii,MN,No,Mongolia
MOBI_adm1_1712,Asia,Mongolia,Bulgan,MN,No,Mongolia
MOBI_adm1_1713,Asia,Mongolia,Darkhan-Uul,MN,No,Mongolia
MOBI_adm1_1714,Asia,Mongolia,Dornod,MN,No,Mongolia
MOBI_adm1_1715,Asia,Mongolia,Dornogovi,MN,No,Mongolia
MOBI_adm1_1716,Asia,Mongolia,Dundgovi,MN,No,Mongolia
MOBI_adm1_1717,Asia,Mongolia,Govi-Altai,MN,No,Mongolia
MOBI_adm1_1718,Asia,Mongolia,Govisumber,MN,No,Mongolia
MOBI_adm1_1719,Asia,Mongolia,Hovsgel,MN,No,Mongolia
MOBI_adm1_1720,Asia,Mongolia,Khentii,MN,No,Mongolia
MOBI_adm1_1721,Asia,Mongolia,Khovd,MN,No,Mongolia
MOBI_adm1_1722,Asia,Mongolia,Ömnögovi,MN,No,Mongolia
MOBI_adm1_1723,Asia,Mongolia,Orkhon,MN,No,Mongolia
MOBI_adm1_1724,Asia,Mongolia,Övörkhangai,MN,No,Mongolia
MOBI_adm1_1725,Asia,Mongolia,Selenge,MN,No,Mongolia
MOBI_adm1_1726,Asia,Mongolia,Sükhbaatar,MN,No,Mongolia
MOBI_adm1_1727,Asia,Mongolia,Töv,MN,No,Mongolia
MOBI_adm1_1728,Asia,Mongolia,Ulaanbaatar,MN,No,Mongolia
MOBI_adm1_1729,Asia,Mongolia,Uvs,MN,No,Mongolia
MOBI_adm1_1730,Asia,Mongolia,Zavkhan,MN,No,Mongolia
MOBI_adm1_1731,Africa,Mauritania,Adrar,MR,No,Mauritania
MOBI_adm1_1732,Africa,Mauritania,Assaba,MR,No,Mauritania
MOBI_adm1_1733,Africa,Mauritania,Brakna,MR,No,Mauritania
MOBI_adm1_1734,Africa,Mauritania,Dakhlet Nouadhibou,MR,No,Mauritania
MOBI_adm1_1735,Africa,Mauritania,Gorgol,MR,No,Mauritania
MOBI_adm1_1736,Africa,Mauritania,Guidimaka,MR,No,Mauritania
MOBI_adm1_1737,Africa,Mauritania,Hodh ech Chargui,MR,No,Mauritania
MOBI_adm1_1738,Africa,Mauritania,Hodh el Gharbi,MR,No,Mauritania
MOBI_adm1_1739,Africa,Mauritania,Inchiri,MR,No,Mauritania
MOBI_adm1_1740,Africa,Mauritania,Nouakchott,MR,No,Mauritania
MOBI_adm1_1741,Africa,Mauritania,Tagant,MR,No,Mauritania
MOBI_adm1_1742,Africa,Mauritania,Tiris Zemmour,MR,No,Mauritania
MOBI_adm1_1743,Africa,Mauritania,Trarza,MR,No,Mauritania
MOBI_adm1_1744,Europe,Malta,Attard,MT,No,Malta
MOBI_adm1_1745,Europe,Malta,Balzan,MT,No,Malta
MOBI_adm1_1746,Europe,Malta,Birgu,MT,No,Malta
MOBI_adm1_1747,Europe,Malta,Birkirkara,MT,No,Malta
MOBI_adm1_1748,Europe,Malta,Birżebbuġa,MT,No,Malta
MOBI_adm1_1749,Europe,Malta,Bormla,MT,No,Malta
MOBI_adm1_1750,Europe,Malta,Dingli,MT,No,Malta
MOBI_adm1_1751,Europe,Malta,Fgura,MT,No,Malta
MOBI_adm1_1752,Europe,Malta,Floriana,MT,No,Malta
MOBI_adm1_1753,Europe,Malta,Fontana,MT,No,Malta
MOBI_adm1_1754,Europe,Malta,Gharb,MT,No,Malta
MOBI_adm1_1755,Europe,Malta,Għargħur,MT,No,Malta
MOBI_adm1_1756,Europe,Malta,Ghasri,MT,No,Malta
MOBI_adm1_1757,Europe,Malta,Għaxaq,MT,No,Malta
MOBI_adm1_1758,Europe,Malta,Gudja,MT,No,Malta
MOBI_adm1_1759,Europe,Malta,Gżira,MT,No,Malta
MOBI_adm1_1760,Europe,Malta,Ħamrun,MT,No,Malta
MOBI_adm1_1761,Europe,Malta,Iklin,MT,No,Malta
MOBI_adm1_1762,Europe,Malta,Kalkara,MT,No,Malta
MOBI_adm1_1763,Europe,Malta,Kerċem,MT,No,Malta
MOBI_adm1_1764,Europe,Malta,Kirkop,MT,No,Malta
MOBI_adm1_1765,Europe,Malta,Lija,MT,No,Malta
MOBI_adm1_1766,Europe,Malta,Luqa,MT,No,Malta
MOBI_adm1_1767,Europe,Malta,Marsa,MT,No,Malta
MOBI_adm1_1768,Europe,Malta,Marsaskala,MT,No,Malta
MOBI_adm1_1769,Europe,Malta,Marsaxlokk,MT,No,Malta
MOBI_adm1_1770,Europe,Malta,Mdina,MT,No,Malta
MOBI_adm1_1771,Europe,Malta,Mellieħa,MT,No,Malta
MOBI_adm1_1772,Europe,Malta,Mġarr,MT,No,Malta
MOBI_adm1_1773,Europe,Malta,Mosta,MT,No,Malta
MOBI_adm1_1774,Europe,Malta,Mqabba,MT,No,Malta
MOBI_adm1_1775,Europe,Malta,Msida,MT,No,Malta
MOBI_adm1_1776,Europe,Malta,Mtarfa,MT,No,Malta
MOBI_adm1_1777,Europe,Malta,Munxar,MT,No,Malta
MOBI_adm1_1778,Europe,Malta,Nadur,MT,No,Malta
MOBI_adm1_1779,Europe,Malta,Naxxar,MT,No,Malta
MOBI_adm1_1780,Europe,Malta,Paola,MT,No,Malta
MOBI_adm1_1781,Europe,Malta,Pembroke,MT,No,Malta
MOBI_adm1_1782,Europe,Malta,Pietà,MT,No,Malta
MOBI_adm1_1783,Europe,Malta,Qala,MT,No,Malta
MOBI_adm1_1784,Europe,Malta,Qormi,MT,No,Malta
MOBI_adm1_1785,Europe,Malta,Qrendi,MT,No,Malta
MOBI_adm1_1786,Europe,Malta,Rabat Gozo,MT,No,Malta
MOBI_adm1_1787,Europe,Malta,Rabat Malta,MT,No,Malta
MOBI_adm1_1788,Europe,Malta,Safi,MT,No,Malta
MOBI_adm1_1789,Europe,Malta,Saint John,MT,No,Malta
MOBI_adm1_1790,Europe,Malta,Saint Julian's,MT,No,Malta
MOBI_adm1_1791,Europe,Malta,Saint Lawerence,MT,No,Malta
MOBI_adm1_1792,Europe,Malta,Saint Lucia's,MT,No,Malta
MOBI_adm1_1793,Europe,Malta,Saint Paul's Bay,MT,No,Malta
MOBI_adm1_1794,Europe,Malta,Sannat,MT,No,Malta
MOBI_adm1_1795,Europe,Malta,Santa Venera,MT,No,Malta
MOBI_adm1_1796,Europe,Malta,Siġġiewi,MT,No,Malta
MOBI_adm1_1797,Europe,Malta,Sliema,MT,No,Malta
MOBI_adm1_1798,Europe,Malta,Swieqi,MT,No,Malta
MOBI_adm1_1799,Europe,Malta,Ta' Xbiex,MT,No,Malta
MOBI_adm1_1800,Europe,Malta,Tarxien,MT,No,Malta
MOBI_adm1_1801,Europe,Malta,Valletta,MT,No,Malta
MOBI_adm1_1802,Europe,Malta,Xagħra,MT,No,Malta
MOBI_adm1_1803,Europe,Malta,Xewkija,MT,No,Malta
MOBI_adm1_1804,Europe,Malta,Xgħajra,MT,No,Malta
MOBI_adm1_1805,Europe,Malta,Żabbar,MT,No,Malta
MOBI_adm1_1806,Europe,Malta,Żebbuġ Gozo,MT,No,Malta
MOBI_adm1_1807,Europe,Malta,Żebbuġ Malta,MT,No,Malta
MOBI_adm1_1808,Europe,Malta,Żejtun,MT,No,Malta
MOBI_adm1_1809,Europe,Malta,Żurrieq,MT,No,Malta
MOBI_adm1_1810,Africa,Mauritius,Black River,MU,No,Mauritius
MOBI_adm1_1811,Africa,Mauritius,Flacq,MU,No,Mauritius
MOBI_adm1_1812,Africa,Mauritius,Grand Port,MU,No,Mauritius
MOBI_adm1_1813,Africa,Mauritius,Moka,MU,No,Mauritius
MOBI_adm1_1814,Africa,Mauritius,Pamplemousses,MU,No,Mauritius
MOBI_adm1_1815,Africa,Mauritius,Plaines Wilhems,MU,No,Mauritius
MOBI_adm1_1816,Africa,Mauritius,Port Louis,MU,No,Mauritius
MOBI_adm1_1817,Africa,Mauritius,Rivière du Rempart,MU,No,Mauritius
MOBI_adm1_1818,Africa,Mauritius,Rodrigues,MU,No,Mauritius
MOBI_adm1_1819,Africa,Mauritius,Savanne,MU,No,Mauritius
MOBI_adm1_1820,Africa,Mauritius,St. Brandon,MU,No,Mauritius
MOBI_adm1_1821,Asia,Maldives,Vaavu,MV,No,Maldives
MOBI_adm1_1822,Africa,Malawi,Central Region,MW,No,Malawi
MOBI_adm1_1823,Africa,Malawi,Northern Region,MW,No,Malawi
MOBI_adm1_1824,Africa,Malawi,Southern Region,MW,No,Malawi
MOBI_adm1_1825,Americas,Mexico,Aguascalientes,MX,No,Mexico
MOBI_adm1_1826,Americas,Mexico,Baja California,MX,No,Mexico
MOBI_adm1_1827,Americas,Mexico,Baja California Sur,MX,No,Mexico
MOBI_adm1_1828,Americas,Mexico,Campeche,MX,No,Mexico
MOBI_adm1_1829,Americas,Mexico,Chiapas,MX,No,Mexico
MOBI_adm1_1830,Americas,Mexico,Chihuahua,MX,No,Mexico
MOBI_adm1_1831,Americas,Mexico,Coahuila de Zaragoza,MX,No,Mexico
MOBI_adm1_1832,Americas,Mexico,Colima,MX,No,Mexico
MOBI_adm1_1833,Americas,Mexico,Distrito Federal,MX,No,Mexico
MOBI_adm1_1834,Americas,Mexico,Durango,MX,No,Mexico
MOBI_adm1_1835,Americas,Mexico,Guanajuato,MX,No,Mexico
MOBI_adm1_1836,Americas,Mexico,Guerrero,MX,No,Mexico
MOBI_adm1_1837,Americas,Mexico,Hidalgo,MX,No,Mexico
MOBI_adm1_1838,Americas,Mexico,Jalisco,MX,No,Mexico
MOBI_adm1_1839,Americas,Mexico,Mexico,MX,No,Mexico
MOBI_adm1_1840,Americas,Mexico,Michoacan de Ocampo,MX,No,Mexico
MOBI_adm1_1841,Americas,Mexico,Morelos,MX,No,Mexico
MOBI_adm1_1842,Americas,Mexico,Nayarit,MX,No,Mexico
MOBI_adm1_1843,Americas,Mexico,Nuevo Leon,MX,No,Mexico
MOBI_adm1_1844,Americas,Mexico,Oaxaca,MX,No,Mexico
MOBI_adm1_1845,Americas,Mexico,Puebla,MX,No,Mexico
MOBI_adm1_1846,Americas,Mexico,Queretaro de Arteaga,MX,No,Mexico
MOBI_adm1_1847,Americas,Mexico,Quintana Roo,MX,No,Mexico
MOBI_adm1_1848,Americas,Mexico,San Luis Potosi,MX,No,Mexico
MOBI_adm1_1849,Americas,Mexico,Sinaloa,MX,No,Mexico
MOBI_adm1_1850,Americas,Mexico,Sonora,MX,No,Mexico
MOBI_adm1_1851,Americas,Mexico,Tabasco,MX,No,Mexico
MOBI_adm1_1852,Americas,Mexico,Tamaulipas,MX,No,Mexico
MOBI_adm1_1853,Americas,Mexico,Tlaxcala,MX,No,Mexico
MOBI_adm1_1854,Americas,Mexico,Veracruz de Ignacio de la Llave,MX,No,Mexico
MOBI_adm1_1855,Americas,Mexico,Yucatan,MX,No,Mexico
MOBI_adm1_1856,Americas,Mexico,Zacatecas,MX,No,Mexico
MOBI_adm1_1857,Asia,Malaysia,Johor,MY,No,Malaysia
MOBI_adm1_1858,Asia,Malaysia,Kedah,MY,No,Malaysia
MOBI_adm1_1859,Asia,Malaysia,Kelantan,MY,No,Malaysia
MOBI_adm1_1860,Asia,Malaysia,Kuala Lumpur,MY,No,Malaysia
MOBI_adm1_1861,Asia,Malaysia,Labuan,MY,No,Malaysia
MOBI_adm1_1862,Asia,Malaysia,Malacca,MY,No,Malaysia
MOBI_adm1_1863,Asia,Malaysia,Negeri Sembilan,MY,No,Malaysia
MOBI_adm1_1864,Asia,Malaysia,Pahang,MY,No,Malaysia
MOBI_adm1_1865,Asia,Malaysia,Penang,MY,No,Malaysia
MOBI_adm1_1866,Asia,Malaysia,Perak,MY,No,Malaysia
MOBI_adm1_1867,Asia,Malaysia,Perlis,MY,No,Malaysia
MOBI_adm1_1868,Asia,Malaysia,Sabah,MY,No,Malaysia
MOBI_adm1_1869,Asia,Malaysia,Sarawak,MY,No,Malaysia
MOBI_adm1_1870,Asia,Malaysia,Selangor,MY,No,Malaysia
MOBI_adm1_1871,Asia,Malaysia,Terengganu,MY,No,Malaysia
MOBI_adm1_1872,Africa,Mozambique,Cabo Delgado,MZ,No,Mozambique
MOBI_adm1_1873,Africa,Mozambique,Gaza,MZ,No,Mozambique
MOBI_adm1_1874,Africa,Mozambique,Inhambane,MZ,No,Mozambique
MOBI_adm1_1875,Africa,Mozambique,Manica,MZ,No,Mozambique
MOBI_adm1_1876,Africa,Mozambique,Maputo,MZ,No,Mozambique
MOBI_adm1_1877,Africa,Mozambique,Nampula,MZ,No,Mozambique
MOBI_adm1_1878,Africa,Mozambique,Niassa,MZ,No,Mozambique
MOBI_adm1_1879,Africa,Mozambique,Sofala,MZ,No,Mozambique
MOBI_adm1_1880,Africa,Mozambique,Tete,MZ,No,Mozambique
MOBI_adm1_1881,Africa,Mozambique,Zambézia,MZ,No,Mozambique
MOBI_adm1_1882,,,Caprivi,,No,Namibia
MOBI_adm1_1882,,,Caprivi,,No,Namibia
MOBI_adm1_1882,,,Caprivi,,No,Namibia
MOBI_adm1_1882,,,Caprivi,,No,Namibia
MOBI_adm1_1882,,,Caprivi,,No,Namibia
MOBI_adm1_1882,,,Caprivi,,No,Namibia
MOBI_adm1_1882,,,Caprivi,,No,Namibia
MOBI_adm1_1882,,,Caprivi,,No,Namibia
MOBI_adm1_1882,,,Caprivi,,No,Namibia
MOBI_adm1_1882,,,Caprivi,,No,Namibia
MOBI_adm1_1882,,,Caprivi,,No,Namibia
MOBI_adm1_1882,,,Caprivi,,No,Namibia
MOBI_adm1_1882,,,Caprivi,,No,Namibia
MOBI_adm1_1882,,,Caprivi,,No,Namibia
MOBI_adm1_1882,,,Caprivi,,No,Namibia
MOBI_adm1_1882,,,Caprivi,,No,Namibia
MOBI_adm1_1882,Africa,,Caprivi,,No,Namibia
MOBI_adm1_1882,,,Caprivi,,No,Namibia
MOBI_adm1_1882,Americas,,Caprivi,,No,Namibia
MOBI_adm1_1882,,,Caprivi,,No,Namibia
MOBI_adm1_1882,,,Caprivi,,No,Namibia
MOBI_adm1_1882,,,Caprivi,,No,Namibia
MOBI_adm1_1882,,,Caprivi,,No,Namibia
MOBI_adm1_1882,,,Caprivi,,No,Namibia
MOBI_adm1_1882,Asia,,Caprivi,,No,Namibia
MOBI_adm1_1882,,,Caprivi,,No,Namibia
MOBI_adm1_1882,,,Caprivi,,No,Namibia
MOBI_adm1_1882,,,Caprivi,,No,Namibia
MOBI_adm1_1882,,,Caprivi,,No,Namibia
MOBI_adm1_1882,Africa,,Caprivi,,No,Namibia
MOBI_adm1_1882,,,Caprivi,,No,Namibia
MOBI_adm1_1882,,,Caprivi,,No,Namibia
MOBI_adm1_1882,,,Caprivi,,No,Namibia
MOBI_adm1_1882,,,Caprivi,,No,Namibia
MOBI_adm1_1882,Asia,,Caprivi,,No,Namibia
MOBI_adm1_1882,,,Caprivi,,No,Namibia
MOBI_adm1_1882,,,Caprivi,,No,Namibia
MOBI_adm1_1882,,,Caprivi,,No,Namibia
MOBI_adm1_1882,,,Caprivi,,No,Namibia
MOBI_adm1_1882,,,Caprivi,,No,Namibia
MOBI_adm1_1882,,,Caprivi,,No,Namibia
MOBI_adm1_1882,,,Caprivi,,No,Namibia
MOBI_adm1_1882,,,Caprivi,,No,Namibia
MOBI_adm1_1882,,,Caprivi,,No,Namibia
MOBI_adm1_1882,,,Caprivi,,No,Namibia
MOBI_adm1_1882,,,Caprivi,,No,Namibia
MOBI_adm1_1882,,,Caprivi,,No,Namibia
MOBI_adm1_1882,,,Caprivi,,No,Namibia
MOBI_adm1_1882,,,Caprivi,,No,Namibia
MOBI_adm1_1882,,,Caprivi,,No,Namibia
MOBI_adm1_1882,,,Caprivi,,No,Namibia
MOBI_adm1_1882,,,Caprivi,,No,Namibia
MOBI_adm1_1882,,,Caprivi,,No,Namibia
MOBI_adm1_1882,,,Caprivi,,No,Namibia
MOBI_adm1_1882,,,Caprivi,,No,Namibia
MOBI_adm1_1882,,,Caprivi,,No,Namibia
MOBI_adm1_1882,,,Caprivi,,No,Namibia
MOBI_adm1_1882,,,Caprivi,,No,Namibia
MOBI_adm1_1882,,,Caprivi,,No,Namibia
MOBI_adm1_1882,,,Caprivi,,No,Namibia
MOBI_adm1_1882,,,Caprivi,,No,Namibia
MOBI_adm1_1882,,,Caprivi,,No,Namibia
MOBI_adm1_1882,,,Caprivi,,No,Namibia
MOBI_adm1_1882,,,Caprivi,,No,Namibia
MOBI_adm1_1882,,,Caprivi,,No,Namibia
MOBI_adm1_1882,,,Caprivi,,No,Namibia
MOBI_adm1_1882,,,Caprivi,,No,Namibia
MOBI_adm1_1883,,,Erongo,,No,Namibia
MOBI_adm1_1883,,,Erongo,,No,Namibia
MOBI_adm1_1883,,,Erongo,,No,Namibia
MOBI_adm1_1883,,,Erongo,,No,Namibia
MOBI_adm1_1883,,,Erongo,,No,Namibia
MOBI_adm1_1883,,,Erongo,,No,Namibia
MOBI_adm1_1883,,,Erongo,,No,Namibia
MOBI_adm1_1883,,,Erongo,,No,Namibia
MOBI_adm1_1883,,,Erongo,,No,Namibia
MOBI_adm1_1883,,,Erongo,,No,Namibia
MOBI_adm1_1883,,,Erongo,,No,Namibia
MOBI_adm1_1883,,,Erongo,,No,Namibia
MOBI_adm1_1883,,,Erongo,,No,Namibia
MOBI_adm1_1883,,,Erongo,,No,Namibia
MOBI_adm1_1883,,,Erongo,,No,Namibia
MOBI_adm1_1883,,,Erongo,,No,Namibia
MOBI_adm1_1883,Africa,,Erongo,,No,Namibia
MOBI_adm1_1883,,,Erongo,,No,Namibia
MOBI_adm1_1883,Americas,,Erongo,,No,Namibia
MOBI_adm1_1883,,,Erongo,,No,Namibia
MOBI_adm1_1883,,,Erongo,,No,Namibia
MOBI_adm1_1883,,,Erongo,,No,Namibia
MOBI_adm1_1883,,,Erongo,,No,Namibia
MOBI_adm1_1883,,,Erongo,,No,Namibia
MOBI_adm1_1883,Asia,,Erongo,,No,Namibia
MOBI_adm1_1883,,,Erongo,,No,Namibia
MOBI_adm1_1883,,,Erongo,,No,Namibia
MOBI_adm1_1883,,,Erongo,,No,Namibia
MOBI_adm1_1883,,,Erongo,,No,Namibia
MOBI_adm1_1883,Africa,,Erongo,,No,Namibia
MOBI_adm1_1883,,,Erongo,,No,Namibia
MOBI_adm1_1883,,,Erongo,,No,Namibia
MOBI_adm1_1883,,,Erongo,,No,Namibia
MOBI_adm1_1883,,,Erongo,,No,Namibia
MOBI_adm1_1883,Asia,,Erongo,,No,Namibia
MOBI_adm1_1883,,,Erongo,,No,Namibia
MOBI_adm1_1883,,,Erongo,,No,Namibia
MOBI_adm1_1883,,,Erongo,,No,Namibia
MOBI_adm1_1883,,,Erongo,,No,Namibia
MOBI_adm1_1883,,,Erongo,,No,Namibia
MOBI_adm1_1883,,,Erongo,,No,Namibia
MOBI_adm1_1883,,,Erongo,,No,Namibia
MOBI_adm1_1883,,,Erongo,,No,Namibia
MOBI_adm1_1883,,,Erongo,,No,Namibia
MOBI_adm1_1883,,,Erongo,,No,Namibia
MOBI_adm1_1883,,,Erongo,,No,Namibia
MOBI_adm1_1883,,,Erongo,,No,Namibia
MOBI_adm1_1883,,,Erongo,,No,Namibia
MOBI_adm1_1883,,,Erongo,,No,Namibia
MOBI_adm1_1883,,,Erongo,,No,Namibia
MOBI_adm1_1883,,,Erongo,,No,Namibia
MOBI_adm1_1883,,,Erongo,,No,Namibia
MOBI_adm1_1883,,,Erongo,,No,Namibia
MOBI_adm1_1883,,,Erongo,,No,Namibia
MOBI_adm1_1883,,,Erongo,,No,Namibia
MOBI_adm1_1883,,,Erongo,,No,Namibia
MOBI_adm1_1883,,,Erongo,,No,Namibia
MOBI_adm1_1883,,,Erongo,,No,Namibia
MOBI_adm1_1883,,,Erongo,,No,Namibia
MOBI_adm1_1883,,,Erongo,,No,Namibia
MOBI_adm1_1883,,,Erongo,,No,Namibia
MOBI_adm1_1883,,,Erongo,,No,Namibia
MOBI_adm1_1883,,,Erongo,,No,Namibia
MOBI_adm1_1883,,,Erongo,,No,Namibia
MOBI_adm1_1883,,,Erongo,,No,Namibia
MOBI_adm1_1883,,,Erongo,,No,Namibia
MOBI_adm1_1883,,,Erongo,,No,Namibia
MOBI_adm1_1884,,,Hardap,,No,Namibia
MOBI_adm1_1884,,,Hardap,,No,Namibia
MOBI_adm1_1884,,,Hardap,,No,Namibia
MOBI_adm1_1884,,,Hardap,,No,Namibia
MOBI_adm1_1884,,,Hardap,,No,Namibia
MOBI_adm1_1884,,,Hardap,,No,Namibia
MOBI_adm1_1884,,,Hardap,,No,Namibia
MOBI_adm1_1884,,,Hardap,,No,Namibia
MOBI_adm1_1884,,,Hardap,,No,Namibia
MOBI_adm1_1884,,,Hardap,,No,Namibia
MOBI_adm1_1884,,,Hardap,,No,Namibia
MOBI_adm1_1884,,,Hardap,,No,Namibia
MOBI_adm1_1884,,,Hardap,,No,Namibia
MOBI_adm1_1884,,,Hardap,,No,Namibia
MOBI_adm1_1884,,,Hardap,,No,Namibia
MOBI_adm1_1884,,,Hardap,,No,Namibia
MOBI_adm1_1884,Africa,,Hardap,,No,Namibia
MOBI_adm1_1884,,,Hardap,,No,Namibia
MOBI_adm1_1884,Americas,,Hardap,,No,Namibia
MOBI_adm1_1884,,,Hardap,,No,Namibia
MOBI_adm1_1884,,,Hardap,,No,Namibia
MOBI_adm1_1884,,,Hardap,,No,Namibia
MOBI_adm1_1884,,,Hardap,,No,Namibia
MOBI_adm1_1884,,,Hardap,,No,Namibia
MOBI_adm1_1884,Asia,,Hardap,,No,Namibia
MOBI_adm1_1884,,,Hardap,,No,Namibia
MOBI_adm1_1884,,,Hardap,,No,Namibia
MOBI_adm1_1884,,,Hardap,,No,Namibia
MOBI_adm1_1884,,,Hardap,,No,Namibia
MOBI_adm1_1884,Africa,,Hardap,,No,Namibia
MOBI_adm1_1884,,,Hardap,,No,Namibia
MOBI_adm1_1884,,,Hardap,,No,Namibia
MOBI_adm1_1884,,,Hardap,,No,Namibia
MOBI_adm1_1884,,,Hardap,,No,Namibia
MOBI_adm1_1884,Asia,,Hardap,,No,Namibia
MOBI_adm1_1884,,,Hardap,,No,Namibia
MOBI_adm1_1884,,,Hardap,,No,Namibia
MOBI_adm1_1884,,,Hardap,,No,Namibia
MOBI_adm1_1884,,,Hardap,,No,Namibia
MOBI_adm1_1884,,,Hardap,,No,Namibia
MOBI_adm1_1884,,,Hardap,,No,Namibia
MOBI_adm1_1884,,,Hardap,,No,Namibia
MOBI_adm1_1884,,,Hardap,,No,Namibia
MOBI_adm1_1884,,,Hardap,,No,Namibia
MOBI_adm1_1884,,,Hardap,,No,Namibia
MOBI_adm1_1884,,,Hardap,,No,Namibia
MOBI_adm1_1884,,,Hardap,,No,Namibia
MOBI_adm1_1884,,,Hardap,,No,Namibia
MOBI_adm1_1884,,,Hardap,,No,Namibia
MOBI_adm1_1884,,,Hardap,,No,Namibia
MOBI_adm1_1884,,,Hardap,,No,Namibia
MOBI_adm1_1884,,,Hardap,,No,Namibia
MOBI_adm1_1884,,,Hardap,,No,Namibia
MOBI_adm1_1884,,,Hardap,,No,Namibia
MOBI_adm1_1884,,,Hardap,,No,Namibia
MOBI_adm1_1884,,,Hardap,,No,Namibia
MOBI_adm1_1884,,,Hardap,,No,Namibia
MOBI_adm1_1884,,,Hardap,,No,Namibia
MOBI_adm1_1884,,,Hardap,,No,Namibia
MOBI_adm1_1884,,,Hardap,,No,Namibia
MOBI_adm1_1884,,,Hardap,,No,Namibia
MOBI_adm1_1884,,,Hardap,,No,Namibia
MOBI_adm1_1884,,,Hardap,,No,Namibia
MOBI_adm1_1884,,,Hardap,,No,Namibia
MOBI_adm1_1884,,,Hardap,,No,Namibia
MOBI_adm1_1884,,,Hardap,,No,Namibia
MOBI_adm1_1884,,,Hardap,,No,Namibia
MOBI_adm1_1885,,,Karas,,No,Namibia
MOBI_adm1_1885,,,Karas,,No,Namibia
MOBI_adm1_1885,,,Karas,,No,Namibia
MOBI_adm1_1885,,,Karas,,No,Namibia
MOBI_adm1_1885,,,Karas,,No,Namibia
MOBI_adm1_1885,,,Karas,,No,Namibia
MOBI_adm1_1885,,,Karas,,No,Namibia
MOBI_adm1_1885,,,Karas,,No,Namibia
MOBI_adm1_1885,,,Karas,,No,Namibia
MOBI_adm1_1885,,,Karas,,No,Namibia
MOBI_adm1_1885,,,Karas,,No,Namibia
MOBI_adm1_1885,,,Karas,,No,Namibia
MOBI_adm1_1885,,,Karas,,No,Namibia
MOBI_adm1_1885,,,Karas,,No,Namibia
MOBI_adm1_1885,,,Karas,,No,Namibia
MOBI_adm1_1885,,,Karas,,No,Namibia
MOBI_adm1_1885,Africa,,Karas,,No,Namibia
MOBI_adm1_1885,,,Karas,,No,Namibia
MOBI_adm1_1885,Americas,,Karas,,No,Namibia
MOBI_adm1_1885,,,Karas,,No,Namibia
MOBI_adm1_1885,,,Karas,,No,Namibia
MOBI_adm1_1885,,,Karas,,No,Namibia
MOBI_adm1_1885,,,Karas,,No,Namibia
MOBI_adm1_1885,,,Karas,,No,Namibia
MOBI_adm1_1885,Asia,,Karas,,No,Namibia
MOBI_adm1_1885,,,Karas,,No,Namibia
MOBI_adm1_1885,,,Karas,,No,Namibia
MOBI_adm1_1885,,,Karas,,No,Namibia
MOBI_adm1_1885,,,Karas,,No,Namibia
MOBI_adm1_1885,Africa,,Karas,,No,Namibia
MOBI_adm1_1885,,,Karas,,No,Namibia
MOBI_adm1_1885,,,Karas,,No,Namibia
MOBI_adm1_1885,,,Karas,,No,Namibia
MOBI_adm1_1885,,,Karas,,No,Namibia
MOBI_adm1_1885,Asia,,Karas,,No,Namibia
MOBI_adm1_1885,,,Karas,,No,Namibia
MOBI_adm1_1885,,,Karas,,No,Namibia
MOBI_adm1_1885,,,Karas,,No,Namibia
MOBI_adm1_1885,,,Karas,,No,Namibia
MOBI_adm1_1885,,,Karas,,No,Namibia
MOBI_adm1_1885,,,Karas,,No,Namibia
MOBI_adm1_1885,,,Karas,,No,Namibia
MOBI_adm1_1885,,,Karas,,No,Namibia
MOBI_adm1_1885,,,Karas,,No,Namibia
MOBI_adm1_1885,,,Karas,,No,Namibia
MOBI_adm1_1885,,,Karas,,No,Namibia
MOBI_adm1_1885,,,Karas,,No,Namibia
MOBI_adm1_1885,,,Karas,,No,Namibia
MOBI_adm1_1885,,,Karas,,No,Namibia
MOBI_adm1_1885,,,Karas,,No,Namibia
MOBI_adm1_1885,,,Karas,,No,Namibia
MOBI_adm1_1885,,,Karas,,No,Namibia
MOBI_adm1_1885,,,Karas,,No,Namibia
MOBI_adm1_1885,,,Karas,,No,Namibia
MOBI_adm1_1885,,,Karas,,No,Namibia
MOBI_adm1_1885,,,Karas,,No,Namibia
MOBI_adm1_1885,,,Karas,,No,Namibia
MOBI_adm1_1885,,,Karas,,No,Namibia
MOBI_adm1_1885,,,Karas,,No,Namibia
MOBI_adm1_1885,,,Karas,,No,Namibia
MOBI_adm1_1885,,,Karas,,No,Namibia
MOBI_adm1_1885,,,Karas,,No,Namibia
MOBI_adm1_1885,,,Karas,,No,Namibia
MOBI_adm1_1885,,,Karas,,No,Namibia
MOBI_adm1_1885,,,Karas,,No,Namibia
MOBI_adm1_1885,,,Karas,,No,Namibia
MOBI_adm1_1885,,,Karas,,No,Namibia
MOBI_adm1_1886,,,Kavango,,No,Namibia
MOBI_adm1_1886,,,Kavango,,No,Namibia
MOBI_adm1_1886,,,Kavango,,No,Namibia
MOBI_adm1_1886,,,Kavango,,No,Namibia
MOBI_adm1_1886,,,Kavango,,No,Namibia
MOBI_adm1_1886,,,Kavango,,No,Namibia
MOBI_adm1_1886,,,Kavango,,No,Namibia
MOBI_adm1_1886,,,Kavango,,No,Namibia
MOBI_adm1_1886,,,Kavango,,No,Namibia
MOBI_adm1_1886,,,Kavango,,No,Namibia
MOBI_adm1_1886,,,Kavango,,No,Namibia
MOBI_adm1_1886,,,Kavango,,No,Namibia
MOBI_adm1_1886,,,Kavango,,No,Namibia
MOBI_adm1_1886,,,Kavango,,No,Namibia
MOBI_adm1_1886,,,Kavango,,No,Namibia
MOBI_adm1_1886,,,Kavango,,No,Namibia
MOBI_adm1_1886,Africa,,Kavango,,No,Namibia
MOBI_adm1_1886,,,Kavango,,No,Namibia
MOBI_adm1_1886,Americas,,Kavango,,No,Namibia
MOBI_adm1_1886,,,Kavango,,No,Namibia
MOBI_adm1_1886,,,Kavango,,No,Namibia
MOBI_adm1_1886,,,Kavango,,No,Namibia
MOBI_adm1_1886,,,Kavango,,No,Namibia
MOBI_adm1_1886,,,Kavango,,No,Namibia
MOBI_adm1_1886,Asia,,Kavango,,No,Namibia
MOBI_adm1_1886,,,Kavango,,No,Namibia
MOBI_adm1_1886,,,Kavango,,No,Namibia
MOBI_adm1_1886,,,Kavango,,No,Namibia
MOBI_adm1_1886,,,Kavango,,No,Namibia
MOBI_adm1_1886,Africa,,Kavango,,No,Namibia
MOBI_adm1_1886,,,Kavango,,No,Namibia
MOBI_adm1_1886,,,Kavango,,No,Namibia
MOBI_adm1_1886,,,Kavango,,No,Namibia
MOBI_adm1_1886,,,Kavango,,No,Namibia
MOBI_adm1_1886,Asia,,Kavango,,No,Namibia
MOBI_adm1_1886,,,Kavango,,No,Namibia
MOBI_adm1_1886,,,Kavango,,No,Namibia
MOBI_adm1_1886,,,Kavango,,No,Namibia
MOBI_adm1_1886,,,Kavango,,No,Namibia
MOBI_adm1_1886,,,Kavango,,No,Namibia
MOBI_adm1_1886,,,Kavango,,No,Namibia
MOBI_adm1_1886,,,Kavango,,No,Namibia
MOBI_adm1_1886,,,Kavango,,No,Namibia
MOBI_adm1_1886,,,Kavango,,No,Namibia
MOBI_adm1_1886,,,Kavango,,No,Namibia
MOBI_adm1_1886,,,Kavango,,No,Namibia
MOBI_adm1_1886,,,Kavango,,No,Namibia
MOBI_adm1_1886,,,Kavango,,No,Namibia
MOBI_adm1_1886,,,Kavango,,No,Namibia
MOBI_adm1_1886,,,Kavango,,No,Namibia
MOBI_adm1_1886,,,Kavango,,No,Namibia
MOBI_adm1_1886,,,Kavango,,No,Namibia
MOBI_adm1_1886,,,Kavango,,No,Namibia
MOBI_adm1_1886,,,Kavango,,No,Namibia
MOBI_adm1_1886,,,Kavango,,No,Namibia
MOBI_adm1_1886,,,Kavango,,No,Namibia
MOBI_adm1_1886,,,Kavango,,No,Namibia
MOBI_adm1_1886,,,Kavango,,No,Namibia
MOBI_adm1_1886,,,Kavango,,No,Namibia
MOBI_adm1_1886,,,Kavango,,No,Namibia
MOBI_adm1_1886,,,Kavango,,No,Namibia
MOBI_adm1_1886,,,Kavango,,No,Namibia
MOBI_adm1_1886,,,Kavango,,No,Namibia
MOBI_adm1_1886,,,Kavango,,No,Namibia
MOBI_adm1_1886,,,Kavango,,No,Namibia
MOBI_adm1_1886,,,Kavango,,No,Namibia
MOBI_adm1_1886,,,Kavango,,No,Namibia
MOBI_adm1_1887,,,Khomas,,No,Namibia
MOBI_adm1_1887,,,Khomas,,No,Namibia
MOBI_adm1_1887,,,Khomas,,No,Namibia
MOBI_adm1_1887,,,Khomas,,No,Namibia
MOBI_adm1_1887,,,Khomas,,No,Namibia
MOBI_adm1_1887,,,Khomas,,No,Namibia
MOBI_adm1_1887,,,Khomas,,No,Namibia
MOBI_adm1_1887,,,Khomas,,No,Namibia
MOBI_adm1_1887,,,Khomas,,No,Namibia
MOBI_adm1_1887,,,Khomas,,No,Namibia
MOBI_adm1_1887,,,Khomas,,No,Namibia
MOBI_adm1_1887,,,Khomas,,No,Namibia
MOBI_adm1_1887,,,Khomas,,No,Namibia
MOBI_adm1_1887,,,Khomas,,No,Namibia
MOBI_adm1_1887,,,Khomas,,No,Namibia
MOBI_adm1_1887,,,Khomas,,No,Namibia
MOBI_adm1_1887,Africa,,Khomas,,No,Namibia
MOBI_adm1_1887,,,Khomas,,No,Namibia
MOBI_adm1_1887,Americas,,Khomas,,No,Namibia
MOBI_adm1_1887,,,Khomas,,No,Namibia
MOBI_adm1_1887,,,Khomas,,No,Namibia
MOBI_adm1_1887,,,Khomas,,No,Namibia
MOBI_adm1_1887,,,Khomas,,No,Namibia
MOBI_adm1_1887,,,Khomas,,No,Namibia
MOBI_adm1_1887,Asia,,Khomas,,No,Namibia
MOBI_adm1_1887,,,Khomas,,No,Namibia
MOBI_adm1_1887,,,Khomas,,No,Namibia
MOBI_adm1_1887,,,Khomas,,No,Namibia
MOBI_adm1_1887,,,Khomas,,No,Namibia
MOBI_adm1_1887,Africa,,Khomas,,No,Namibia
MOBI_adm1_1887,,,Khomas,,No,Namibia
MOBI_adm1_1887,,,Khomas,,No,Namibia
MOBI_adm1_1887,,,Khomas,,No,Namibia
MOBI_adm1_1887,,,Khomas,,No,Namibia
MOBI_adm1_1887,Asia,,Khomas,,No,Namibia
MOBI_adm1_1887,,,Khomas,,No,Namibia
MOBI_adm1_1887,,,Khomas,,No,Namibia
MOBI_adm1_1887,,,Khomas,,No,Namibia
MOBI_adm1_1887,,,Khomas,,No,Namibia
MOBI_adm1_1887,,,Khomas,,No,Namibia
MOBI_adm1_1887,,,Khomas,,No,Namibia
MOBI_adm1_1887,,,Khomas,,No,Namibia
MOBI_adm1_1887,,,Khomas,,No,Namibia
MOBI_adm1_1887,,,Khomas,,No,Namibia
MOBI_adm1_1887,,,Khomas,,No,Namibia
MOBI_adm1_1887,,,Khomas,,No,Namibia
MOBI_adm1_1887,,,Khomas,,No,Namibia
MOBI_adm1_1887,,,Khomas,,No,Namibia
MOBI_adm1_1887,,,Khomas,,No,Namibia
MOBI_adm1_1887,,,Khomas,,No,Namibia
MOBI_adm1_1887,,,Khomas,,No,Namibia
MOBI_adm1_1887,,,Khomas,,No,Namibia
MOBI_adm1_1887,,,Khomas,,No,Namibia
MOBI_adm1_1887,,,Khomas,,No,Namibia
MOBI_adm1_1887,,,Khomas,,No,Namibia
MOBI_adm1_1887,,,Khomas,,No,Namibia
MOBI_adm1_1887,,,Khomas,,No,Namibia
MOBI_adm1_1887,,,Khomas,,No,Namibia
MOBI_adm1_1887,,,Khomas,,No,Namibia
MOBI_adm1_1887,,,Khomas,,No,Namibia
MOBI_adm1_1887,,,Khomas,,No,Namibia
MOBI_adm1_1887,,,Khomas,,No,Namibia
MOBI_adm1_1887,,,Khomas,,No,Namibia
MOBI_adm1_1887,,,Khomas,,No,Namibia
MOBI_adm1_1887,,,Khomas,,No,Namibia
MOBI_adm1_1887,,,Khomas,,No,Namibia
MOBI_adm1_1887,,,Khomas,,No,Namibia
MOBI_adm1_1888,,,Kunene,,No,Namibia
MOBI_adm1_1888,,,Kunene,,No,Namibia
MOBI_adm1_1888,,,Kunene,,No,Namibia
MOBI_adm1_1888,,,Kunene,,No,Namibia
MOBI_adm1_1888,,,Kunene,,No,Namibia
MOBI_adm1_1888,,,Kunene,,No,Namibia
MOBI_adm1_1888,,,Kunene,,No,Namibia
MOBI_adm1_1888,,,Kunene,,No,Namibia
MOBI_adm1_1888,,,Kunene,,No,Namibia
MOBI_adm1_1888,,,Kunene,,No,Namibia
MOBI_adm1_1888,,,Kunene,,No,Namibia
MOBI_adm1_1888,,,Kunene,,No,Namibia
MOBI_adm1_1888,,,Kunene,,No,Namibia
MOBI_adm1_1888,,,Kunene,,No,Namibia
MOBI_adm1_1888,,,Kunene,,No,Namibia
MOBI_adm1_1888,,,Kunene,,No,Namibia
MOBI_adm1_1888,Africa,,Kunene,,No,Namibia
MOBI_adm1_1888,,,Kunene,,No,Namibia
MOBI_adm1_1888,Americas,,Kunene,,No,Namibia
MOBI_adm1_1888,,,Kunene,,No,Namibia
MOBI_adm1_1888,,,Kunene,,No,Namibia
MOBI_adm1_1888,,,Kunene,,No,Namibia
MOBI_adm1_1888,,,Kunene,,No,Namibia
MOBI_adm1_1888,,,Kunene,,No,Namibia
MOBI_adm1_1888,Asia,,Kunene,,No,Namibia
MOBI_adm1_1888,,,Kunene,,No,Namibia
MOBI_adm1_1888,,,Kunene,,No,Namibia
MOBI_adm1_1888,,,Kunene,,No,Namibia
MOBI_adm1_1888,,,Kunene,,No,Namibia
MOBI_adm1_1888,Africa,,Kunene,,No,Namibia
MOBI_adm1_1888,,,Kunene,,No,Namibia
MOBI_adm1_1888,,,Kunene,,No,Namibia
MOBI_adm1_1888,,,Kunene,,No,Namibia
MOBI_adm1_1888,,,Kunene,,No,Namibia
MOBI_adm1_1888,Asia,,Kunene,,No,Namibia
MOBI_adm1_1888,,,Kunene,,No,Namibia
MOBI_adm1_1888,,,Kunene,,No,Namibia
MOBI_adm1_1888,,,Kunene,,No,Namibia
MOBI_adm1_1888,,,Kunene,,No,Namibia
MOBI_adm1_1888,,,Kunene,,No,Namibia
MOBI_adm1_1888,,,Kunene,,No,Namibia
MOBI_adm1_1888,,,Kunene,,No,Namibia
MOBI_adm1_1888,,,Kunene,,No,Namibia
MOBI_adm1_1888,,,Kunene,,No,Namibia
MOBI_adm1_1888,,,Kunene,,No,Namibia
MOBI_adm1_1888,,,Kunene,,No,Namibia
MOBI_adm1_1888,,,Kunene,,No,Namibia
MOBI_adm1_1888,,,Kunene,,No,Namibia
MOBI_adm1_1888,,,Kunene,,No,Namibia
MOBI_adm1_1888,,,Kunene,,No,Namibia
MOBI_adm1_1888,,,Kunene,,No,Namibia
MOBI_adm1_1888,,,Kunene,,No,Namibia
MOBI_adm1_1888,,,Kunene,,No,Namibia
MOBI_adm1_1888,,,Kunene,,No,Namibia
MOBI_adm1_1888,,,Kunene,,No,Namibia
MOBI_adm1_1888,,,Kunene,,No,Namibia
MOBI_adm1_1888,,,Kunene,,No,Namibia
MOBI_adm1_1888,,,Kunene,,No,Namibia
MOBI_adm1_1888,,,Kunene,,No,Namibia
MOBI_adm1_1888,,,Kunene,,No,Namibia
MOBI_adm1_1888,,,Kunene,,No,Namibia
MOBI_adm1_1888,,,Kunene,,No,Namibia
MOBI_adm1_1888,,,Kunene,,No,Namibia
MOBI_adm1_1888,,,Kunene,,No,Namibia
MOBI_adm1_1888,,,Kunene,,No,Namibia
MOBI_adm1_1888,,,Kunene,,No,Namibia
MOBI_adm1_1888,,,Kunene,,No,Namibia
MOBI_adm1_1889,,,Ohangwena,,No,Namibia
MOBI_adm1_1889,,,Ohangwena,,No,Namibia
MOBI_adm1_1889,,,Ohangwena,,No,Namibia
MOBI_adm1_1889,,,Ohangwena,,No,Namibia
MOBI_adm1_1889,,,Ohangwena,,No,Namibia
MOBI_adm1_1889,,,Ohangwena,,No,Namibia
MOBI_adm1_1889,,,Ohangwena,,No,Namibia
MOBI_adm1_1889,,,Ohangwena,,No,Namibia
MOBI_adm1_1889,,,Ohangwena,,No,Namibia
MOBI_adm1_1889,,,Ohangwena,,No,Namibia
MOBI_adm1_1889,,,Ohangwena,,No,Namibia
MOBI_adm1_1889,,,Ohangwena,,No,Namibia
MOBI_adm1_1889,,,Ohangwena,,No,Namibia
MOBI_adm1_1889,,,Ohangwena,,No,Namibia
MOBI_adm1_1889,,,Ohangwena,,No,Namibia
MOBI_adm1_1889,,,Ohangwena,,No,Namibia
MOBI_adm1_1889,Africa,,Ohangwena,,No,Namibia
MOBI_adm1_1889,,,Ohangwena,,No,Namibia
MOBI_adm1_1889,Americas,,Ohangwena,,No,Namibia
MOBI_adm1_1889,,,Ohangwena,,No,Namibia
MOBI_adm1_1889,,,Ohangwena,,No,Namibia
MOBI_adm1_1889,,,Ohangwena,,No,Namibia
MOBI_adm1_1889,,,Ohangwena,,No,Namibia
MOBI_adm1_1889,,,Ohangwena,,No,Namibia
MOBI_adm1_1889,Asia,,Ohangwena,,No,Namibia
MOBI_adm1_1889,,,Ohangwena,,No,Namibia
MOBI_adm1_1889,,,Ohangwena,,No,Namibia
MOBI_adm1_1889,,,Ohangwena,,No,Namibia
MOBI_adm1_1889,,,Ohangwena,,No,Namibia
MOBI_adm1_1889,Africa,,Ohangwena,,No,Namibia
MOBI_adm1_1889,,,Ohangwena,,No,Namibia
MOBI_adm1_1889,,,Ohangwena,,No,Namibia
MOBI_adm1_1889,,,Ohangwena,,No,Namibia
MOBI_adm1_1889,,,Ohangwena,,No,Namibia
MOBI_adm1_1889,Asia,,Ohangwena,,No,Namibia
MOBI_adm1_1889,,,Ohangwena,,No,Namibia
MOBI_adm1_1889,,,Ohangwena,,No,Namibia
MOBI_adm1_1889,,,Ohangwena,,No,Namibia
MOBI_adm1_1889,,,Ohangwena,,No,Namibia
MOBI_adm1_1889,,,Ohangwena,,No,Namibia
MOBI_adm1_1889,,,Ohangwena,,No,Namibia
MOBI_adm1_1889,,,Ohangwena,,No,Namibia
MOBI_adm1_1889,,,Ohangwena,,No,Namibia
MOBI_adm1_1889,,,Ohangwena,,No,Namibia
MOBI_adm1_1889,,,Ohangwena,,No,Namibia
MOBI_adm1_1889,,,Ohangwena,,No,Namibia
MOBI_adm1_1889,,,Ohangwena,,No,Namibia
MOBI_adm1_1889,,,Ohangwena,,No,Namibia
MOBI_adm1_1889,,,Ohangwena,,No,Namibia
MOBI_adm1_1889,,,Ohangwena,,No,Namibia
MOBI_adm1_1889,,,Ohangwena,,No,Namibia
MOBI_adm1_1889,,,Ohangwena,,No,Namibia
MOBI_adm1_1889,,,Ohangwena,,No,Namibia
MOBI_adm1_1889,,,Ohangwena,,No,Namibia
MOBI_adm1_1889,,,Ohangwena,,No,Namibia
MOBI_adm1_1889,,,Ohangwena,,No,Namibia
MOBI_adm1_1889,,,Ohangwena,,No,Namibia
MOBI_adm1_1889,,,Ohangwena,,No,Namibia
MOBI_adm1_1889,,,Ohangwena,,No,Namibia
MOBI_adm1_1889,,,Ohangwena,,No,Namibia
MOBI_adm1_1889,,,Ohangwena,,No,Namibia
MOBI_adm1_1889,,,Ohangwena,,No,Namibia
MOBI_adm1_1889,,,Ohangwena,,No,Namibia
MOBI_adm1_1889,,,Ohangwena,,No,Namibia
MOBI_adm1_1889,,,Ohangwena,,No,Namibia
MOBI_adm1_1889,,,Ohangwena,,No,Namibia
MOBI_adm1_1889,,,Ohangwena,,No,Namibia
MOBI_adm1_1890,,,Omaheke,,No,Namibia
MOBI_adm1_1890,,,Omaheke,,No,Namibia
MOBI_adm1_1890,,,Omaheke,,No,Namibia
MOBI_adm1_1890,,,Omaheke,,No,Namibia
MOBI_adm1_1890,,,Omaheke,,No,Namibia
MOBI_adm1_1890,,,Omaheke,,No,Namibia
MOBI_adm1_1890,,,Omaheke,,No,Namibia
MOBI_adm1_1890,,,Omaheke,,No,Namibia
MOBI_adm1_1890,,,Omaheke,,No,Namibia
MOBI_adm1_1890,,,Omaheke,,No,Namibia
MOBI_adm1_1890,,,Omaheke,,No,Namibia
MOBI_adm1_1890,,,Omaheke,,No,Namibia
MOBI_adm1_1890,,,Omaheke,,No,Namibia
MOBI_adm1_1890,,,Omaheke,,No,Namibia
MOBI_adm1_1890,,,Omaheke,,No,Namibia
MOBI_adm1_1890,,,Omaheke,,No,Namibia
MOBI_adm1_1890,Africa,,Omaheke,,No,Namibia
MOBI_adm1_1890,,,Omaheke,,No,Namibia
MOBI_adm1_1890,Americas,,Omaheke,,No,Namibia
MOBI_adm1_1890,,,Omaheke,,No,Namibia
MOBI_adm1_1890,,,Omaheke,,No,Namibia
MOBI_adm1_1890,,,Omaheke,,No,Namibia
MOBI_adm1_1890,,,Omaheke,,No,Namibia
MOBI_adm1_1890,,,Omaheke,,No,Namibia
MOBI_adm1_1890,Asia,,Omaheke,,No,Namibia
MOBI_adm1_1890,,,Omaheke,,No,Namibia
MOBI_adm1_1890,,,Omaheke,,No,Namibia
MOBI_adm1_1890,,,Omaheke,,No,Namibia
MOBI_adm1_1890,,,Omaheke,,No,Namibia
MOBI_adm1_1890,Africa,,Omaheke,,No,Namibia
MOBI_adm1_1890,,,Omaheke,,No,Namibia
MOBI_adm1_1890,,,Omaheke,,No,Namibia
MOBI_adm1_1890,,,Omaheke,,No,Namibia
MOBI_adm1_1890,,,Omaheke,,No,Namibia
MOBI_adm1_1890,Asia,,Omaheke,,No,Namibia
MOBI_adm1_1890,,,Omaheke,,No,Namibia
MOBI_adm1_1890,,,Omaheke,,No,Namibia
MOBI_adm1_1890,,,Omaheke,,No,Namibia
MOBI_adm1_1890,,,Omaheke,,No,Namibia
MOBI_adm1_1890,,,Omaheke,,No,Namibia
MOBI_adm1_1890,,,Omaheke,,No,Namibia
MOBI_adm1_1890,,,Omaheke,,No,Namibia
MOBI_adm1_1890,,,Omaheke,,No,Namibia
MOBI_adm1_1890,,,Omaheke,,No,Namibia
MOBI_adm1_1890,,,Omaheke,,No,Namibia
MOBI_adm1_1890,,,Omaheke,,No,Namibia
MOBI_adm1_1890,,,Omaheke,,No,Namibia
MOBI_adm1_1890,,,Omaheke,,No,Namibia
MOBI_adm1_1890,,,Omaheke,,No,Namibia
MOBI_adm1_1890,,,Omaheke,,No,Namibia
MOBI_adm1_1890,,,Omaheke,,No,Namibia
MOBI_adm1_1890,,,Omaheke,,No,Namibia
MOBI_adm1_1890,,,Omaheke,,No,Namibia
MOBI_adm1_1890,,,Omaheke,,No,Namibia
MOBI_adm1_1890,,,Omaheke,,No,Namibia
MOBI_adm1_1890,,,Omaheke,,No,Namibia
MOBI_adm1_1890,,,Omaheke,,No,Namibia
MOBI_adm1_1890,,,Omaheke,,No,Namibia
MOBI_adm1_1890,,,Omaheke,,No,Namibia
MOBI_adm1_1890,,,Omaheke,,No,Namibia
MOBI_adm1_1890,,,Omaheke,,No,Namibia
MOBI_adm1_1890,,,Omaheke,,No,Namibia
MOBI_adm1_1890,,,Omaheke,,No,Namibia
MOBI_adm1_1890,,,Omaheke,,No,Namibia
MOBI_adm1_1890,,,Omaheke,,No,Namibia
MOBI_adm1_1890,,,Omaheke,,No,Namibia
MOBI_adm1_1890,,,Omaheke,,No,Namibia
MOBI_adm1_1891,,,Omusati,,No,Namibia
MOBI_adm1_1891,,,Omusati,,No,Namibia
MOBI_adm1_1891,,,Omusati,,No,Namibia
MOBI_adm1_1891,,,Omusati,,No,Namibia
MOBI_adm1_1891,,,Omusati,,No,Namibia
MOBI_adm1_1891,,,Omusati,,No,Namibia
MOBI_adm1_1891,,,Omusati,,No,Namibia
MOBI_adm1_1891,,,Omusati,,No,Namibia
MOBI_adm1_1891,,,Omusati,,No,Namibia
MOBI_adm1_1891,,,Omusati,,No,Namibia
MOBI_adm1_1891,,,Omusati,,No,Namibia
MOBI_adm1_1891,,,Omusati,,No,Namibia
MOBI_adm1_1891,,,Omusati,,No,Namibia
MOBI_adm1_1891,,,Omusati,,No,Namibia
MOBI_adm1_1891,,,Omusati,,No,Namibia
MOBI_adm1_1891,,,Omusati,,No,Namibia
MOBI_adm1_1891,Africa,,Omusati,,No,Namibia
MOBI_adm1_1891,,,Omusati,,No,Namibia
MOBI_adm1_1891,Americas,,Omusati,,No,Namibia
MOBI_adm1_1891,,,Omusati,,No,Namibia
MOBI_adm1_1891,,,Omusati,,No,Namibia
MOBI_adm1_1891,,,Omusati,,No,Namibia
MOBI_adm1_1891,,,Omusati,,No,Namibia
MOBI_adm1_1891,,,Omusati,,No,Namibia
MOBI_adm1_1891,Asia,,Omusati,,No,Namibia
MOBI_adm1_1891,,,Omusati,,No,Namibia
MOBI_adm1_1891,,,Omusati,,No,Namibia
MOBI_adm1_1891,,,Omusati,,No,Namibia
MOBI_adm1_1891,,,Omusati,,No,Namibia
MOBI_adm1_1891,Africa,,Omusati,,No,Namibia
MOBI_adm1_1891,,,Omusati,,No,Namibia
MOBI_adm1_1891,,,Omusati,,No,Namibia
MOBI_adm1_1891,,,Omusati,,No,Namibia
MOBI_adm1_1891,,,Omusati,,No,Namibia
MOBI_adm1_1891,Asia,,Omusati,,No,Namibia
MOBI_adm1_1891,,,Omusati,,No,Namibia
MOBI_adm1_1891,,,Omusati,,No,Namibia
MOBI_adm1_1891,,,Omusati,,No,Namibia
MOBI_adm1_1891,,,Omusati,,No,Namibia
MOBI_adm1_1891,,,Omusati,,No,Namibia
MOBI_adm1_1891,,,Omusati,,No,Namibia
MOBI_adm1_1891,,,Omusati,,No,Namibia
MOBI_adm1_1891,,,Omusati,,No,Namibia
MOBI_adm1_1891,,,Omusati,,No,Namibia
MOBI_adm1_1891,,,Omusati,,No,Namibia
MOBI_adm1_1891,,,Omusati,,No,Namibia
MOBI_adm1_1891,,,Omusati,,No,Namibia
MOBI_adm1_1891,,,Omusati,,No,Namibia
MOBI_adm1_1891,,,Omusati,,No,Namibia
MOBI_adm1_1891,,,Omusati,,No,Namibia
MOBI_adm1_1891,,,Omusati,,No,Namibia
MOBI_adm1_1891,,,Omusati,,No,Namibia
MOBI_adm1_1891,,,Omusati,,No,Namibia
MOBI_adm1_1891,,,Omusati,,No,Namibia
MOBI_adm1_1891,,,Omusati,,No,Namibia
MOBI_adm1_1891,,,Omusati,,No,Namibia
MOBI_adm1_1891,,,Omusati,,No,Namibia
MOBI_adm1_1891,,,Omusati,,No,Namibia
MOBI_adm1_1891,,,Omusati,,No,Namibia
MOBI_adm1_1891,,,Omusati,,No,Namibia
MOBI_adm1_1891,,,Omusati,,No,Namibia
MOBI_adm1_1891,,,Omusati,,No,Namibia
MOBI_adm1_1891,,,Omusati,,No,Namibia
MOBI_adm1_1891,,,Omusati,,No,Namibia
MOBI_adm1_1891,,,Omusati,,No,Namibia
MOBI_adm1_1891,,,Omusati,,No,Namibia
MOBI_adm1_1891,,,Omusati,,No,Namibia
MOBI_adm1_1892,,,Oshana,,No,Namibia
MOBI_adm1_1892,,,Oshana,,No,Namibia
MOBI_adm1_1892,,,Oshana,,No,Namibia
MOBI_adm1_1892,,,Oshana,,No,Namibia
MOBI_adm1_1892,,,Oshana,,No,Namibia
MOBI_adm1_1892,,,Oshana,,No,Namibia
MOBI_adm1_1892,,,Oshana,,No,Namibia
MOBI_adm1_1892,,,Oshana,,No,Namibia
MOBI_adm1_1892,,,Oshana,,No,Namibia
MOBI_adm1_1892,,,Oshana,,No,Namibia
MOBI_adm1_1892,,,Oshana,,No,Namibia
MOBI_adm1_1892,,,Oshana,,No,Namibia
MOBI_adm1_1892,,,Oshana,,No,Namibia
MOBI_adm1_1892,,,Oshana,,No,Namibia
MOBI_adm1_1892,,,Oshana,,No,Namibia
MOBI_adm1_1892,,,Oshana,,No,Namibia
MOBI_adm1_1892,Africa,,Oshana,,No,Namibia
MOBI_adm1_1892,,,Oshana,,No,Namibia
MOBI_adm1_1892,Americas,,Oshana,,No,Namibia
MOBI_adm1_1892,,,Oshana,,No,Namibia
MOBI_adm1_1892,,,Oshana,,No,Namibia
MOBI_adm1_1892,,,Oshana,,No,Namibia
MOBI_adm1_1892,,,Oshana,,No,Namibia
MOBI_adm1_1892,,,Oshana,,No,Namibia
MOBI_adm1_1892,Asia,,Oshana,,No,Namibia
MOBI_adm1_1892,,,Oshana,,No,Namibia
MOBI_adm1_1892,,,Oshana,,No,Namibia
MOBI_adm1_1892,,,Oshana,,No,Namibia
MOBI_adm1_1892,,,Oshana,,No,Namibia
MOBI_adm1_1892,Africa,,Oshana,,No,Namibia
MOBI_adm1_1892,,,Oshana,,No,Namibia
MOBI_adm1_1892,,,Oshana,,No,Namibia
MOBI_adm1_1892,,,Oshana,,No,Namibia
MOBI_adm1_1892,,,Oshana,,No,Namibia
MOBI_adm1_1892,Asia,,Oshana,,No,Namibia
MOBI_adm1_1892,,,Oshana,,No,Namibia
MOBI_adm1_1892,,,Oshana,,No,Namibia
MOBI_adm1_1892,,,Oshana,,No,Namibia
MOBI_adm1_1892,,,Oshana,,No,Namibia
MOBI_adm1_1892,,,Oshana,,No,Namibia
MOBI_adm1_1892,,,Oshana,,No,Namibia
MOBI_adm1_1892,,,Oshana,,No,Namibia
MOBI_adm1_1892,,,Oshana,,No,Namibia
MOBI_adm1_1892,,,Oshana,,No,Namibia
MOBI_adm1_1892,,,Oshana,,No,Namibia
MOBI_adm1_1892,,,Oshana,,No,Namibia
MOBI_adm1_1892,,,Oshana,,No,Namibia
MOBI_adm1_1892,,,Oshana,,No,Namibia
MOBI_adm1_1892,,,Oshana,,No,Namibia
MOBI_adm1_1892,,,Oshana,,No,Namibia
MOBI_adm1_1892,,,Oshana,,No,Namibia
MOBI_adm1_1892,,,Oshana,,No,Namibia
MOBI_adm1_1892,,,Oshana,,No,Namibia
MOBI_adm1_1892,,,Oshana,,No,Namibia
MOBI_adm1_1892,,,Oshana,,No,Namibia
MOBI_adm1_1892,,,Oshana,,No,Namibia
MOBI_adm1_1892,,,Oshana,,No,Namibia
MOBI_adm1_1892,,,Oshana,,No,Namibia
MOBI_adm1_1892,,,Oshana,,No,Namibia
MOBI_adm1_1892,,,Oshana,,No,Namibia
MOBI_adm1_1892,,,Oshana,,No,Namibia
MOBI_adm1_1892,,,Oshana,,No,Namibia
MOBI_adm1_1892,,,Oshana,,No,Namibia
MOBI_adm1_1892,,,Oshana,,No,Namibia
MOBI_adm1_1892,,,Oshana,,No,Namibia
MOBI_adm1_1892,,,Oshana,,No,Namibia
MOBI_adm1_1892,,,Oshana,,No,Namibia
MOBI_adm1_1893,,,Oshikoto,,No,Namibia
MOBI_adm1_1893,,,Oshikoto,,No,Namibia
MOBI_adm1_1893,,,Oshikoto,,No,Namibia
MOBI_adm1_1893,,,Oshikoto,,No,Namibia
MOBI_adm1_1893,,,Oshikoto,,No,Namibia
MOBI_adm1_1893,,,Oshikoto,,No,Namibia
MOBI_adm1_1893,,,Oshikoto,,No,Namibia
MOBI_adm1_1893,,,Oshikoto,,No,Namibia
MOBI_adm1_1893,,,Oshikoto,,No,Namibia
MOBI_adm1_1893,,,Oshikoto,,No,Namibia
MOBI_adm1_1893,,,Oshikoto,,No,Namibia
MOBI_adm1_1893,,,Oshikoto,,No,Namibia
MOBI_adm1_1893,,,Oshikoto,,No,Namibia
MOBI_adm1_1893,,,Oshikoto,,No,Namibia
MOBI_adm1_1893,,,Oshikoto,,No,Namibia
MOBI_adm1_1893,,,Oshikoto,,No,Namibia
MOBI_adm1_1893,Africa,,Oshikoto,,No,Namibia
MOBI_adm1_1893,,,Oshikoto,,No,Namibia
MOBI_adm1_1893,Americas,,Oshikoto,,No,Namibia
MOBI_adm1_1893,,,Oshikoto,,No,Namibia
MOBI_adm1_1893,,,Oshikoto,,No,Namibia
MOBI_adm1_1893,,,Oshikoto,,No,Namibia
MOBI_adm1_1893,,,Oshikoto,,No,Namibia
MOBI_adm1_1893,,,Oshikoto,,No,Namibia
MOBI_adm1_1893,Asia,,Oshikoto,,No,Namibia
MOBI_adm1_1893,,,Oshikoto,,No,Namibia
MOBI_adm1_1893,,,Oshikoto,,No,Namibia
MOBI_adm1_1893,,,Oshikoto,,No,Namibia
MOBI_adm1_1893,,,Oshikoto,,No,Namibia
MOBI_adm1_1893,Africa,,Oshikoto,,No,Namibia
MOBI_adm1_1893,,,Oshikoto,,No,Namibia
MOBI_adm1_1893,,,Oshikoto,,No,Namibia
MOBI_adm1_1893,,,Oshikoto,,No,Namibia
MOBI_adm1_1893,,,Oshikoto,,No,Namibia
MOBI_adm1_1893,Asia,,Oshikoto,,No,Namibia
MOBI_adm1_1893,,,Oshikoto,,No,Namibia
MOBI_adm1_1893,,,Oshikoto,,No,Namibia
MOBI_adm1_1893,,,Oshikoto,,No,Namibia
MOBI_adm1_1893,,,Oshikoto,,No,Namibia
MOBI_adm1_1893,,,Oshikoto,,No,Namibia
MOBI_adm1_1893,,,Oshikoto,,No,Namibia
MOBI_adm1_1893,,,Oshikoto,,No,Namibia
MOBI_adm1_1893,,,Oshikoto,,No,Namibia
MOBI_adm1_1893,,,Oshikoto,,No,Namibia
MOBI_adm1_1893,,,Oshikoto,,No,Namibia
MOBI_adm1_1893,,,Oshikoto,,No,Namibia
MOBI_adm1_1893,,,Oshikoto,,No,Namibia
MOBI_adm1_1893,,,Oshikoto,,No,Namibia
MOBI_adm1_1893,,,Oshikoto,,No,Namibia
MOBI_adm1_1893,,,Oshikoto,,No,Namibia
MOBI_adm1_1893,,,Oshikoto,,No,Namibia
MOBI_adm1_1893,,,Oshikoto,,No,Namibia
MOBI_adm1_1893,,,Oshikoto,,No,Namibia
MOBI_adm1_1893,,,Oshikoto,,No,Namibia
MOBI_adm1_1893,,,Oshikoto,,No,Namibia
MOBI_adm1_1893,,,Oshikoto,,No,Namibia
MOBI_adm1_1893,,,Oshikoto,,No,Namibia
MOBI_adm1_1893,,,Oshikoto,,No,Namibia
MOBI_adm1_1893,,,Oshikoto,,No,Namibia
MOBI_adm1_1893,,,Oshikoto,,No,Namibia
MOBI_adm1_1893,,,Oshikoto,,No,Namibia
MOBI_adm1_1893,,,Oshikoto,,No,Namibia
MOBI_adm1_1893,,,Oshikoto,,No,Namibia
MOBI_adm1_1893,,,Oshikoto,,No,Namibia
MOBI_adm1_1893,,,Oshikoto,,No,Namibia
MOBI_adm1_1893,,,Oshikoto,,No,Namibia
MOBI_adm1_1893,,,Oshikoto,,No,Namibia
MOBI_adm1_1894,,,Otjozondjupa,,No,Namibia
MOBI_adm1_1894,,,Otjozondjupa,,No,Namibia
MOBI_adm1_1894,,,Otjozondjupa,,No,Namibia
MOBI_adm1_1894,,,Otjozondjupa,,No,Namibia
MOBI_adm1_1894,,,Otjozondjupa,,No,Namibia
MOBI_adm1_1894,,,Otjozondjupa,,No,Namibia
MOBI_adm1_1894,,,Otjozondjupa,,No,Namibia
MOBI_adm1_1894,,,Otjozondjupa,,No,Namibia
MOBI_adm1_1894,,,Otjozondjupa,,No,Namibia
MOBI_adm1_1894,,,Otjozondjupa,,No,Namibia
MOBI_adm1_1894,,,Otjozondjupa,,No,Namibia
MOBI_adm1_1894,,,Otjozondjupa,,No,Namibia
MOBI_adm1_1894,,,Otjozondjupa,,No,Namibia
MOBI_adm1_1894,,,Otjozondjupa,,No,Namibia
MOBI_adm1_1894,,,Otjozondjupa,,No,Namibia
MOBI_adm1_1894,,,Otjozondjupa,,No,Namibia
MOBI_adm1_1894,Africa,,Otjozondjupa,,No,Namibia
MOBI_adm1_1894,,,Otjozondjupa,,No,Namibia
MOBI_adm1_1894,Americas,,Otjozondjupa,,No,Namibia
MOBI_adm1_1894,,,Otjozondjupa,,No,Namibia
MOBI_adm1_1894,,,Otjozondjupa,,No,Namibia
MOBI_adm1_1894,,,Otjozondjupa,,No,Namibia
MOBI_adm1_1894,,,Otjozondjupa,,No,Namibia
MOBI_adm1_1894,,,Otjozondjupa,,No,Namibia
MOBI_adm1_1894,Asia,,Otjozondjupa,,No,Namibia
MOBI_adm1_1894,,,Otjozondjupa,,No,Namibia
MOBI_adm1_1894,,,Otjozondjupa,,No,Namibia
MOBI_adm1_1894,,,Otjozondjupa,,No,Namibia
MOBI_adm1_1894,,,Otjozondjupa,,No,Namibia
MOBI_adm1_1894,Africa,,Otjozondjupa,,No,Namibia
MOBI_adm1_1894,,,Otjozondjupa,,No,Namibia
MOBI_adm1_1894,,,Otjozondjupa,,No,Namibia
MOBI_adm1_1894,,,Otjozondjupa,,No,Namibia
MOBI_adm1_1894,,,Otjozondjupa,,No,Namibia
MOBI_adm1_1894,Asia,,Otjozondjupa,,No,Namibia
MOBI_adm1_1894,,,Otjozondjupa,,No,Namibia
MOBI_adm1_1894,,,Otjozondjupa,,No,Namibia
MOBI_adm1_1894,,,Otjozondjupa,,No,Namibia
MOBI_adm1_1894,,,Otjozondjupa,,No,Namibia
MOBI_adm1_1894,,,Otjozondjupa,,No,Namibia
MOBI_adm1_1894,,,Otjozondjupa,,No,Namibia
MOBI_adm1_1894,,,Otjozondjupa,,No,Namibia
MOBI_adm1_1894,,,Otjozondjupa,,No,Namibia
MOBI_adm1_1894,,,Otjozondjupa,,No,Namibia
MOBI_adm1_1894,,,Otjozondjupa,,No,Namibia
MOBI_adm1_1894,,,Otjozondjupa,,No,Namibia
MOBI_adm1_1894,,,Otjozondjupa,,No,Namibia
MOBI_adm1_1894,,,Otjozondjupa,,No,Namibia
MOBI_adm1_1894,,,Otjozondjupa,,No,Namibia
MOBI_adm1_1894,,,Otjozondjupa,,No,Namibia
MOBI_adm1_1894,,,Otjozondjupa,,No,Namibia
MOBI_adm1_1894,,,Otjozondjupa,,No,Namibia
MOBI_adm1_1894,,,Otjozondjupa,,No,Namibia
MOBI_adm1_1894,,,Otjozondjupa,,No,Namibia
MOBI_adm1_1894,,,Otjozondjupa,,No,Namibia
MOBI_adm1_1894,,,Otjozondjupa,,No,Namibia
MOBI_adm1_1894,,,Otjozondjupa,,No,Namibia
MOBI_adm1_1894,,,Otjozondjupa,,No,Namibia
MOBI_adm1_1894,,,Otjozondjupa,,No,Namibia
MOBI_adm1_1894,,,Otjozondjupa,,No,Namibia
MOBI_adm1_1894,,,Otjozondjupa,,No,Namibia
MOBI_adm1_1894,,,Otjozondjupa,,No,Namibia
MOBI_adm1_1894,,,Otjozondjupa,,No,Namibia
MOBI_adm1_1894,,,Otjozondjupa,,No,Namibia
MOBI_adm1_1894,,,Otjozondjupa,,No,Namibia
MOBI_adm1_1894,,,Otjozondjupa,,No,Namibia
MOBI_adm1_1894,,,Otjozondjupa,,No,Namibia
MOBI_adm1_1895,Africa,Niger (the),Dossa,NE,No,Niger
MOBI_adm1_1896,Africa,Niger (the),Maradi,NE,No,Niger
MOBI_adm1_1897,Africa,Niger (the),Niamey,NE,No,Niger
MOBI_adm1_1898,Africa,Niger (the),Tahoua/Agadez,NE,No,Niger
MOBI_adm1_1899,Africa,Niger (the),Tillaberi,NE,No,Niger
MOBI_adm1_1900,Africa,Niger (the),Zinder/Diffa,NE,No,Niger
MOBI_adm1_1901,Africa,Nigeria,Abia,NG,No,Nigeria
MOBI_adm1_1902,Africa,Nigeria,Abuja Federal Capital Territory,NG,No,Nigeria
MOBI_adm1_1903,Africa,Nigeria,Adamawa,NG,No,Nigeria
MOBI_adm1_1904,Africa,Nigeria,Akwa Ibom,NG,No,Nigeria
MOBI_adm1_1905,Africa,Nigeria,Anambra,NG,No,Nigeria
MOBI_adm1_1906,Africa,Nigeria,Bauchi,NG,No,Nigeria
MOBI_adm1_1907,Africa,Nigeria,Bayelsa,NG,No,Nigeria
MOBI_adm1_1908,Africa,Nigeria,Benue,NG,No,Nigeria
MOBI_adm1_1909,Africa,Nigeria,Borno,NG,No,Nigeria
MOBI_adm1_1910,Africa,Nigeria,Cross River,NG,No,Nigeria
MOBI_adm1_1911,Africa,Nigeria,Delta,NG,No,Nigeria
MOBI_adm1_1912,Africa,Nigeria,Ebonyi,NG,No,Nigeria
MOBI_adm1_1913,Africa,Nigeria,Edo,NG,No,Nigeria
MOBI_adm1_1914,Africa,Nigeria,Ekiti,NG,No,Nigeria
MOBI_adm1_1915,Africa,Nigeria,Enugu,NG,No,Nigeria
MOBI_adm1_1916,Africa,Nigeria,Gombe,NG,No,Nigeria
MOBI_adm1_1917,Africa,Nigeria,Imo,NG,No,Nigeria
MOBI_adm1_1918,Africa,Nigeria,Jigawa,NG,No,Nigeria
MOBI_adm1_1919,Africa,Nigeria,Kaduna,NG,No,Nigeria
MOBI_adm1_1920,Africa,Nigeria,Kano,NG,No,Nigeria
MOBI_adm1_1921,Africa,Nigeria,Katsina,NG,No,Nigeria
MOBI_adm1_1922,Africa,Nigeria,Kebbi,NG,No,Nigeria
MOBI_adm1_1923,Africa,Nigeria,Kogi,NG,No,Nigeria
MOBI_adm1_1924,Africa,Nigeria,Kwara,NG,No,Nigeria
MOBI_adm1_1925,Africa,Nigeria,Lagos,NG,No,Nigeria
MOBI_adm1_1926,Africa,Nigeria,Nasarawa,NG,No,Nigeria
MOBI_adm1_1927,Africa,Nigeria,Niger,NG,No,Nigeria
MOBI_adm1_1928,Africa,Nigeria,Ogun,NG,No,Nigeria
MOBI_adm1_1929,Africa,Nigeria,Ondo,NG,No,Nigeria
MOBI_adm1_1930,Africa,Nigeria,Osun,NG,No,Nigeria
MOBI_adm1_1931,Africa,Nigeria,Oyo,NG,No,Nigeria
MOBI_adm1_1932,Africa,Nigeria,Plateau,NG,No,Nigeria
MOBI_adm1_1933,Africa,Nigeria,Rivers,NG,No,Nigeria
MOBI_adm1_1934,Africa,Nigeria,Sokoto,NG,No,Nigeria
MOBI_adm1_1935,Africa,Nigeria,Taraba,NG,No,Nigeria
MOBI_adm1_1936,Africa,Nigeria,Yobe,NG,No,Nigeria
MOBI_adm1_1937,Africa,Nigeria,Zamfara,NG,No,Nigeria
MOBI_adm1_1938,Americas,Nicaragua,Boaco,NI,No,Nicaragua
MOBI_adm1_1939,Americas,Nicaragua,Carazo,NI,No,Nicaragua
MOBI_adm1_1940,Americas,Nicaragua,Chinandega,NI,No,Nicaragua
MOBI_adm1_1941,Americas,Nicaragua,Chontales,NI,No,Nicaragua
MOBI_adm1_1942,Americas,Nicaragua,Estelí,NI,No,Nicaragua
MOBI_adm1_1943,Americas,Nicaragua,Granada,NI,No,Nicaragua
MOBI_adm1_1944,Americas,Nicaragua,Jinotega (Departamento),NI,No,Nicaragua
MOBI_adm1_1945,Americas,Nicaragua,Leon,NI,No,Nicaragua
MOBI_adm1_1946,Americas,Nicaragua,Madriz,NI,No,Nicaragua
MOBI_adm1_1947,Americas,Nicaragua,Managua,NI,No,Nicaragua
MOBI_adm1_1948,Americas,Nicaragua,Masaya,NI,No,Nicaragua
MOBI_adm1_1949,Americas,Nicaragua,Matagalpa (Departemento),NI,No,Nicaragua
MOBI_adm1_1950,Americas,Nicaragua,North Carribean Coast Autonomous Region,NI,No,Nicaragua
MOBI_adm1_1951,Americas,Nicaragua,Nueva Segovia,NI,No,Nicaragua
MOBI_adm1_1952,Americas,Nicaragua,Rio San Juan,NI,No,Nicaragua
MOBI_adm1_1953,Americas,Nicaragua,Rivas,NI,No,Nicaragua
MOBI_adm1_1954,Americas,Nicaragua,South Atlantic Autonomous Region,NI,No,Nicaragua
MOBI_adm1_1955,Europe,Netherlands (the),Drenthe,NL,No,Netherlands
MOBI_adm1_1956,Europe,Netherlands (the),Flevoland,NL,No,Netherlands
MOBI_adm1_1957,Europe,Netherlands (the),Fryslân,NL,No,Netherlands
MOBI_adm1_1958,Europe,Netherlands (the),Gelderland,NL,No,Netherlands
MOBI_adm1_1959,Europe,Netherlands (the),Groningen,NL,No,Netherlands
MOBI_adm1_1960,Europe,Netherlands (the),Limburg,NL,No,Netherlands
MOBI_adm1_1961,Europe,Netherlands (the),Noord-Brabant,NL,No,Netherlands
MOBI_adm1_1962,Europe,Netherlands (the),Noord-Holland,NL,No,Netherlands
MOBI_adm1_1963,Europe,Netherlands (the),Overijssel,NL,No,Netherlands
MOBI_adm1_1964,Europe,Netherlands (the),Utrecht,NL,No,Netherlands
MOBI_adm1_1965,Europe,Netherlands (the),Zeeland,NL,No,Netherlands
MOBI_adm1_1966,Europe,Netherlands (the),Zuid-Holland,NL,No,Netherlands
MOBI_adm1_1967,Europe,Norway,Agder,NO,No,Norway
MOBI_adm1_1968,Europe,Norway,Innlandet,NO,No,Norway
MOBI_adm1_1969,Europe,Norway,Møre og Romsdal,NO,No,Norway
MOBI_adm1_1970,Europe,Norway,Nordland,NO,No,Norway
MOBI_adm1_1971,Europe,Norway,Oslo,NO,No,Norway
MOBI_adm1_1972,Europe,Norway,Rogaland,NO,No,Norway
MOBI_adm1_1973,Europe,Norway,Troms og Finnmark,NO,No,Norway
MOBI_adm1_1974,Europe,Norway,Trøndelag,NO,No,Norway
MOBI_adm1_1975,Europe,Norway,Vestfold og Telemark,NO,No,Norway
MOBI_adm1_1976,Europe,Norway,Vestland,NO,No,Norway
MOBI_adm1_1977,Europe,Norway,Viken,NO,No,Norway
MOBI_adm1_1978,Asia,Nepal,Bagmati,NP,No,Nepal
MOBI_adm1_1979,Asia,Nepal,Gandaki,NP,No,Nepal
MOBI_adm1_1980,Asia,Nepal,Karnali,NP,No,Nepal
MOBI_adm1_1981,Asia,Nepal,Lumbini,NP,No,Nepal
MOBI_adm1_1982,Asia,Nepal,Province 1,NP,No,Nepal
MOBI_adm1_1983,Asia,Nepal,Province 2,NP,No,Nepal
MOBI_adm1_1984,Asia,Nepal,Sudurpaschim,NP,No,Nepal
MOBI_adm1_1985,Oceania,Nauru,Aiwo,NR,No,Nauru
MOBI_adm1_1986,Oceania,Nauru,Anabar,NR,No,Nauru
MOBI_adm1_1987,Oceania,Nauru,Anetan,NR,No,Nauru
MOBI_adm1_1988,Oceania,Nauru,Anibare,NR,No,Nauru
MOBI_adm1_1989,Oceania,Nauru,Baiti,NR,No,Nauru
MOBI_adm1_1990,Oceania,Nauru,Boe,NR,No,Nauru
MOBI_adm1_1991,Oceania,Nauru,Buada,NR,No,Nauru
MOBI_adm1_1992,Oceania,Nauru,Denigomodu,NR,No,Nauru
MOBI_adm1_1993,Oceania,Nauru,Ewa,NR,No,Nauru
MOBI_adm1_1994,Oceania,Nauru,Ijuw,NR,No,Nauru
MOBI_adm1_1995,Oceania,Nauru,Meneng,NR,No,Nauru
MOBI_adm1_1996,Oceania,Nauru,Nibok,NR,No,Nauru
MOBI_adm1_1997,Oceania,Nauru,Uaboe,NR,No,Nauru
MOBI_adm1_1998,Oceania,Nauru,Yaren,NR,No,Nauru
MOBI_adm1_1999,Oceania,New Zealand,Auckland Region,NZ,No,New Zealand
MOBI_adm1_2000,Oceania,New Zealand,Bay of Plenty Region,NZ,No,New Zealand
MOBI_adm1_2001,Oceania,New Zealand,Canterbury Region,NZ,No,New Zealand
MOBI_adm1_2002,Oceania,New Zealand,Chatham Islands Territory,NZ,No,New Zealand
MOBI_adm1_2003,Oceania,New Zealand,Gisborne Region,NZ,No,New Zealand
MOBI_adm1_2004,Oceania,New Zealand,Hawke's Bay Region,NZ,No,New Zealand
MOBI_adm1_2005,Oceania,New Zealand,Manawatu-Wanganui Region,NZ,No,New Zealand
MOBI_adm1_2006,Oceania,New Zealand,Marlborough Region,NZ,No,New Zealand
MOBI_adm1_2007,Oceania,New Zealand,Nelson Region,NZ,No,New Zealand
MOBI_adm1_2008,Oceania,New Zealand,Northland Region,NZ,No,New Zealand
MOBI_adm1_2009,Oceania,New Zealand,Otago Region,NZ,No,New Zealand
MOBI_adm1_2010,Oceania,New Zealand,Southland Region,NZ,No,New Zealand
MOBI_adm1_2011,Oceania,New Zealand,Taranaki Region,NZ,No,New Zealand
MOBI_adm1_2012,Oceania,New Zealand,Tasman Region,NZ,No,New Zealand
MOBI_adm1_2013,Oceania,New Zealand,Waikato Region,NZ,No,New Zealand
MOBI_adm1_2014,Oceania,New Zealand,Wellington Region,NZ,No,New Zealand
MOBI_adm1_2015,Oceania,New Zealand,West Coast Region,NZ,No,New Zealand
MOBI_adm1_2016,Asia,Oman,Ad Dakhiliyah,OM,No,Oman
MOBI_adm1_2017,Asia,Oman,Al Batinah,OM,No,Oman
MOBI_adm1_2018,Asia,Oman,Al Wusta,OM,No,Oman
MOBI_adm1_2019,Asia,Oman,Ash Sharqiyah,OM,No,Oman
MOBI_adm1_2020,Asia,Oman,Az Zahirah,OM,No,Oman
MOBI_adm1_2021,Asia,Oman,Dhofar,OM,No,Oman
MOBI_adm1_2022,Asia,Oman,Muscat,OM,No,Oman
MOBI_adm1_2023,Americas,Panama,Colón Province,PA,No,Panama
MOBI_adm1_2024,Americas,Panama,Comarca Emberá-Wounaan,PA,No,Panama
MOBI_adm1_2025,Americas,Panama,Comarca Ngäbe-Buglé,PA,No,Panama
MOBI_adm1_2026,Americas,Panama,Provincia de Bocas del Toro,PA,No,Panama
MOBI_adm1_2027,Americas,Panama,Provincia de Chiriquí,PA,No,Panama
MOBI_adm1_2028,Americas,Panama,Provincia de Coclé,PA,No,Panama
MOBI_adm1_2029,Americas,Panama,Provincia de Darién,PA,No,Panama
MOBI_adm1_2030,Americas,Panama,Provincia de Herrera,PA,No,Panama
MOBI_adm1_2031,Americas,Panama,Provincia de Los Santos,PA,No,Panama
MOBI_adm1_2032,Americas,Panama,Provincia de Panamá,PA,No,Panama
MOBI_adm1_2033,Americas,Panama,Provincia de Panamá Oeste,PA,No,Panama
MOBI_adm1_2034,Americas,Panama,Provincia de Veraguas,PA,No,Panama
MOBI_adm1_2035,Americas,Peru,Amazonas,PE,No,Peru
MOBI_adm1_2036,Americas,Peru,Ancash,PE,No,Peru
MOBI_adm1_2037,Americas,Peru,Apurímac,PE,No,Peru
MOBI_adm1_2038,Americas,Peru,Arequipa,PE,No,Peru
MOBI_adm1_2039,Americas,Peru,Ayacucho,PE,No,Peru
MOBI_adm1_2040,Americas,Peru,Cajamarca,PE,No,Peru
MOBI_adm1_2041,Americas,Peru,Cusco,PE,No,Peru
MOBI_adm1_2042,Americas,Peru,El Callao,PE,No,Peru
MOBI_adm1_2043,Americas,Peru,Huancavelica,PE,No,Peru
MOBI_adm1_2044,Americas,Peru,Huánuco,PE,No,Peru
MOBI_adm1_2045,Americas,Peru,Ica,PE,No,Peru
MOBI_adm1_2046,Americas,Peru,Junín,PE,No,Peru
MOBI_adm1_2047,Americas,Peru,La Libertad,PE,No,Peru
MOBI_adm1_2048,Americas,Peru,Lambayeque,PE,No,Peru
MOBI_adm1_2049,Americas,Peru,Lima,PE,No,Peru
MOBI_adm1_2050,Americas,Peru,Loreto,PE,No,Peru
MOBI_adm1_2051,Americas,Peru,Madre de Dios,PE,No,Peru
MOBI_adm1_2052,Americas,Peru,Moquegua,PE,No,Peru
MOBI_adm1_2053,Americas,Peru,Municipalidad Metropolitana de Lima,PE,No,Peru
MOBI_adm1_2054,Americas,Peru,Pasco,PE,No,Peru
MOBI_adm1_2055,Americas,Peru,Piura,PE,No,Peru
MOBI_adm1_2056,Americas,Peru,Puno,PE,No,Peru
MOBI_adm1_2057,Americas,Peru,San Martín,PE,No,Peru
MOBI_adm1_2058,Americas,Peru,Tacna,PE,No,Peru
MOBI_adm1_2059,Americas,Peru,Tumbes,PE,No,Peru
MOBI_adm1_2060,Americas,Peru,Ucayali,PE,No,Peru
MOBI_adm1_2061,Oceania,Papua New Guinea,Autonomous Region of Bougainville,PG,No,Papua New Guinea
MOBI_adm1_2062,Oceania,Papua New Guinea,Central Province,PG,No,Papua New Guinea
MOBI_adm1_2063,Oceania,Papua New Guinea,Chimbu (Simbu) Province,PG,No,Papua New Guinea
MOBI_adm1_2064,Oceania,Papua New Guinea,East New Britain Province,PG,No,Papua New Guinea
MOBI_adm1_2065,Oceania,Papua New Guinea,East Sepik Province,PG,No,Papua New Guinea
MOBI_adm1_2066,Oceania,Papua New Guinea,Eastern Highlands Province,PG,No,Papua New Guinea
MOBI_adm1_2067,Oceania,Papua New Guinea,Enga Province,PG,No,Papua New Guinea
MOBI_adm1_2068,Oceania,Papua New Guinea,Gulf Province,PG,No,Papua New Guinea
MOBI_adm1_2069,Oceania,Papua New Guinea,Hela Province,PG,No,Papua New Guinea
MOBI_adm1_2070,Oceania,Papua New Guinea,Jiwaka Province,PG,No,Papua New Guinea
MOBI_adm1_2071,Oceania,Papua New Guinea,Madang Province,PG,No,Papua New Guinea
MOBI_adm1_2072,Oceania,Papua New Guinea,Manus Province,PG,No,Papua New Guinea
MOBI_adm1_2073,Oceania,Papua New Guinea,Milne Bay Province,PG,No,Papua New Guinea
MOBI_adm1_2074,Oceania,Papua New Guinea,Morobe Province,PG,No,Papua New Guinea
MOBI_adm1_2075,Oceania,Papua New Guinea,National Capital District,PG,No,Papua New Guinea
MOBI_adm1_2076,Oceania,Papua New Guinea,New Ireland Province,PG,No,Papua New Guinea
MOBI_adm1_2077,Oceania,Papua New Guinea,Northern (Oro) Province,PG,No,Papua New Guinea
MOBI_adm1_2078,Oceania,Papua New Guinea,Southern Highlands Province,PG,No,Papua New Guinea
MOBI_adm1_2079,Oceania,Papua New Guinea,West New Britain Province,PG,No,Papua New Guinea
MOBI_adm1_2080,Oceania,Papua New Guinea,West Sepik (Sandaun) Province,PG,No,Papua New Guinea
MOBI_adm1_2081,Oceania,Papua New Guinea,Western Highlands Province,PG,No,Papua New Guinea
MOBI_adm1_2082,Oceania,Papua New Guinea,Western Province,PG,No,Papua New Guinea
MOBI_adm1_2083,Asia,Philippines (the),ARMM,PH,No,Philippines
MOBI_adm1_2084,Asia,Philippines (the),Bicol Region,PH,No,Philippines
MOBI_adm1_2085,Asia,Philippines (the),Cagayan Valley,PH,No,Philippines
MOBI_adm1_2086,Asia,Philippines (the),Calabarzon,PH,No,Philippines
MOBI_adm1_2087,Asia,Philippines (the),CAR,PH,No,Philippines
MOBI_adm1_2088,Asia,Philippines (the),Caraga,PH,No,Philippines
MOBI_adm1_2089,Asia,Philippines (the),Central Luzon,PH,No,Philippines
MOBI_adm1_2090,Asia,Philippines (the),Central Visayas,PH,No,Philippines
MOBI_adm1_2091,Asia,Philippines (the),Davao Region,PH,No,Philippines
MOBI_adm1_2092,Asia,Philippines (the),Eastern Visayas,PH,No,Philippines
MOBI_adm1_2093,Asia,Philippines (the),Ilocos Region,PH,No,Philippines
MOBI_adm1_2094,Asia,Philippines (the),Mimaropa,PH,No,Philippines
MOBI_adm1_2095,Asia,Philippines (the),NCR,PH,No,Philippines
MOBI_adm1_2096,Asia,Philippines (the),Northern Mindanao,PH,No,Philippines
MOBI_adm1_2097,Asia,Philippines (the),Soccsksargen,PH,No,Philippines
MOBI_adm1_2098,Asia,Philippines (the),Western Visayas,PH,No,Philippines
MOBI_adm1_2099,Asia,Philippines (the),Zamboanga Peninsula,PH,No,Philippines
MOBI_adm1_2100,Asia,Pakistan,Azad Kashmir,PK,No,Pakistan
MOBI_adm1_2101,Asia,Pakistan,Balochistan,PK,No,Pakistan
MOBI_adm1_2102,Asia,Pakistan,Gilgit-Baltistan,PK,No,Pakistan
MOBI_adm1_2103,Asia,Pakistan,Islamabad Capital Territory,PK,No,Pakistan
MOBI_adm1_2104,Asia,Pakistan,Khyber Pakhtunkhwa,PK,No,Pakistan
MOBI_adm1_2105,Asia,Pakistan,Punjab,PK,No,Pakistan
MOBI_adm1_2106,Asia,Pakistan,Sindh,PK,No,Pakistan
MOBI_adm1_2107,Europe,Poland,Greater Poland Voivodeship,PL,No,Poland
MOBI_adm1_2108,Europe,Poland,Kuyavian-Pomeranian Voivodeship,PL,No,Poland
MOBI_adm1_2109,Europe,Poland,Lesser Poland Voivodeship,PL,No,Poland
MOBI_adm1_2110,Europe,Poland,Łódź Voivodeship,PL,No,Poland
MOBI_adm1_2111,Europe,Poland,Lower Silesian Voivodeship,PL,No,Poland
MOBI_adm1_2112,Europe,Poland,Lublin Voivodeship,PL,No,Poland
MOBI_adm1_2113,Europe,Poland,Lubusz Voivodeship,PL,No,Poland
MOBI_adm1_2114,Europe,Poland,Masovian Voivodeship,PL,No,Poland
MOBI_adm1_2115,Europe,Poland,Opole Voivodeship,PL,No,Poland
MOBI_adm1_2116,Europe,Poland,Podlaskie Voivodeship,PL,No,Poland
MOBI_adm1_2117,Europe,Poland,Pomeranian Voivodeship,PL,No,Poland
MOBI_adm1_2118,Europe,Poland,Silesian Voivodeship,PL,No,Poland
MOBI_adm1_2119,Europe,Poland,Subcarpathian Voivodeship,PL,No,Poland
MOBI_adm1_2120,Europe,Poland,Świętokrzyskie Voivodeship,PL,No,Poland
MOBI_adm1_2121,Europe,Poland,Warmian-Masurian Voivodeship,PL,No,Poland
MOBI_adm1_2122,Europe,Poland,West Pomeranian Voivodeship,PL,No,Poland
MOBI_adm1_2123,Europe,Portugal,Évora,PT,No,Portugal
MOBI_adm1_2124,Europe,Portugal,Aveiro,PT,No,Portugal
MOBI_adm1_2125,Europe,Portugal,Beja,PT,No,Portugal
MOBI_adm1_2126,Europe,Portugal,Braga,PT,No,Portugal
MOBI_adm1_2127,Europe,Portugal,Bragança,PT,No,Portugal
MOBI_adm1_2128,Europe,Portugal,Castelo Branco,PT,No,Portugal
MOBI_adm1_2129,Europe,Portugal,Coimbra,PT,No,Portugal
MOBI_adm1_2130,Europe,Portugal,Faro,PT,No,Portugal
MOBI_adm1_2131,Europe,Portugal,Guarda,PT,No,Portugal
MOBI_adm1_2132,Europe,Portugal,Leiria,PT,No,Portugal
MOBI_adm1_2133,Europe,Portugal,Lisboa,PT,No,Portugal
MOBI_adm1_2134,Europe,Portugal,Portalegre,PT,No,Portugal
MOBI_adm1_2135,Europe,Portugal,Porto,PT,No,Portugal
MOBI_adm1_2136,Europe,Portugal,Região Autónoma da Madeira,PT,No,Portugal
MOBI_adm1_2137,Europe,Portugal,Região Autónoma dos Açores,PT,No,Portugal
MOBI_adm1_2138,Europe,Portugal,Santarém,PT,No,Portugal
MOBI_adm1_2139,Europe,Portugal,Setúbal,PT,No,Portugal
MOBI_adm1_2140,Europe,Portugal,Viana do Castelo,PT,No,Portugal
MOBI_adm1_2141,Europe,Portugal,Vila Real,PT,No,Portugal
MOBI_adm1_2142,Europe,Portugal,Viseu,PT,No,Portugal
MOBI_adm1_2143,Oceania,Palau,Aimeliik,PW,No,Palau
MOBI_adm1_2144,Oceania,Palau,Airai,PW,No,Palau
MOBI_adm1_2145,Oceania,Palau,Angaur,PW,No,Palau
MOBI_adm1_2146,Oceania,Palau,Hatohobei,PW,No,Palau
MOBI_adm1_2147,Oceania,Palau,Kayangel,PW,No,Palau
MOBI_adm1_2148,Oceania,Palau,Koror,PW,No,Palau
MOBI_adm1_2149,Oceania,Palau,Melekeok,PW,No,Palau
MOBI_adm1_2150,Oceania,Palau,Ngaraard,PW,No,Palau
MOBI_adm1_2151,Oceania,Palau,Ngarchelong,PW,No,Palau
MOBI_adm1_2152,Oceania,Palau,Ngardmau,PW,No,Palau
MOBI_adm1_2153,Oceania,Palau,Ngatpang,PW,No,Palau
MOBI_adm1_2154,Oceania,Palau,Ngchesar,PW,No,Palau
MOBI_adm1_2155,Oceania,Palau,Ngeremlengui,PW,No,Palau
MOBI_adm1_2156,Oceania,Palau,Ngiwal,PW,No,Palau
MOBI_adm1_2157,Oceania,Palau,Peleliu,PW,No,Palau
MOBI_adm1_2158,Oceania,Palau,Sonsorol,PW,No,Palau
MOBI_adm1_2159,Americas,Paraguay,ALTO PARAGUAY,PY,No,Paraguay
MOBI_adm1_2160,Americas,Paraguay,ALTO PARANA,PY,No,Paraguay
MOBI_adm1_2161,Americas,Paraguay,AMAMBAY,PY,No,Paraguay
MOBI_adm1_2162,Americas,Paraguay,ASUNCION,PY,No,Paraguay
MOBI_adm1_2163,Americas,Paraguay,BOQUERON,PY,No,Paraguay
MOBI_adm1_2164,Americas,Paraguay,CAAGUAZU,PY,No,Paraguay
MOBI_adm1_2165,Americas,Paraguay,CAAZAPA,PY,No,Paraguay
MOBI_adm1_2166,Americas,Paraguay,CANINDEYU,PY,No,Paraguay
MOBI_adm1_2167,Americas,Paraguay,CENTRAL,PY,No,Paraguay
MOBI_adm1_2168,Americas,Paraguay,CONCEPCION,PY,No,Paraguay
MOBI_adm1_2169,Americas,Paraguay,CORDILLERA,PY,No,Paraguay
MOBI_adm1_2170,Americas,Paraguay,GUAIRA,PY,No,Paraguay
MOBI_adm1_2171,Americas,Paraguay,ITAPUA,PY,No,Paraguay
MOBI_adm1_2172,Americas,Paraguay,MISIONES,PY,No,Paraguay
MOBI_adm1_2173,Americas,Paraguay,ÑEEMBUCU,PY,No,Paraguay
MOBI_adm1_2174,Americas,Paraguay,PARAGUARI,PY,No,Paraguay
MOBI_adm1_2175,Americas,Paraguay,PRESIDENTE HAYES,PY,No,Paraguay
MOBI_adm1_2176,Americas,Paraguay,SAN PEDRO,PY,No,Paraguay
MOBI_adm1_2177,Asia,Qatar,Al Daayen,QA,No,Qatar
MOBI_adm1_2178,Asia,Qatar,Al Khor and Al Thakhira,QA,No,Qatar
MOBI_adm1_2179,Asia,Qatar,Al Rayyan,QA,No,Qatar
MOBI_adm1_2180,Asia,Qatar,Al Shamal,QA,No,Qatar
MOBI_adm1_2181,Asia,Qatar,Al Sheehaniya,QA,No,Qatar
MOBI_adm1_2182,Asia,Qatar,Al Wakra,QA,No,Qatar
MOBI_adm1_2183,Asia,Qatar,Doha,QA,No,Qatar
MOBI_adm1_2184,Asia,Qatar,Umm Slal,QA,No,Qatar
MOBI_adm1_2185,Europe,Romania,ALBA,RO,No,Romania
MOBI_adm1_2186,Europe,Romania,ARAD,RO,No,Romania
MOBI_adm1_2187,Europe,Romania,ARGES,RO,No,Romania
MOBI_adm1_2188,Europe,Romania,BACAU,RO,No,Romania
MOBI_adm1_2189,Europe,Romania,BIHOR,RO,No,Romania
MOBI_adm1_2190,Europe,Romania,BISTRITA-NASAUD,RO,No,Romania
MOBI_adm1_2191,Europe,Romania,BOTOSANI,RO,No,Romania
MOBI_adm1_2192,Europe,Romania,BRAILA,RO,No,Romania
MOBI_adm1_2193,Europe,Romania,BRASOV,RO,No,Romania
MOBI_adm1_2194,Europe,Romania,BUCURESTI,RO,No,Romania
MOBI_adm1_2195,Europe,Romania,BUZAU,RO,No,Romania
MOBI_adm1_2196,Europe,Romania,CALARASI,RO,No,Romania
MOBI_adm1_2197,Europe,Romania,CARAS-SEVERIN,RO,No,Romania
MOBI_adm1_2198,Europe,Romania,CLUJ,RO,No,Romania
MOBI_adm1_2199,Europe,Romania,CONSTANTA,RO,No,Romania
MOBI_adm1_2200,Europe,Romania,COVASNA,RO,No,Romania
MOBI_adm1_2201,Europe,Romania,DAMBOVITA,RO,No,Romania
MOBI_adm1_2202,Europe,Romania,DOLJ,RO,No,Romania
MOBI_adm1_2203,Europe,Romania,GALATI,RO,No,Romania
MOBI_adm1_2204,Europe,Romania,GIURGIU,RO,No,Romania
MOBI_adm1_2205,Europe,Romania,GORJ,RO,No,Romania
MOBI_adm1_2206,Europe,Romania,HARGHITA,RO,No,Romania
MOBI_adm1_2207,Europe,Romania,HUNEDOARA,RO,No,Romania
MOBI_adm1_2208,Europe,Romania,IALOMITA,RO,No,Romania
MOBI_adm1_2209,Europe,Romania,IASI,RO,No,Romania
MOBI_adm1_2210,Europe,Romania,ILFOV,RO,No,Romania
MOBI_adm1_2211,Europe,Romania,MARAMURES,RO,No,Romania
MOBI_adm1_2212,Europe,Romania,MEHEDINTI,RO,No,Romania
MOBI_adm1_2213,Europe,Romania,MURES,RO,No,Romania
MOBI_adm1_2214,Europe,Romania,NEAMT,RO,No,Romania
MOBI_adm1_2215,Europe,Romania,OLT,RO,No,Romania
MOBI_adm1_2216,Europe,Romania,PRAHOVA,RO,No,Romania
MOBI_adm1_2217,Europe,Romania,SALAJ,RO,No,Romania
MOBI_adm1_2218,Europe,Romania,SATU MARE,RO,No,Romania
MOBI_adm1_2219,Europe,Romania,SIBIU,RO,No,Romania
MOBI_adm1_2220,Europe,Romania,SUCEAVA,RO,No,Romania
MOBI_adm1_2221,Europe,Romania,TELEORMAN,RO,No,Romania
MOBI_adm1_2222,Europe,Romania,TIMIS,RO,No,Romania
MOBI_adm1_2223,Europe,Romania,TULCEA,RO,No,Romania
MOBI_adm1_2224,Europe,Romania,VALCEA,RO,No,Romania
MOBI_adm1_2225,Europe,Romania,VASLUI,RO,No,Romania
MOBI_adm1_2226,Europe,Romania,VRANCEA,RO,No,Romania
MOBI_adm1_2227,Europe,Romania,SATU MARE,RO,No,Romania
MOBI_adm1_2228,Europe,Serbia,Belgrade,RS,No,Serbia
MOBI_adm1_2229,Europe,Serbia,Bor District,RS,No,Serbia
MOBI_adm1_2230,Europe,Serbia,Branicevo District,RS,No,Serbia
MOBI_adm1_2231,Europe,Serbia,Central Banat District,RS,No,Serbia
MOBI_adm1_2232,Europe,Serbia,Jablanica District,RS,No,Serbia
MOBI_adm1_2233,Europe,Serbia,Kolubara District,RS,No,Serbia
MOBI_adm1_2234,Europe,Serbia,Macva District,RS,No,Serbia
MOBI_adm1_2235,Europe,Serbia,Moravica District,RS,No,Serbia
MOBI_adm1_2236,Europe,Serbia,Nisava District,RS,No,Serbia
MOBI_adm1_2237,Europe,Serbia,North Backa District,RS,No,Serbia
MOBI_adm1_2238,Europe,Serbia,North Banat District,RS,No,Serbia
MOBI_adm1_2239,Europe,Serbia,Pcinja District,RS,No,Serbia
MOBI_adm1_2240,Europe,Serbia,Pirot District,RS,No,Serbia
MOBI_adm1_2241,Europe,Serbia,Podunavlje District,RS,No,Serbia
MOBI_adm1_2242,Europe,Serbia,Pomoravlje District,RS,No,Serbia
MOBI_adm1_2243,Europe,Serbia,Rasina District,RS,No,Serbia
MOBI_adm1_2244,Europe,Serbia,Raska District,RS,No,Serbia
MOBI_adm1_2245,Europe,Serbia,South Backa District,RS,No,Serbia
MOBI_adm1_2246,Europe,Serbia,South Banat District,RS,No,Serbia
MOBI_adm1_2247,Europe,Serbia,Sumadija District,RS,No,Serbia
MOBI_adm1_2248,Europe,Serbia,Syrmia District,RS,No,Serbia
MOBI_adm1_2249,Europe,Serbia,Toplica District,RS,No,Serbia
MOBI_adm1_2250,Europe,Serbia,West Backa District,RS,No,Serbia
MOBI_adm1_2251,Europe,Serbia,Zajecar District,RS,No,Serbia
MOBI_adm1_2252,Europe,Serbia,Zlatibor District,RS,No,Serbia
MOBI_adm1_2253,Europe,Russian Federation (the),Adygea,RU,No,Russia
MOBI_adm1_2254,Europe,Russian Federation (the),Altai Krai,RU,No,Russia
MOBI_adm1_2255,Europe,Russian Federation (the),Altai Republic,RU,No,Russia
MOBI_adm1_2256,Europe,Russian Federation (the),Amur Oblast,RU,No,Russia
MOBI_adm1_2257,Europe,Russian Federation (the),Arkhangelsk Oblast,RU,No,Russia
MOBI_adm1_2258,Europe,Russian Federation (the),Astrakhan Oblast,RU,No,Russia
MOBI_adm1_2259,Europe,Russian Federation (the),Bashkortostan,RU,No,Russia
MOBI_adm1_2260,Europe,Russian Federation (the),Belgorod Oblast,RU,No,Russia
MOBI_adm1_2261,Europe,Russian Federation (the),Bryansk Oblast,RU,No,Russia
MOBI_adm1_2262,Europe,Russian Federation (the),Buryatia,RU,No,Russia
MOBI_adm1_2263,Europe,Russian Federation (the),Chechnya,RU,No,Russia
MOBI_adm1_2264,Europe,Russian Federation (the),Chelyabinsk Oblast,RU,No,Russia
MOBI_adm1_2265,Europe,Russian Federation (the),Chukotka Autonomous Okrug,RU,No,Russia
MOBI_adm1_2266,Europe,Russian Federation (the),Chuvashia,RU,No,Russia
MOBI_adm1_2267,Europe,Russian Federation (the),Dagestan,RU,No,Russia
MOBI_adm1_2268,Europe,Russian Federation (the),Ingushetia,RU,No,Russia
MOBI_adm1_2269,Europe,Russian Federation (the),Irkutsk Oblast,RU,No,Russia
MOBI_adm1_2270,Europe,Russian Federation (the),Ivanovo Oblast,RU,No,Russia
MOBI_adm1_2271,Europe,Russian Federation (the),Jewish Autonomous Oblast,RU,No,Russia
MOBI_adm1_2272,Europe,Russian Federation (the),Kabardino-Balkaria,RU,No,Russia
MOBI_adm1_2273,Europe,Russian Federation (the),Kaliningrad,RU,No,Russia
MOBI_adm1_2274,Europe,Russian Federation (the),Kalmykia,RU,No,Russia
MOBI_adm1_2275,Europe,Russian Federation (the),Kaluga Oblast,RU,No,Russia
MOBI_adm1_2276,Europe,Russian Federation (the),Kamchatka Krai,RU,No,Russia
MOBI_adm1_2277,Europe,Russian Federation (the),Karachay-Cherkessia,RU,No,Russia
MOBI_adm1_2278,Europe,Russian Federation (the),Kemerovo Oblast,RU,No,Russia
MOBI_adm1_2279,Europe,Russian Federation (the),Khabarovsk Krai,RU,No,Russia
MOBI_adm1_2280,Europe,Russian Federation (the),Khakassia,RU,No,Russia
MOBI_adm1_2281,Europe,Russian Federation (the),Khanty-Mansiysk Autonomous Okrug – Ugra,RU,No,Russia
MOBI_adm1_2282,Europe,Russian Federation (the),Kirov Oblast,RU,No,Russia
MOBI_adm1_2283,Europe,Russian Federation (the),Komi Republic,RU,No,Russia
MOBI_adm1_2284,Europe,Russian Federation (the),Kostroma Oblast,RU,No,Russia
MOBI_adm1_2285,Europe,Russian Federation (the),Krasnodar Krai,RU,No,Russia
MOBI_adm1_2286,Europe,Russian Federation (the),Krasnoyarsk Krai,RU,No,Russia
MOBI_adm1_2287,Europe,Russian Federation (the),Kurgan Oblast,RU,No,Russia
MOBI_adm1_2288,Europe,Russian Federation (the),Kursk Oblast,RU,No,Russia
MOBI_adm1_2289,Europe,Russian Federation (the),Leningrad oblast,RU,No,Russia
MOBI_adm1_2290,Europe,Russian Federation (the),Lipetsk Oblast,RU,No,Russia
MOBI_adm1_2291,Europe,Russian Federation (the),Magadan Oblast,RU,No,Russia
MOBI_adm1_2292,Europe,Russian Federation (the),Mari El,RU,No,Russia
MOBI_adm1_2293,Europe,Russian Federation (the),Moscow,RU,No,Russia
MOBI_adm1_2294,Europe,Russian Federation (the),Moscow Oblast,RU,No,Russia
MOBI_adm1_2295,Europe,Russian Federation (the),Murmansk Oblast,RU,No,Russia
MOBI_adm1_2296,Europe,Russian Federation (the),Nenets Autonomous Okrug,RU,No,Russia
MOBI_adm1_2297,Europe,Russian Federation (the),Nizhny Novgorod Oblast,RU,No,Russia
MOBI_adm1_2298,Europe,Russian Federation (the),North Ossetia–Alania,RU,No,Russia
MOBI_adm1_2299,Europe,Russian Federation (the),Novgorod Oblast,RU,No,Russia
MOBI_adm1_2300,Europe,Russian Federation (the),Novosibirsk Oblast,RU,No,Russia
MOBI_adm1_2301,Europe,Russian Federation (the),Omsk Oblast,RU,No,Russia
MOBI_adm1_2302,Europe,Russian Federation (the),Orenburg Oblast,RU,No,Russia
MOBI_adm1_2303,Europe,Russian Federation (the),Oryol Oblast,RU,No,Russia
MOBI_adm1_2304,Europe,Russian Federation (the),Penza Oblast,RU,No,Russia
MOBI_adm1_2305,Europe,Russian Federation (the),Perm Krai,RU,No,Russia
MOBI_adm1_2306,Europe,Russian Federation (the),Primorsky Krai,RU,No,Russia
MOBI_adm1_2307,Europe,Russian Federation (the),Pskov Oblast,RU,No,Russia
MOBI_adm1_2308,Europe,Russian Federation (the),Republic of Karelia,RU,No,Russia
MOBI_adm1_2309,Europe,Russian Federation (the),Republic of Mordovia,RU,No,Russia
MOBI_adm1_2310,Europe,Russian Federation (the),Rostov Oblast,RU,No,Russia
MOBI_adm1_2311,Europe,Russian Federation (the),Ryazan Oblast,RU,No,Russia
MOBI_adm1_2312,Europe,Russian Federation (the),Sakha Republic,RU,No,Russia
MOBI_adm1_2313,Europe,Russian Federation (the),Sakhalin Oblast,RU,No,Russia
MOBI_adm1_2314,Europe,Russian Federation (the),Samara Oblast,RU,No,Russia
MOBI_adm1_2315,Europe,Russian Federation (the),Saratov Oblast,RU,No,Russia
MOBI_adm1_2316,Europe,Russian Federation (the),Smolensk Oblast,RU,No,Russia
MOBI_adm1_2317,Europe,Russian Federation (the),Stavropol Krai,RU,No,Russia
MOBI_adm1_2318,Europe,Russian Federation (the),Sverdlovsk Oblast,RU,No,Russia
MOBI_adm1_2319,Europe,Russian Federation (the),Tambov Oblast,RU,No,Russia
MOBI_adm1_2320,Europe,Russian Federation (the),Tatarstan,RU,No,Russia
MOBI_adm1_2321,Europe,Russian Federation (the),Tomsk Oblast,RU,No,Russia
MOBI_adm1_2322,Europe,Russian Federation (the),Tula Oblast,RU,No,Russia
MOBI_adm1_2323,Europe,Russian Federation (the),Tuva,RU,No,Russia
MOBI_adm1_2324,Europe,Russian Federation (the),Tver Oblast,RU,No,Russia
MOBI_adm1_2325,Europe,Russian Federation (the),Tyumen Oblast,RU,No,Russia
MOBI_adm1_2326,Europe,Russian Federation (the),Udmurtia,RU,No,Russia
MOBI_adm1_2327,Europe,Russian Federation (the),Ulyanovsk Oblast,RU,No,Russia
MOBI_adm1_2328,Europe,Russian Federation (the),Vladimir Oblast,RU,No,Russia
MOBI_adm1_2329,Europe,Russian Federation (the),Volgograd Oblast,RU,No,Russia
MOBI_adm1_2330,Europe,Russian Federation (the),Vologda Oblast,RU,No,Russia
MOBI_adm1_2331,Europe,Russian Federation (the),Voronezh Oblast,RU,No,Russia
MOBI_adm1_2332,Europe,Russian Federation (the),Yamalo-Nenets Autonomous Okrug,RU,No,Russia
MOBI_adm1_2333,Europe,Russian Federation (the),Yaroslavl Oblast,RU,No,Russia
MOBI_adm1_2334,Europe,Russian Federation (the),Zabaykalsky Krai,RU,No,Russia
MOBI_adm1_2335,Africa,Rwanda,City of Kigali,RW,No,Rwanda
MOBI_adm1_2336,Africa,Rwanda,Eastern Province,RW,No,Rwanda
MOBI_adm1_2337,Africa,Rwanda,Northern Province,RW,No,Rwanda
MOBI_adm1_2338,Africa,Rwanda,Southern Province,RW,No,Rwanda
MOBI_adm1_2339,Africa,Rwanda,Western Province,RW,No,Rwanda
MOBI_adm1_2340,Asia,Saudi Arabia,Al Bahah Region,SA,No,Saudi Arabia
MOBI_adm1_2341,Asia,Saudi Arabia,Al Jawf Region,SA,No,Saudi Arabia
MOBI_adm1_2342,Asia,Saudi Arabia,Al Madinah Region,SA,No,Saudi Arabia
MOBI_adm1_2343,Asia,Saudi Arabia,Al-Qassim Region,SA,No,Saudi Arabia
MOBI_adm1_2344,Asia,Saudi Arabia,'Asir Region,SA,No,Saudi Arabia
MOBI_adm1_2345,Asia,Saudi Arabia,Eastern Region,SA,No,Saudi Arabia
MOBI_adm1_2346,Asia,Saudi Arabia,Hayel Region,SA,No,Saudi Arabia
MOBI_adm1_2347,Asia,Saudi Arabia,Jazan Region,SA,No,Saudi Arabia
MOBI_adm1_2348,Asia,Saudi Arabia,Makkah Region,SA,No,Saudi Arabia
MOBI_adm1_2349,Asia,Saudi Arabia,Najran Region,SA,No,Saudi Arabia
MOBI_adm1_2350,Asia,Saudi Arabia,Northern Borders Region,SA,No,Saudi Arabia
MOBI_adm1_2351,Asia,Saudi Arabia,Riyadh Region,SA,No,Saudi Arabia
MOBI_adm1_2352,Asia,Saudi Arabia,Tabuk Region,SA,No,Saudi Arabia
MOBI_adm1_2353,Oceania,Solomon Islands,Capital Territory (Honiara),SB,No,Solomon Is
MOBI_adm1_2354,Oceania,Solomon Islands,Central,SB,No,Solomon Is
MOBI_adm1_2355,Oceania,Solomon Islands,Choiseul,SB,No,Solomon Is
MOBI_adm1_2356,Oceania,Solomon Islands,Guadalcanal,SB,No,Solomon Is
MOBI_adm1_2357,Oceania,Solomon Islands,Isabel,SB,No,Solomon Is
MOBI_adm1_2358,Oceania,Solomon Islands,Makira,SB,No,Solomon Is
MOBI_adm1_2359,Oceania,Solomon Islands,Malaita,SB,No,Solomon Is
MOBI_adm1_2360,Oceania,Solomon Islands,Temotu,SB,No,Solomon Is
MOBI_adm1_2361,Oceania,Solomon Islands,Western,SB,No,Solomon Is
MOBI_adm1_2362,Africa,Seychelles,Anse Royal,SC,No,Seychelles
MOBI_adm1_2363,Africa,Seychelles,Baie Saint,SC,No,Seychelles
MOBI_adm1_2364,Africa,Seychelles,Bel Air,SC,No,Seychelles
MOBI_adm1_2365,Africa,Seychelles,La Digue a,SC,No,Seychelles
MOBI_adm1_2366,Africa,Sudan (the),Blue Nile,SD,No,Sudan
MOBI_adm1_2367,Africa,Sudan (the),Central Darfur,SD,No,Sudan
MOBI_adm1_2368,Africa,Sudan (the),East Darfur,SD,No,Sudan
MOBI_adm1_2369,Africa,Sudan (the),Gedaref,SD,No,Sudan
MOBI_adm1_2370,Africa,Sudan (the),Gezira,SD,No,Sudan
MOBI_adm1_2371,Africa,Sudan (the),Kassala,SD,No,Sudan
MOBI_adm1_2372,Africa,Sudan (the),Khartoum,SD,No,Sudan
MOBI_adm1_2373,Africa,Sudan (the),North Darfur,SD,No,Sudan
MOBI_adm1_2374,Africa,Sudan (the),North Kordofan,SD,No,Sudan
MOBI_adm1_2375,Africa,Sudan (the),Northern,SD,No,Sudan
MOBI_adm1_2376,Africa,Sudan (the),Red Sea,SD,No,Sudan
MOBI_adm1_2377,Africa,Sudan (the),River Nile,SD,No,Sudan
MOBI_adm1_2378,Africa,Sudan (the),Sennar,SD,No,Sudan
MOBI_adm1_2379,Africa,Sudan (the),South Darfur,SD,No,Sudan
MOBI_adm1_2380,Africa,Sudan (the),South Kordofan,SD,No,Sudan
MOBI_adm1_2381,Africa,Sudan (the),West Darfur,SD,No,Sudan
MOBI_adm1_2382,Africa,Sudan (the),West Kordofan,SD,No,Sudan
MOBI_adm1_2383,Africa,Sudan (the),White Nile,SD,No,Sudan
MOBI_adm1_2384,Africa,Sudan (the),South Darfur,SD,No,Sudan
MOBI_adm1_2385,Europe,Sweden,Blekinge län,SE,No,Sweden
MOBI_adm1_2386,Europe,Sweden,Dalarnas län,SE,No,Sweden
MOBI_adm1_2387,Europe,Sweden,Gävleborgs län,SE,No,Sweden
MOBI_adm1_2388,Europe,Sweden,Gotlands län,SE,No,Sweden
MOBI_adm1_2389,Europe,Sweden,Hallands län,SE,No,Sweden
MOBI_adm1_2390,Europe,Sweden,Jämtlands län,SE,No,Sweden
MOBI_adm1_2391,Europe,Sweden,Jönköpings län,SE,No,Sweden
MOBI_adm1_2392,Europe,Sweden,Kalmar län,SE,No,Sweden
MOBI_adm1_2393,Europe,Sweden,Kronobergs län,SE,No,Sweden
MOBI_adm1_2394,Europe,Sweden,Norrbottens län,SE,No,Sweden
MOBI_adm1_2395,Europe,Sweden,Örebro län,SE,No,Sweden
MOBI_adm1_2396,Europe,Sweden,Östergötlands län,SE,No,Sweden
MOBI_adm1_2397,Europe,Sweden,Skåne län,SE,No,Sweden
MOBI_adm1_2398,Europe,Sweden,Södermanlands län,SE,No,Sweden
MOBI_adm1_2399,Europe,Sweden,Stockholms län,SE,No,Sweden
MOBI_adm1_2400,Europe,Sweden,Uppsala län,SE,No,Sweden
MOBI_adm1_2401,Europe,Sweden,Värmlands län,SE,No,Sweden
MOBI_adm1_2402,Europe,Sweden,Västerbottens län,SE,No,Sweden
MOBI_adm1_2403,Europe,Sweden,Västernorrlands län,SE,No,Sweden
MOBI_adm1_2404,Europe,Sweden,Västmanlands län,SE,No,Sweden
MOBI_adm1_2405,Europe,Sweden,Västra Götalands län,SE,No,Sweden
MOBI_adm1_2406,Asia,Singapore,CENTRAL REGION,SG,No,Singapore
MOBI_adm1_2407,Asia,Singapore,EAST REGION,SG,No,Singapore
MOBI_adm1_2408,Asia,Singapore,NORTH REGION,SG,No,Singapore
MOBI_adm1_2409,Asia,Singapore,NORTH-EAST REGION,SG,No,Singapore
MOBI_adm1_2410,Asia,Singapore,WEST REGION,SG,No,Singapore
MOBI_adm1_2411,Europe,Slovenia,Vzhodna,SI,No,Slovenia
MOBI_adm1_2412,Europe,Slovenia,Zahodna Slovenija,SI,No,Slovenia
MOBI_adm1_2413,Europe,Slovakia,Region of Banská Bystrica,SK,No,Slovakia
MOBI_adm1_2414,Europe,Slovakia,Region of Bratislava,SK,No,Slovakia
MOBI_adm1_2415,Europe,Slovakia,Region of Košice,SK,No,Slovakia
MOBI_adm1_2416,Europe,Slovakia,Region of Nitra,SK,No,Slovakia
MOBI_adm1_2417,Europe,Slovakia,Region of Prešov,SK,No,Slovakia
MOBI_adm1_2418,Europe,Slovakia,Region of Trenčín,SK,No,Slovakia
MOBI_adm1_2419,Europe,Slovakia,Region of Trnava,SK,No,Slovakia
MOBI_adm1_2420,Europe,Slovakia,Region of Žilina,SK,No,Slovakia
MOBI_adm1_2421,Africa,Sierra Leone,Eastern,SL,No,Sierra Leone
MOBI_adm1_2422,Africa,Sierra Leone,Northern,SL,No,Sierra Leone
MOBI_adm1_2423,Africa,Sierra Leone,Southern,SL,No,Sierra Leone
MOBI_adm1_2424,Africa,Sierra Leone,Western Area,SL,No,Sierra Leone
MOBI_adm1_2425,Europe,San Marino,Acquaviva,SM,No,San Marino
MOBI_adm1_2426,Europe,San Marino,Borgo Maggiore,SM,No,San Marino
MOBI_adm1_2427,Europe,San Marino,Chiesanuova,SM,No,San Marino
MOBI_adm1_2428,Europe,San Marino,Città di San Marino,SM,No,San Marino
MOBI_adm1_2429,Europe,San Marino,Domagnano,SM,No,San Marino
MOBI_adm1_2430,Europe,San Marino,Faetano,SM,No,San Marino
MOBI_adm1_2431,Europe,San Marino,Fiorentino,SM,No,San Marino
MOBI_adm1_2432,Europe,San Marino,Montegiardino,SM,No,San Marino
MOBI_adm1_2433,Europe,San Marino,Serravalle,SM,No,San Marino
MOBI_adm1_2434,Africa,Senegal,Dakar,SN,No,Senegal
MOBI_adm1_2435,Africa,Senegal,Diourbel,SN,No,Senegal
MOBI_adm1_2436,Africa,Senegal,Fatick,SN,No,Senegal
MOBI_adm1_2437,Africa,Senegal,Kaffrine,SN,No,Senegal
MOBI_adm1_2438,Africa,Senegal,Kaolack,SN,No,Senegal
MOBI_adm1_2439,Africa,Senegal,Kedougou,SN,No,Senegal
MOBI_adm1_2440,Africa,Senegal,Kolda,SN,No,Senegal
MOBI_adm1_2441,Africa,Senegal,Louga,SN,No,Senegal
MOBI_adm1_2442,Africa,Senegal,Matam,SN,No,Senegal
MOBI_adm1_2443,Africa,Senegal,Saint Louis,SN,No,Senegal
MOBI_adm1_2444,Africa,Senegal,Sedhiou,SN,No,Senegal
MOBI_adm1_2445,Africa,Senegal,Tambacounda,SN,No,Senegal
MOBI_adm1_2446,Africa,Senegal,Thies,SN,No,Senegal
MOBI_adm1_2447,Africa,Senegal,Ziguinchor,SN,No,Senegal
MOBI_adm1_2448,Africa,Somalia,Awdal,SO,No,Somalia
MOBI_adm1_2449,Africa,Somalia,Bakool,SO,No,Somalia
MOBI_adm1_2450,Africa,Somalia,Banadir,SO,No,Somalia
MOBI_adm1_2451,Africa,Somalia,Bari,SO,No,Somalia
MOBI_adm1_2452,Africa,Somalia,Bay,SO,No,Somalia
MOBI_adm1_2453,Africa,Somalia,Galgaduud,SO,No,Somalia
MOBI_adm1_2454,Africa,Somalia,Gedo,SO,No,Somalia
MOBI_adm1_2455,Africa,Somalia,Hiiraan,SO,No,Somalia
MOBI_adm1_2456,Africa,Somalia,Lower Juba,SO,No,Somalia
MOBI_adm1_2457,Africa,Somalia,Lower Shebelle,SO,No,Somalia
MOBI_adm1_2458,Africa,Somalia,Middle Juba,SO,No,Somalia
MOBI_adm1_2459,Africa,Somalia,Middle Shebelle,SO,No,Somalia
MOBI_adm1_2460,Africa,Somalia,Mudug,SO,No,Somalia
MOBI_adm1_2461,Africa,Somalia,Nugaal,SO,No,Somalia
MOBI_adm1_2462,Africa,Somalia,Sanaag,SO,No,Somalia
MOBI_adm1_2463,Africa,Somalia,Sool,SO,No,Somalia
MOBI_adm1_2464,Africa,Somalia,Togdheer,SO,No,Somalia
MOBI_adm1_2465,Africa,Somalia,Woqooyi Galbeed,SO,No,Somalia
MOBI_adm1_2466,Americas,Suriname,Brokopondo,SR,No,Suriname
MOBI_adm1_2467,Americas,Suriname,Commewijne,SR,No,Suriname
MOBI_adm1_2468,Americas,Suriname,Coronie,SR,No,Suriname
MOBI_adm1_2469,Americas,Suriname,Marowijne,SR,No,Suriname
MOBI_adm1_2470,Americas,Suriname,Nickerie,SR,No,Suriname
MOBI_adm1_2471,Americas,Suriname,Para,SR,No,Suriname
MOBI_adm1_2472,Americas,Suriname,Paramaribo,SR,No,Suriname
MOBI_adm1_2473,Americas,Suriname,Saramacca,SR,No,Suriname
MOBI_adm1_2474,Americas,Suriname,Sipaliwini,SR,No,Suriname
MOBI_adm1_2475,Americas,Suriname,Wanica,SR,No,Suriname
MOBI_adm1_2476,Africa,South Sudan,Central Equatoria,SS,No,South Sudan
MOBI_adm1_2477,Africa,South Sudan,Eastern Equatoria,SS,No,South Sudan
MOBI_adm1_2478,Africa,South Sudan,Jonglei,SS,No,South Sudan
MOBI_adm1_2479,Africa,South Sudan,Lakes,SS,No,South Sudan
MOBI_adm1_2480,Africa,South Sudan,Northern Bahr el Ghazal,SS,No,South Sudan
MOBI_adm1_2481,Africa,South Sudan,Unity,SS,No,South Sudan
MOBI_adm1_2482,Africa,South Sudan,Upper Nile,SS,No,South Sudan
MOBI_adm1_2483,Africa,South Sudan,Warrap,SS,No,South Sudan
MOBI_adm1_2484,Africa,South Sudan,Western Bahr el Ghazal,SS,No,South Sudan
MOBI_adm1_2485,Africa,South Sudan,Western Equatoria,SS,No,South Sudan
MOBI_adm1_2486,Africa,Sao Tome and Principe,Príncipe Province,ST,No,Sao Tome & Principe
MOBI_adm1_2487,Africa,Sao Tome and Principe,São Tomé Province,ST,No,Sao Tome & Principe
MOBI_adm1_2488,Americas,El Salvador,Departamento de Ahuachapán,SV,No,El Salvador
MOBI_adm1_2489,Americas,El Salvador,Departamento de Cabañas,SV,No,El Salvador
MOBI_adm1_2490,Americas,El Salvador,Departamento de Chalatenango,SV,No,El Salvador
MOBI_adm1_2491,Americas,El Salvador,Departamento de Cuscatlán,SV,No,El Salvador
MOBI_adm1_2492,Americas,El Salvador,Departamento de La Paz,SV,No,El Salvador
MOBI_adm1_2493,Americas,El Salvador,Departamento de La Unión,SV,No,El Salvador
MOBI_adm1_2494,Americas,El Salvador,Departamento de Morazán,SV,No,El Salvador
MOBI_adm1_2495,Americas,El Salvador,Departamento de San Miguel,SV,No,El Salvador
MOBI_adm1_2496,Americas,El Salvador,Departamento de San Salvador,SV,No,El Salvador
MOBI_adm1_2497,Americas,El Salvador,Departamento de Santa Ana,SV,No,El Salvador
MOBI_adm1_2498,Americas,El Salvador,Departamento de Sonsonate,SV,No,El Salvador
MOBI_adm1_2499,Americas,El Salvador,Departamento de Usulután,SV,No,El Salvador
MOBI_adm1_2500,Americas,El Salvador,La Libertad,SV,No,El Salvador
MOBI_adm1_2501,Americas,El Salvador,San Vicente,SV,No,El Salvador
MOBI_adm1_2502,Asia,Syrian Arab Republic (the),Aleppo,SY,No,Syria
MOBI_adm1_2503,Asia,Syrian Arab Republic (the),Al-Hasakeh,SY,No,Syria
MOBI_adm1_2504,Asia,Syrian Arab Republic (the),Ar-Raqqa,SY,No,Syria
MOBI_adm1_2505,Asia,Syrian Arab Republic (the),As-Sweida,SY,No,Syria
MOBI_adm1_2506,Asia,Syrian Arab Republic (the),Damascus,SY,No,Syria
MOBI_adm1_2507,Asia,Syrian Arab Republic (the),Dar'a,SY,No,Syria
MOBI_adm1_2508,Asia,Syrian Arab Republic (the),Deir-ez-Zor,SY,No,Syria
MOBI_adm1_2509,Asia,Syrian Arab Republic (the),Hama,SY,No,Syria
MOBI_adm1_2510,Asia,Syrian Arab Republic (the),Homs,SY,No,Syria
MOBI_adm1_2511,Asia,Syrian Arab Republic (the),Idleb,SY,No,Syria
MOBI_adm1_2512,Asia,Syrian Arab Republic (the),Lattakia,SY,No,Syria
MOBI_adm1_2513,Asia,Syrian Arab Republic (the),Quneitra,SY,No,Syria
MOBI_adm1_2514,Asia,Syrian Arab Republic (the),Rural Damascus,SY,No,Syria
MOBI_adm1_2515,Asia,Syrian Arab Republic (the),Tartous,SY,No,Syria
MOBI_adm1_2516,Africa,Eswatini,Hhohho,SZ,No,Swaziland
MOBI_adm1_2517,Africa,Eswatini,Lubombo,SZ,No,Swaziland
MOBI_adm1_2518,Africa,Eswatini,Manzini,SZ,No,Swaziland
MOBI_adm1_2519,Africa,Eswatini,Shiselweni,SZ,No,Swaziland
MOBI_adm1_2520,Africa,Chad,Bahr el Gazel,TD,No,Chad
MOBI_adm1_2521,Africa,Chad,Batha,TD,No,Chad
MOBI_adm1_2522,Africa,Chad,Borkou,TD,No,Chad
MOBI_adm1_2523,Africa,Chad,Chari-Baguirmi,TD,No,Chad
MOBI_adm1_2524,Africa,Chad,Ennedi-Est,TD,No,Chad
MOBI_adm1_2525,Africa,Chad,Ennedi-Ouest,TD,No,Chad
MOBI_adm1_2526,Africa,Chad,Guéra,TD,No,Chad
MOBI_adm1_2527,Africa,Chad,Hadjer-Lamis,TD,No,Chad
MOBI_adm1_2528,Africa,Chad,Kanem,TD,No,Chad
MOBI_adm1_2529,Africa,Chad,Lac,TD,No,Chad
MOBI_adm1_2530,Africa,Chad,Logone Occidental,TD,No,Chad
MOBI_adm1_2531,Africa,Chad,Logone Oriental,TD,No,Chad
MOBI_adm1_2532,Africa,Chad,Mandoul,TD,No,Chad
MOBI_adm1_2533,Africa,Chad,Mayo-Kebbi Est,TD,No,Chad
MOBI_adm1_2534,Africa,Chad,Mayo-Kebbi Ouest,TD,No,Chad
MOBI_adm1_2535,Africa,Chad,Moyen-Chari,TD,No,Chad
MOBI_adm1_2536,Africa,Chad,N'Djamena Region,TD,No,Chad
MOBI_adm1_2537,Africa,Chad,Ouaddaï,TD,No,Chad
MOBI_adm1_2538,Africa,Chad,Salamat,TD,No,Chad
MOBI_adm1_2539,Africa,Chad,Sila,TD,No,Chad
MOBI_adm1_2540,Africa,Chad,Tandjilé,TD,No,Chad
MOBI_adm1_2541,Africa,Chad,Tibesti,TD,No,Chad
MOBI_adm1_2542,Africa,Chad,Wadi Fira,TD,No,Chad
MOBI_adm1_2543,Africa,Togo,Centrale Region,TG,No,Togo
MOBI_adm1_2544,Africa,Togo,Kara Region,TG,No,Togo
MOBI_adm1_2545,Africa,Togo,Maritime Region,TG,No,Togo
MOBI_adm1_2546,Africa,Togo,Plateaux Region,TG,No,Togo
MOBI_adm1_2547,Africa,Togo,Savanes Region,TG,No,Togo
MOBI_adm1_2548,Asia,Thailand,Amnat Charoen Province,TH,No,Thailand
MOBI_adm1_2549,Asia,Thailand,Ang Thong Province,TH,No,Thailand
MOBI_adm1_2550,Asia,Thailand,Bangkok,TH,No,Thailand
MOBI_adm1_2551,Asia,Thailand,Bueng Kan Province,TH,No,Thailand
MOBI_adm1_2552,Asia,Thailand,Buri Ram Province,TH,No,Thailand
MOBI_adm1_2553,Asia,Thailand,Chachoengsao Province,TH,No,Thailand
MOBI_adm1_2554,Asia,Thailand,Chai Nat Province,TH,No,Thailand
MOBI_adm1_2555,Asia,Thailand,Chaiyaphum Province,TH,No,Thailand
MOBI_adm1_2556,Asia,Thailand,Chanthaburi Province,TH,No,Thailand
MOBI_adm1_2557,Asia,Thailand,Chiang Mai Province,TH,No,Thailand
MOBI_adm1_2558,Asia,Thailand,Chiang Rai Province,TH,No,Thailand
MOBI_adm1_2559,Asia,Thailand,Chon Buri Province,TH,No,Thailand
MOBI_adm1_2560,Asia,Thailand,Chumphon Province,TH,No,Thailand
MOBI_adm1_2561,Asia,Thailand,Kalasin,TH,No,Thailand
MOBI_adm1_2562,Asia,Thailand,Kamphaeng Phet Province,TH,No,Thailand
MOBI_adm1_2563,Asia,Thailand,Kanchanaburi Province,TH,No,Thailand
MOBI_adm1_2564,Asia,Thailand,Khon Kaen Province,TH,No,Thailand
MOBI_adm1_2565,Asia,Thailand,Krabi Province,TH,No,Thailand
MOBI_adm1_2566,Asia,Thailand,Lampang Province,TH,No,Thailand
MOBI_adm1_2567,Asia,Thailand,Lamphun Province,TH,No,Thailand
MOBI_adm1_2568,Asia,Thailand,Loei Province,TH,No,Thailand
MOBI_adm1_2569,Asia,Thailand,Lopburi Province,TH,No,Thailand
MOBI_adm1_2570,Asia,Thailand,Mae Hong Son Province,TH,No,Thailand
MOBI_adm1_2571,Asia,Thailand,Maha Sarakham Province,TH,No,Thailand
MOBI_adm1_2572,Asia,Thailand,Mukdahan Province,TH,No,Thailand
MOBI_adm1_2573,Asia,Thailand,Nakhon Nayok Province,TH,No,Thailand
MOBI_adm1_2574,Asia,Thailand,Nakhon Pathom Province,TH,No,Thailand
MOBI_adm1_2575,Asia,Thailand,Nakhon Phanom Province,TH,No,Thailand
MOBI_adm1_2576,Asia,Thailand,Nakhon Ratchasima Province,TH,No,Thailand
MOBI_adm1_2577,Asia,Thailand,Nakhon Sawan Province,TH,No,Thailand
MOBI_adm1_2578,Asia,Thailand,Nakhon Si Thammarat Province,TH,No,Thailand
MOBI_adm1_2579,Asia,Thailand,Nan Province,TH,No,Thailand
MOBI_adm1_2580,Asia,Thailand,Narathiwat Province,TH,No,Thailand
MOBI_adm1_2581,Asia,Thailand,Nong Bua Lam Phu Province,TH,No,Thailand
MOBI_adm1_2582,Asia,Thailand,Nong Khai Province,TH,No,Thailand
MOBI_adm1_2583,Asia,Thailand,Nonthaburi Province,TH,No,Thailand
MOBI_adm1_2584,Asia,Thailand,Pathum Thani Province,TH,No,Thailand
MOBI_adm1_2585,Asia,Thailand,Pattani Province,TH,No,Thailand
MOBI_adm1_2586,Asia,Thailand,Phangnga Province,TH,No,Thailand
MOBI_adm1_2587,Asia,Thailand,Phatthalung Province,TH,No,Thailand
MOBI_adm1_2588,Asia,Thailand,Phayao Province,TH,No,Thailand
MOBI_adm1_2589,Asia,Thailand,Phetchabun Province,TH,No,Thailand
MOBI_adm1_2590,Asia,Thailand,Phetchaburi Province,TH,No,Thailand
MOBI_adm1_2591,Asia,Thailand,Phichit Province,TH,No,Thailand
MOBI_adm1_2592,Asia,Thailand,Phitsanulok Province,TH,No,Thailand
MOBI_adm1_2593,Asia,Thailand,Phra Nakhon Si Ayutthaya Province,TH,No,Thailand
MOBI_adm1_2594,Asia,Thailand,Phrae Province,TH,No,Thailand
MOBI_adm1_2595,Asia,Thailand,Phuket Province,TH,No,Thailand
MOBI_adm1_2596,Asia,Thailand,Prachin Buri Province,TH,No,Thailand
MOBI_adm1_2597,Asia,Thailand,Prachuap Khiri Khan Province,TH,No,Thailand
MOBI_adm1_2598,Asia,Thailand,Ranong Province,TH,No,Thailand
MOBI_adm1_2599,Asia,Thailand,Ratchaburi Province,TH,No,Thailand
MOBI_adm1_2600,Asia,Thailand,Rayong Province,TH,No,Thailand
MOBI_adm1_2601,Asia,Thailand,Roi Et Province,TH,No,Thailand
MOBI_adm1_2602,Asia,Thailand,Sa Kaeo Province,TH,No,Thailand
MOBI_adm1_2603,Asia,Thailand,Sakon Nakhon Province,TH,No,Thailand
MOBI_adm1_2604,Asia,Thailand,Samut Prakan Province,TH,No,Thailand
MOBI_adm1_2605,Asia,Thailand,Samut Sakhon Province,TH,No,Thailand
MOBI_adm1_2606,Asia,Thailand,Samut Songkhram Province,TH,No,Thailand
MOBI_adm1_2607,Asia,Thailand,Saraburi Province,TH,No,Thailand
MOBI_adm1_2608,Asia,Thailand,Satun Province,TH,No,Thailand
MOBI_adm1_2609,Asia,Thailand,Si Sa Ket Province,TH,No,Thailand
MOBI_adm1_2610,Asia,Thailand,Sing Buri Province,TH,No,Thailand
MOBI_adm1_2611,Asia,Thailand,Songkhla Province,TH,No,Thailand
MOBI_adm1_2612,Asia,Thailand,Sukhothai Province,TH,No,Thailand
MOBI_adm1_2613,Asia,Thailand,Suphan Buri Province,TH,No,Thailand
MOBI_adm1_2614,Asia,Thailand,Surat Thani Province,TH,No,Thailand
MOBI_adm1_2615,Asia,Thailand,Surin Province,TH,No,Thailand
MOBI_adm1_2616,Asia,Thailand,Tak Province,TH,No,Thailand
MOBI_adm1_2617,Asia,Thailand,Trang Province,TH,No,Thailand
MOBI_adm1_2618,Asia,Thailand,Trat Province,TH,No,Thailand
MOBI_adm1_2619,Asia,Thailand,Ubon Ratchathani Province,TH,No,Thailand
MOBI_adm1_2620,Asia,Thailand,Udon Thani Province,TH,No,Thailand
MOBI_adm1_2621,Asia,Thailand,Uthai Thani Province,TH,No,Thailand
MOBI_adm1_2622,Asia,Thailand,Uttaradit Province,TH,No,Thailand
MOBI_adm1_2623,Asia,Thailand,Yala Province,TH,No,Thailand
MOBI_adm1_2624,Asia,Thailand,Yasothon Province,TH,No,Thailand
MOBI_adm1_2625,Asia,Tajikistan,Districts of Republican Subordination,TJ,No,Tajikistan
MOBI_adm1_2626,Asia,Tajikistan,Gorno-Badakhshan Autonomous Region,TJ,No,Tajikistan
MOBI_adm1_2627,Asia,Tajikistan,Khatlon Region,TJ,No,Tajikistan
MOBI_adm1_2628,Asia,Tajikistan,Sughd Region,TJ,No,Tajikistan
MOBI_adm1_2629,Asia,Timor-Leste,Aileu,TL,No,Timor-Leste
MOBI_adm1_2630,Asia,Timor-Leste,Ainaro,TL,No,Timor-Leste
MOBI_adm1_2631,Asia,Timor-Leste,Baucau,TL,No,Timor-Leste
MOBI_adm1_2632,Asia,Timor-Leste,Bobonaro,TL,No,Timor-Leste
MOBI_adm1_2633,Asia,Timor-Leste,Cova Lima,TL,No,Timor-Leste
MOBI_adm1_2634,Asia,Timor-Leste,Dili,TL,No,Timor-Leste
MOBI_adm1_2635,Asia,Timor-Leste,Ermera,TL,No,Timor-Leste
MOBI_adm1_2636,Asia,Timor-Leste,Lautém,TL,No,Timor-Leste
MOBI_adm1_2637,Asia,Timor-Leste,Liquiçá,TL,No,Timor-Leste
MOBI_adm1_2638,Asia,Timor-Leste,Manatuto,TL,No,Timor-Leste
MOBI_adm1_2639,Asia,Timor-Leste,Manufahi,TL,No,Timor-Leste
MOBI_adm1_2640,Asia,Timor-Leste,Oecusse,TL,No,Timor-Leste
MOBI_adm1_2641,Asia,Timor-Leste,Viqueque,TL,No,Timor-Leste
MOBI_adm1_2642,Asia,Turkmenistan,Ahai,TM,No,Turkmenistan
MOBI_adm1_2643,Asia,Turkmenistan,Balkan,TM,No,Turkmenistan
MOBI_adm1_2644,Asia,Turkmenistan,Dasoguz,TM,No,Turkmenistan
MOBI_adm1_2645,Asia,Turkmenistan,Lebap,TM,No,Turkmenistan
MOBI_adm1_2646,Asia,Turkmenistan,Mary,TM,No,Turkmenistan
MOBI_adm1_2647,Africa,Tunisia,Ariana,TN,No,Tunisia
MOBI_adm1_2648,Africa,Tunisia,Béja,TN,No,Tunisia
MOBI_adm1_2649,Africa,Tunisia,Ben Arous,TN,No,Tunisia
MOBI_adm1_2650,Africa,Tunisia,Bizerte,TN,No,Tunisia
MOBI_adm1_2651,Africa,Tunisia,El Kef,TN,No,Tunisia
MOBI_adm1_2652,Africa,Tunisia,Gabès,TN,No,Tunisia
MOBI_adm1_2653,Africa,Tunisia,Gafsa,TN,No,Tunisia
MOBI_adm1_2654,Africa,Tunisia,Jendouba,TN,No,Tunisia
MOBI_adm1_2655,Africa,Tunisia,Kairouan,TN,No,Tunisia
MOBI_adm1_2656,Africa,Tunisia,Kasserine,TN,No,Tunisia
MOBI_adm1_2657,Africa,Tunisia,Kébili,TN,No,Tunisia
MOBI_adm1_2658,Africa,Tunisia,Mahdia,TN,No,Tunisia
MOBI_adm1_2659,Africa,Tunisia,Manouba,TN,No,Tunisia
MOBI_adm1_2660,Africa,Tunisia,Médenine,TN,No,Tunisia
MOBI_adm1_2661,Africa,Tunisia,Monastir,TN,No,Tunisia
MOBI_adm1_2662,Africa,Tunisia,Nabeul,TN,No,Tunisia
MOBI_adm1_2663,Africa,Tunisia,Sfax,TN,No,Tunisia
MOBI_adm1_2664,Africa,Tunisia,Sidi Bouzid,TN,No,Tunisia
MOBI_adm1_2665,Africa,Tunisia,Siliana,TN,No,Tunisia
MOBI_adm1_2666,Africa,Tunisia,Sousse,TN,No,Tunisia
MOBI_adm1_2667,Africa,Tunisia,Tataouine,TN,No,Tunisia
MOBI_adm1_2668,Africa,Tunisia,Tozeur,TN,No,Tunisia
MOBI_adm1_2669,Africa,Tunisia,Tunis,TN,No,Tunisia
MOBI_adm1_2670,Africa,Tunisia,Zaghouan,TN,No,Tunisia
MOBI_adm1_2671,Oceania,Tonga,'Eua,TO,No,Tonga
MOBI_adm1_2672,Oceania,Tonga,Ha'apai,TO,No,Tonga
MOBI_adm1_2673,Oceania,Tonga,Niuas,TO,No,Tonga
MOBI_adm1_2674,Oceania,Tonga,Tongatapu,TO,No,Tonga
MOBI_adm1_2675,Oceania,Tonga,Vava'u,TO,No,Tonga
MOBI_adm1_2676,Asia,Turkey,Adana,TR,No,Turkey
MOBI_adm1_2677,Asia,Turkey,Adıyaman,TR,No,Turkey
MOBI_adm1_2678,Asia,Turkey,Afyonkarahisar,TR,No,Turkey
MOBI_adm1_2679,Asia,Turkey,Ağrı,TR,No,Turkey
MOBI_adm1_2680,Asia,Turkey,Aksaray,TR,No,Turkey
MOBI_adm1_2681,Asia,Turkey,Amasya,TR,No,Turkey
MOBI_adm1_2682,Asia,Turkey,Ankara,TR,No,Turkey
MOBI_adm1_2683,Asia,Turkey,Antalya,TR,No,Turkey
MOBI_adm1_2684,Asia,Turkey,Ardahan,TR,No,Turkey
MOBI_adm1_2685,Asia,Turkey,Artvin,TR,No,Turkey
MOBI_adm1_2686,Asia,Turkey,Aydın,TR,No,Turkey
MOBI_adm1_2687,Asia,Turkey,Balıkesir,TR,No,Turkey
MOBI_adm1_2688,Asia,Turkey,Bartın,TR,No,Turkey
MOBI_adm1_2689,Asia,Turkey,Batman,TR,No,Turkey
MOBI_adm1_2690,Asia,Turkey,Bayburt,TR,No,Turkey
MOBI_adm1_2691,Asia,Turkey,Bilecik,TR,No,Turkey
MOBI_adm1_2692,Asia,Turkey,Bingöl,TR,No,Turkey
MOBI_adm1_2693,Asia,Turkey,Bitlis,TR,No,Turkey
MOBI_adm1_2694,Asia,Turkey,Bolu,TR,No,Turkey
MOBI_adm1_2695,Asia,Turkey,Burdur,TR,No,Turkey
MOBI_adm1_2696,Asia,Turkey,Bursa,TR,No,Turkey
MOBI_adm1_2697,Asia,Turkey,Çanakkale,TR,No,Turkey
MOBI_adm1_2698,Asia,Turkey,Çankırı,TR,No,Turkey
MOBI_adm1_2699,Asia,Turkey,Çorum,TR,No,Turkey
MOBI_adm1_2700,Asia,Turkey,Denizli,TR,No,Turkey
MOBI_adm1_2701,Asia,Turkey,Diyarbakır,TR,No,Turkey
MOBI_adm1_2702,Asia,Turkey,Düzce,TR,No,Turkey
MOBI_adm1_2703,Asia,Turkey,Edirne,TR,No,Turkey
MOBI_adm1_2704,Asia,Turkey,Elazığ,TR,No,Turkey
MOBI_adm1_2705,Asia,Turkey,Erzincan,TR,No,Turkey
MOBI_adm1_2706,Asia,Turkey,Erzurum,TR,No,Turkey
MOBI_adm1_2707,Asia,Turkey,Eskişehir,TR,No,Turkey
MOBI_adm1_2708,Asia,Turkey,Gaziantep,TR,No,Turkey
MOBI_adm1_2709,Asia,Turkey,Giresun,TR,No,Turkey
MOBI_adm1_2710,Asia,Turkey,Gümüşhane,TR,No,Turkey
MOBI_adm1_2711,Asia,Turkey,Hakkâri,TR,No,Turkey
MOBI_adm1_2712,Asia,Turkey,Hatay,TR,No,Turkey
MOBI_adm1_2713,Asia,Turkey,Iğdır,TR,No,Turkey
MOBI_adm1_2714,Asia,Turkey,Isparta,TR,No,Turkey
MOBI_adm1_2715,Asia,Turkey,İstanbul,TR,No,Turkey
MOBI_adm1_2716,Asia,Turkey,İzmir,TR,No,Turkey
MOBI_adm1_2717,Asia,Turkey,Kahramanmaraş,TR,No,Turkey
MOBI_adm1_2718,Asia,Turkey,Karabük,TR,No,Turkey
MOBI_adm1_2719,Asia,Turkey,Karaman,TR,No,Turkey
MOBI_adm1_2720,Asia,Turkey,Kars,TR,No,Turkey
MOBI_adm1_2721,Asia,Turkey,Kastamonu,TR,No,Turkey
MOBI_adm1_2722,Asia,Turkey,Kayseri,TR,No,Turkey
MOBI_adm1_2723,Asia,Turkey,Kilis,TR,No,Turkey
MOBI_adm1_2724,Asia,Turkey,Kırıkkale,TR,No,Turkey
MOBI_adm1_2725,Asia,Turkey,Kırklareli,TR,No,Turkey
MOBI_adm1_2726,Asia,Turkey,Kırşehir,TR,No,Turkey
MOBI_adm1_2727,Asia,Turkey,Kocaeli,TR,No,Turkey
MOBI_adm1_2728,Asia,Turkey,Konya,TR,No,Turkey
MOBI_adm1_2729,Asia,Turkey,Kütahya,TR,No,Turkey
MOBI_adm1_2730,Asia,Turkey,Malatya,TR,No,Turkey
MOBI_adm1_2731,Asia,Turkey,Manisa,TR,No,Turkey
MOBI_adm1_2732,Asia,Turkey,Mardin,TR,No,Turkey
MOBI_adm1_2733,Asia,Turkey,Mersin,TR,No,Turkey
MOBI_adm1_2734,Asia,Turkey,Muğla,TR,No,Turkey
MOBI_adm1_2735,Asia,Turkey,Muş,TR,No,Turkey
MOBI_adm1_2736,Asia,Turkey,Nevşehir,TR,No,Turkey
MOBI_adm1_2737,Asia,Turkey,Niğde,TR,No,Turkey
MOBI_adm1_2738,Asia,Turkey,Ordu,TR,No,Turkey
MOBI_adm1_2739,Asia,Turkey,Osmaniye,TR,No,Turkey
MOBI_adm1_2740,Asia,Turkey,Rize,TR,No,Turkey
MOBI_adm1_2741,Asia,Turkey,Sakarya,TR,No,Turkey
MOBI_adm1_2742,Asia,Turkey,Samsun,TR,No,Turkey
MOBI_adm1_2743,Asia,Turkey,Şanlıurfa,TR,No,Turkey
MOBI_adm1_2744,Asia,Turkey,Siirt,TR,No,Turkey
MOBI_adm1_2745,Asia,Turkey,Sinop,TR,No,Turkey
MOBI_adm1_2746,Asia,Turkey,Şırnak,TR,No,Turkey
MOBI_adm1_2747,Asia,Turkey,Sivas,TR,No,Turkey
MOBI_adm1_2748,Asia,Turkey,Tekirdağ,TR,No,Turkey
MOBI_adm1_2749,Asia,Turkey,Tokat,TR,No,Turkey
MOBI_adm1_2750,Asia,Turkey,Trabzon,TR,No,Turkey
MOBI_adm1_2751,Asia,Turkey,Tunceli,TR,No,Turkey
MOBI_adm1_2752,Asia,Turkey,Uşak,TR,No,Turkey
MOBI_adm1_2753,Asia,Turkey,Van,TR,No,Turkey
MOBI_adm1_2754,Asia,Turkey,Yalova,TR,No,Turkey
MOBI_adm1_2755,Asia,Turkey,Yozgat,TR,No,Turkey
MOBI_adm1_2756,Asia,Turkey,Zonguldak,TR,No,Turkey
MOBI_adm1_2757,Americas,Trinidad and Tobago,Chaguanas,TT,No,Trinidad & Tobago
MOBI_adm1_2758,Americas,Trinidad and Tobago,Couva-Tabaquite-Talparo,TT,No,Trinidad & Tobago
MOBI_adm1_2759,Americas,Trinidad and Tobago,Diego Martin,TT,No,Trinidad & Tobago
MOBI_adm1_2760,Americas,Trinidad and Tobago,Penal-Debe,TT,No,Trinidad & Tobago
MOBI_adm1_2761,Americas,Trinidad and Tobago,Point Fortin,TT,No,Trinidad & Tobago
MOBI_adm1_2762,Americas,Trinidad and Tobago,Port of Spain,TT,No,Trinidad & Tobago
MOBI_adm1_2763,Americas,Trinidad and Tobago,Princes Town,TT,No,Trinidad & Tobago
MOBI_adm1_2764,Americas,Trinidad and Tobago,Rio Claro-Mayaro,TT,No,Trinidad & Tobago
MOBI_adm1_2765,Americas,Trinidad and Tobago,San Fernando,TT,No,Trinidad & Tobago
MOBI_adm1_2766,Americas,Trinidad and Tobago,San Juan-Laventille,TT,No,Trinidad & Tobago
MOBI_adm1_2767,Americas,Trinidad and Tobago,Sangre Grande,TT,No,Trinidad & Tobago
MOBI_adm1_2768,Americas,Trinidad and Tobago,Siparia,TT,No,Trinidad & Tobago
MOBI_adm1_2769,Americas,Trinidad and Tobago,Tobago,TT,No,Trinidad & Tobago
MOBI_adm1_2770,Americas,Trinidad and Tobago,Tunapuna-Piarco,TT,No,Trinidad & Tobago
MOBI_adm1_2771,Oceania,Tuvalu,Nui,TV,No,Tuvalu
MOBI_adm1_2772,Oceania,Tuvalu,Nukufetau,TV,No,Tuvalu
MOBI_adm1_2773,Oceania,Tuvalu,Vaitupu,TV,No,Tuvalu
MOBI_adm1_2774,Asia,Taiwan (Province of China),Changhua County,TW,No,Taiwan
MOBI_adm1_2775,Asia,Taiwan (Province of China),Chiayi,TW,No,Taiwan
MOBI_adm1_2776,Asia,Taiwan (Province of China),Chiayi County,TW,No,Taiwan
MOBI_adm1_2777,Asia,Taiwan (Province of China),Hsinchu,TW,No,Taiwan
MOBI_adm1_2778,Asia,Taiwan (Province of China),Hsinchu County,TW,No,Taiwan
MOBI_adm1_2779,Asia,Taiwan (Province of China),Hualien County,TW,No,Taiwan
MOBI_adm1_2780,Asia,Taiwan (Province of China),Kaohsiung,TW,No,Taiwan
MOBI_adm1_2781,Asia,Taiwan (Province of China),Keelung,TW,No,Taiwan
MOBI_adm1_2782,Asia,Taiwan (Province of China),Kinmen,TW,No,Taiwan
MOBI_adm1_2783,Asia,Taiwan (Province of China),Matsu Islands,TW,No,Taiwan
MOBI_adm1_2784,Asia,Taiwan (Province of China),Miaoli County,TW,No,Taiwan
MOBI_adm1_2785,Asia,Taiwan (Province of China),Nantou County,TW,No,Taiwan
MOBI_adm1_2786,Asia,Taiwan (Province of China),New Taipei,TW,No,Taiwan
MOBI_adm1_2787,Asia,Taiwan (Province of China),Penghu,TW,No,Taiwan
MOBI_adm1_2788,Asia,Taiwan (Province of China),Pingtung County,TW,No,Taiwan
MOBI_adm1_2789,Asia,Taiwan (Province of China),Taichung,TW,No,Taiwan
MOBI_adm1_2790,Asia,Taiwan (Province of China),Tainan,TW,No,Taiwan
MOBI_adm1_2791,Asia,Taiwan (Province of China),Taipei,TW,No,Taiwan
MOBI_adm1_2792,Asia,Taiwan (Province of China),Taitung County,TW,No,Taiwan
MOBI_adm1_2793,Asia,Taiwan (Province of China),Taoyuan,TW,No,Taiwan
MOBI_adm1_2794,Asia,Taiwan (Province of China),Yilan County,TW,No,Taiwan
MOBI_adm1_2795,Asia,Taiwan (Province of China),Yunlin County,TW,No,Taiwan
MOBI_adm1_2796,Africa,"Tanzania, the United Republic of",Arusha,TZ,No,Tanzania
MOBI_adm1_2797,Africa,"Tanzania, the United Republic of",Dar es Salaam,TZ,No,Tanzania
MOBI_adm1_2798,Africa,"Tanzania, the United Republic of",Dodoma,TZ,No,Tanzania
MOBI_adm1_2799,Africa,"Tanzania, the United Republic of",Geita,TZ,No,Tanzania
MOBI_adm1_2800,Africa,"Tanzania, the United Republic of",Iringa,TZ,No,Tanzania
MOBI_adm1_2801,Africa,"Tanzania, the United Republic of",Kagera,TZ,No,Tanzania
MOBI_adm1_2802,Africa,"Tanzania, the United Republic of",Katavi,TZ,No,Tanzania
MOBI_adm1_2803,Africa,"Tanzania, the United Republic of",Kigoma,TZ,No,Tanzania
MOBI_adm1_2804,Africa,"Tanzania, the United Republic of",Kilimanjaro,TZ,No,Tanzania
MOBI_adm1_2805,Africa,"Tanzania, the United Republic of",Lindi,TZ,No,Tanzania
MOBI_adm1_2806,Africa,"Tanzania, the United Republic of",Manyara,TZ,No,Tanzania
MOBI_adm1_2807,Africa,"Tanzania, the United Republic of",Mara,TZ,No,Tanzania
MOBI_adm1_2808,Africa,"Tanzania, the United Republic of",Mbeya,TZ,No,Tanzania
MOBI_adm1_2809,Africa,"Tanzania, the United Republic of",Morogoro,TZ,No,Tanzania
MOBI_adm1_2810,Africa,"Tanzania, the United Republic of",Mtwara,TZ,No,Tanzania
MOBI_adm1_2811,Africa,"Tanzania, the United Republic of",Mwanza,TZ,No,Tanzania
MOBI_adm1_2812,Africa,"Tanzania, the United Republic of",Njombe,TZ,No,Tanzania
MOBI_adm1_2813,Africa,"Tanzania, the United Republic of",North Pemba,TZ,No,Tanzania
MOBI_adm1_2814,Africa,"Tanzania, the United Republic of",Pwani,TZ,No,Tanzania
MOBI_adm1_2815,Africa,"Tanzania, the United Republic of",Rukwa,TZ,No,Tanzania
MOBI_adm1_2816,Africa,"Tanzania, the United Republic of",Ruvuma,TZ,No,Tanzania
MOBI_adm1_2817,Africa,"Tanzania, the United Republic of",Shinyanga,TZ,No,Tanzania
MOBI_adm1_2818,Africa,"Tanzania, the United Republic of",Simiyu,TZ,No,Tanzania
MOBI_adm1_2819,Africa,"Tanzania, the United Republic of",Singida,TZ,No,Tanzania
MOBI_adm1_2820,Africa,"Tanzania, the United Republic of",South Pemba,TZ,No,Tanzania
MOBI_adm1_2821,Africa,"Tanzania, the United Republic of",Tabora,TZ,No,Tanzania
MOBI_adm1_2822,Africa,"Tanzania, the United Republic of",Tanga,TZ,No,Tanzania
MOBI_adm1_2823,Africa,"Tanzania, the United Republic of",Zanzibar North,TZ,No,Tanzania
MOBI_adm1_2824,Africa,"Tanzania, the United Republic of",Zanzibar South & Central,TZ,No,Tanzania
MOBI_adm1_2825,Africa,"Tanzania, the United Republic of",Zanzibar Urban/West,TZ,No,Tanzania
MOBI_adm1_2826,Europe,Ukraine,Autonomous Republic of Crimea,UA,No,Ukraine
MOBI_adm1_2827,Europe,Ukraine,Cherkasy Oblast,UA,No,Ukraine
MOBI_adm1_2828,Europe,Ukraine,Chernihiv Oblast,UA,No,Ukraine
MOBI_adm1_2829,Europe,Ukraine,Chernivtsi Oblast,UA,No,Ukraine
MOBI_adm1_2830,Europe,Ukraine,Dnipropetrovsk Oblast,UA,No,Ukraine
MOBI_adm1_2831,Europe,Ukraine,Donetsk Oblast,UA,No,Ukraine
MOBI_adm1_2832,Europe,Ukraine,Ivano-Frankivsk Oblast,UA,No,Ukraine
MOBI_adm1_2833,Europe,Ukraine,Kharkiv Oblast,UA,No,Ukraine
MOBI_adm1_2834,Europe,Ukraine,Kherson Oblast,UA,No,Ukraine
MOBI_adm1_2835,Europe,Ukraine,Khmelnytskyi Oblast,UA,No,Ukraine
MOBI_adm1_2836,Europe,Ukraine,Kirovohrad Oblast,UA,No,Ukraine
MOBI_adm1_2837,Europe,Ukraine,Kyiv,UA,No,Ukraine
MOBI_adm1_2838,Europe,Ukraine,Kyiv Oblast,UA,No,Ukraine
MOBI_adm1_2839,Europe,Ukraine,Luhansk Oblast,UA,No,Ukraine
MOBI_adm1_2840,Europe,Ukraine,Lviv Oblast,UA,No,Ukraine
MOBI_adm1_2841,Europe,Ukraine,Mykolaiv Oblast,UA,No,Ukraine
MOBI_adm1_2842,Europe,Ukraine,Odessa Oblast,UA,No,Ukraine
MOBI_adm1_2843,Europe,Ukraine,Poltava Oblast,UA,No,Ukraine
MOBI_adm1_2844,Europe,Ukraine,Rivne Oblast,UA,No,Ukraine
MOBI_adm1_2845,Europe,Ukraine,Sevastopol,UA,No,Ukraine
MOBI_adm1_2846,Europe,Ukraine,Sumy Oblast,UA,No,Ukraine
MOBI_adm1_2847,Europe,Ukraine,Ternopil Oblast,UA,No,Ukraine
MOBI_adm1_2848,Europe,Ukraine,Vinnytsia Oblast,UA,No,Ukraine
MOBI_adm1_2849,Europe,Ukraine,Volyn Oblast,UA,No,Ukraine
MOBI_adm1_2850,Europe,Ukraine,Zakarpattia Oblast,UA,No,Ukraine
MOBI_adm1_2851,Europe,Ukraine,Zaporizhia Oblast,UA,No,Ukraine
MOBI_adm1_2852,Europe,Ukraine,Zhytomyr Oblast,UA,No,Ukraine
MOBI_adm1_2853,Africa,Uganda,Central Region,UG,No,Uganda
MOBI_adm1_2854,Africa,Uganda,Eastern Region,UG,No,Uganda
MOBI_adm1_2855,Africa,Uganda,Northern Region,UG,No,Uganda
MOBI_adm1_2856,Africa,Uganda,Western Region,UG,No,Uganda
MOBI_adm1_2857,Americas,United States of America (the),Alabama,US,No,United States
MOBI_adm1_2858,Americas,United States of America (the),Alaska,US,No,United States
MOBI_adm1_2859,Americas,United States of America (the),American Samoa,US,No,United States
MOBI_adm1_2860,Americas,United States of America (the),Arizona,US,No,United States
MOBI_adm1_2861,Americas,United States of America (the),Arkansas,US,No,United States
MOBI_adm1_2862,Americas,United States of America (the),California,US,No,United States
MOBI_adm1_2863,Americas,United States of America (the),Colorado,US,No,United States
MOBI_adm1_2864,Americas,United States of America (the),Commonwealth of the Northern Mariana Islands,US,No,United States
MOBI_adm1_2865,Americas,United States of America (the),Connecticut,US,No,United States
MOBI_adm1_2866,Americas,United States of America (the),Delaware,US,No,United States
MOBI_adm1_2867,Americas,United States of America (the),District of Columbia,US,No,United States
MOBI_adm1_2868,Americas,United States of America (the),Florida,US,No,United States
MOBI_adm1_2869,Americas,United States of America (the),Georgia,US,No,United States
MOBI_adm1_2870,Americas,United States of America (the),Guam,US,No,United States
MOBI_adm1_2871,Americas,United States of America (the),Hawaii,US,No,United States
MOBI_adm1_2872,Americas,United States of America (the),Idaho,US,No,United States
MOBI_adm1_2873,Americas,United States of America (the),Illinois,US,No,United States
MOBI_adm1_2874,Americas,United States of America (the),Indiana,US,No,United States
MOBI_adm1_2875,Americas,United States of America (the),Iowa,US,No,United States
MOBI_adm1_2876,Americas,United States of America (the),Kansas,US,No,United States
MOBI_adm1_2877,Americas,United States of America (the),Kentucky,US,No,United States
MOBI_adm1_2878,Americas,United States of America (the),Louisiana,US,No,United States
MOBI_adm1_2879,Americas,United States of America (the),Maine,US,No,United States
MOBI_adm1_2880,Americas,United States of America (the),Maryland,US,No,United States
MOBI_adm1_2881,Americas,United States of America (the),Massachusetts,US,No,United States
MOBI_adm1_2882,Americas,United States of America (the),Michigan,US,No,United States
MOBI_adm1_2883,Americas,United States of America (the),Minnesota,US,No,United States
MOBI_adm1_2884,Americas,United States of America (the),Mississippi,US,No,United States
MOBI_adm1_2885,Americas,United States of America (the),Missouri,US,No,United States
MOBI_adm1_2886,Americas,United States of America (the),Montana,US,No,United States
MOBI_adm1_2887,Americas,United States of America (the),Nebraska,US,No,United States
MOBI_adm1_2888,Americas,United States of America (the),Nevada,US,No,United States
MOBI_adm1_2889,Americas,United States of America (the),New Hampshire,US,No,United States
MOBI_adm1_2890,Americas,United States of America (the),New Jersey,US,No,United States
MOBI_adm1_2891,Americas,United States of America (the),New Mexico,US,No,United States
MOBI_adm1_2892,Americas,United States of America (the),New York,US,No,United States
MOBI_adm1_2893,Americas,United States of America (the),North Carolina,US,No,United States
MOBI_adm1_2894,Americas,United States of America (the),North Dakota,US,No,United States
MOBI_adm1_2895,Americas,United States of America (the),Ohio,US,No,United States
MOBI_adm1_2896,Americas,United States of America (the),Oklahoma,US,No,United States
MOBI_adm1_2897,Americas,United States of America (the),Oregon,US,No,United States
MOBI_adm1_2898,Americas,United States of America (the),Pennsylvania,US,No,United States
MOBI_adm1_2899,Americas,United States of America (the),Puerto Rico,US,No,United States
MOBI_adm1_2900,Americas,United States of America (the),Rhode Island,US,No,United States
MOBI_adm1_2901,Americas,United States of America (the),South Carolina,US,No,United States
MOBI_adm1_2902,Americas,United States of America (the),South Dakota,US,No,United States
MOBI_adm1_2903,Americas,United States of America (the),Tennessee,US,No,United States
MOBI_adm1_2904,Americas,United States of America (the),Texas,US,No,United States
MOBI_adm1_2905,Americas,United States of America (the),United States Virgin Islands,US,No,United States
MOBI_adm1_2906,Americas,United States of America (the),Utah,US,No,United States
MOBI_adm1_2907,Americas,United States of America (the),Vermont,US,No,United States
MOBI_adm1_2908,Americas,United States of America (the),Virginia,US,No,United States
MOBI_adm1_2909,Americas,United States of America (the),Washington,US,No,United States
MOBI_adm1_2910,Americas,United States of America (the),West Virginia,US,No,United States
MOBI_adm1_2911,Americas,United States of America (the),Wisconsin,US,No,United States
MOBI_adm1_2912,Americas,United States of America (the),Wyoming,US,No,United States
MOBI_adm1_2913,Americas,Uruguay,Artigas,UY,No,Uruguay
MOBI_adm1_2914,Americas,Uruguay,Canelones,UY,No,Uruguay
MOBI_adm1_2915,Americas,Uruguay,Cerro Largo,UY,No,Uruguay
MOBI_adm1_2916,Americas,Uruguay,Colonia,UY,No,Uruguay
MOBI_adm1_2917,Americas,Uruguay,Durazno,UY,No,Uruguay
MOBI_adm1_2918,Americas,Uruguay,Florida,UY,No,Uruguay
MOBI_adm1_2919,Americas,Uruguay,Lavalleja,UY,No,Uruguay
MOBI_adm1_2920,Americas,Uruguay,Maldonado,UY,No,Uruguay
MOBI_adm1_2921,Americas,Uruguay,Montevideo,UY,No,Uruguay
MOBI_adm1_2922,Americas,Uruguay,Paysandú,UY,No,Uruguay
MOBI_adm1_2923,Americas,Uruguay,Río Negro,UY,No,Uruguay
MOBI_adm1_2924,Americas,Uruguay,Rivera,UY,No,Uruguay
MOBI_adm1_2925,Americas,Uruguay,Rocha,UY,No,Uruguay
MOBI_adm1_2926,Americas,Uruguay,Salto,UY,No,Uruguay
MOBI_adm1_2927,Americas,Uruguay,San José,UY,No,Uruguay
MOBI_adm1_2928,Americas,Uruguay,Soriano,UY,No,Uruguay
MOBI_adm1_2929,Americas,Uruguay,Tacuarembó,UY,No,Uruguay
MOBI_adm1_2930,Americas,Uruguay,Treinta y Tres,UY,No,Uruguay
MOBI_adm1_2931,Asia,Uzbekistan,Andijan Region,UZ,No,Uzbekistan
MOBI_adm1_2932,Asia,Uzbekistan,Bukhara Region,UZ,No,Uzbekistan
MOBI_adm1_2933,Asia,Uzbekistan,Fergana Region,UZ,No,Uzbekistan
MOBI_adm1_2934,Asia,Uzbekistan,Jizzakh Region,UZ,No,Uzbekistan
MOBI_adm1_2935,Asia,Uzbekistan,Namangan Region,UZ,No,Uzbekistan
MOBI_adm1_2936,Asia,Uzbekistan,Navoiy Region,UZ,No,Uzbekistan
MOBI_adm1_2937,Asia,Uzbekistan,Qashqadaryo Region,UZ,No,Uzbekistan
MOBI_adm1_2938,Asia,Uzbekistan,Republic of Karakalpakstan,UZ,No,Uzbekistan
MOBI_adm1_2939,Asia,Uzbekistan,Samarqand Region,UZ,No,Uzbekistan
MOBI_adm1_2940,Asia,Uzbekistan,Sirdaryo Region,UZ,No,Uzbekistan
MOBI_adm1_2941,Asia,Uzbekistan,Surxondaryo Region,UZ,No,Uzbekistan
MOBI_adm1_2942,Asia,Uzbekistan,Tashkent,UZ,No,Uzbekistan
MOBI_adm1_2943,Asia,Uzbekistan,Tashkent Region,UZ,No,Uzbekistan
MOBI_adm1_2944,Asia,Uzbekistan,Xorazm Region,UZ,No,Uzbekistan
MOBI_adm1_2945,Europe,Holy See (the),Vatican City,VA,No,Vatican City
MOBI_adm1_2946,Americas,Saint Vincent and the Grenadines,Charlotte,VC,No,St Vincent & the Grenadines
MOBI_adm1_2947,Americas,Saint Vincent and the Grenadines,Saint Andrew,VC,No,St Vincent & the Grenadines
MOBI_adm1_2948,Americas,Saint Vincent and the Grenadines,Saint David,VC,No,St Vincent & the Grenadines
MOBI_adm1_2949,Americas,Saint Vincent and the Grenadines,Saint George,VC,No,St Vincent & the Grenadines
MOBI_adm1_2950,Americas,Saint Vincent and the Grenadines,Saint Patrick,VC,No,St Vincent & the Grenadines
MOBI_adm1_2951,Americas,Venezuela (Bolivarian Republic of),Amazonas,VE,No,Venezuela
MOBI_adm1_2952,Americas,Venezuela (Bolivarian Republic of),Anzoátegui,VE,No,Venezuela
MOBI_adm1_2953,Americas,Venezuela (Bolivarian Republic of),Apure,VE,No,Venezuela
MOBI_adm1_2954,Americas,Venezuela (Bolivarian Republic of),Aragua,VE,No,Venezuela
MOBI_adm1_2955,Americas,Venezuela (Bolivarian Republic of),Barinas,VE,No,Venezuela
MOBI_adm1_2956,Americas,Venezuela (Bolivarian Republic of),Bolívar,VE,No,Venezuela
MOBI_adm1_2957,Americas,Venezuela (Bolivarian Republic of),Carabobo,VE,No,Venezuela
MOBI_adm1_2958,Americas,Venezuela (Bolivarian Republic of),Cojedes,VE,No,Venezuela
MOBI_adm1_2959,Americas,Venezuela (Bolivarian Republic of),Delta Amacuro,VE,No,Venezuela
MOBI_adm1_2960,Americas,Venezuela (Bolivarian Republic of),Distrito Capital,VE,No,Venezuela
MOBI_adm1_2961,Americas,Venezuela (Bolivarian Republic of),Falcón,VE,No,Venezuela
MOBI_adm1_2962,Americas,Venezuela (Bolivarian Republic of),Guárico,VE,No,Venezuela
MOBI_adm1_2963,Americas,Venezuela (Bolivarian Republic of),Lara,VE,No,Venezuela
MOBI_adm1_2964,Americas,Venezuela (Bolivarian Republic of),Mérida,VE,No,Venezuela
MOBI_adm1_2965,Americas,Venezuela (Bolivarian Republic of),Miranda,VE,No,Venezuela
MOBI_adm1_2966,Americas,Venezuela (Bolivarian Republic of),Monagas,VE,No,Venezuela
MOBI_adm1_2967,Americas,Venezuela (Bolivarian Republic of),Nueva Esparta,VE,No,Venezuela
MOBI_adm1_2968,Americas,Venezuela (Bolivarian Republic of),Portuguesa,VE,No,Venezuela
MOBI_adm1_2969,Americas,Venezuela (Bolivarian Republic of),Sucre,VE,No,Venezuela
MOBI_adm1_2970,Americas,Venezuela (Bolivarian Republic of),Táchira,VE,No,Venezuela
MOBI_adm1_2971,Americas,Venezuela (Bolivarian Republic of),Trujillo,VE,No,Venezuela
MOBI_adm1_2972,Americas,Venezuela (Bolivarian Republic of),Yaracuy,VE,No,Venezuela
MOBI_adm1_2973,Americas,Venezuela (Bolivarian Republic of),Zulia,VE,No,Venezuela
MOBI_adm1_2974,Asia,Viet Nam,An Giang,VN,No,Vietnam
MOBI_adm1_2975,Asia,Viet Nam,Bà Rịa–Vũng Tàu,VN,No,Vietnam
MOBI_adm1_2976,Asia,Viet Nam,Bắc Giang,VN,No,Vietnam
MOBI_adm1_2977,Asia,Viet Nam,Bắc Kạn,VN,No,Vietnam
MOBI_adm1_2978,Asia,Viet Nam,Bạc Liêu,VN,No,Vietnam
MOBI_adm1_2979,Asia,Viet Nam,Bắc Ninh,VN,No,Vietnam
MOBI_adm1_2980,Asia,Viet Nam,Bến Tre,VN,No,Vietnam
MOBI_adm1_2981,Asia,Viet Nam,Bình Định,VN,No,Vietnam
MOBI_adm1_2982,Asia,Viet Nam,Bình Dương,VN,No,Vietnam
MOBI_adm1_2983,Asia,Viet Nam,Bình Phước,VN,No,Vietnam
MOBI_adm1_2984,Asia,Viet Nam,Bình Thuận,VN,No,Vietnam
MOBI_adm1_2985,Asia,Viet Nam,Cà Mau,VN,No,Vietnam
MOBI_adm1_2986,Asia,Viet Nam,Cần Thơ,VN,No,Vietnam
MOBI_adm1_2987,Asia,Viet Nam,Cao Bằng,VN,No,Vietnam
MOBI_adm1_2988,Asia,Viet Nam,Côn Đảo,VN,No,Vietnam
MOBI_adm1_2989,Asia,Viet Nam,Đà Nẵng,VN,No,Vietnam
MOBI_adm1_2990,Asia,Viet Nam,Đắk Lắk,VN,No,Vietnam
MOBI_adm1_2991,Asia,Viet Nam,Đắk Nông,VN,No,Vietnam
MOBI_adm1_2992,Asia,Viet Nam,Điện Biên,VN,No,Vietnam
MOBI_adm1_2993,Asia,Viet Nam,Đồng Nai,VN,No,Vietnam
MOBI_adm1_2994,Asia,Viet Nam,Đồng Tháp,VN,No,Vietnam
MOBI_adm1_2995,Asia,Viet Nam,Gia Lai,VN,No,Vietnam
MOBI_adm1_2996,Asia,Viet Nam,Hà Giang,VN,No,Vietnam
MOBI_adm1_2997,Asia,Viet Nam,Hà Nam,VN,No,Vietnam
MOBI_adm1_2998,Asia,Viet Nam,Hà Nội,VN,No,Vietnam
MOBI_adm1_2999,Asia,Viet Nam,Hà Tĩnh,VN,No,Vietnam
MOBI_adm1_3000,Asia,Viet Nam,Hải Dương,VN,No,Vietnam
MOBI_adm1_3001,Asia,Viet Nam,Hải Phòng,VN,No,Vietnam
MOBI_adm1_3002,Asia,Viet Nam,Hậu Giang,VN,No,Vietnam
MOBI_adm1_3003,Asia,Viet Nam,Ho Chi Minh,VN,No,Vietnam
MOBI_adm1_3004,Asia,Viet Nam,Hòa Bình,VN,No,Vietnam
MOBI_adm1_3005,Asia,Viet Nam,Hưng Yên,VN,No,Vietnam
MOBI_adm1_3006,Asia,Viet Nam,Khánh Hòa,VN,No,Vietnam
MOBI_adm1_3007,Asia,Viet Nam,Kiên Giang,VN,No,Vietnam
MOBI_adm1_3008,Asia,Viet Nam,Kon Tum,VN,No,Vietnam
MOBI_adm1_3009,Asia,Viet Nam,Lai Châu,VN,No,Vietnam
MOBI_adm1_3010,Asia,Viet Nam,Lâm Đồng,VN,No,Vietnam
MOBI_adm1_3011,Asia,Viet Nam,Lạng Sơn,VN,No,Vietnam
MOBI_adm1_3012,Asia,Viet Nam,Lào Cai,VN,No,Vietnam
MOBI_adm1_3013,Asia,Viet Nam,Long An,VN,No,Vietnam
MOBI_adm1_3014,Asia,Viet Nam,Nam Định,VN,No,Vietnam
MOBI_adm1_3015,Asia,Viet Nam,Nghệ An,VN,No,Vietnam
MOBI_adm1_3016,Asia,Viet Nam,Ninh Bình,VN,No,Vietnam
MOBI_adm1_3017,Asia,Viet Nam,Ninh Thuận,VN,No,Vietnam
MOBI_adm1_3018,Asia,Viet Nam,Phú Thọ,VN,No,Vietnam
MOBI_adm1_3019,Asia,Viet Nam,Phú Yên,VN,No,Vietnam
MOBI_adm1_3020,Asia,Viet Nam,Quảng Bình,VN,No,Vietnam
MOBI_adm1_3021,Asia,Viet Nam,Quảng Nam,VN,No,Vietnam
MOBI_adm1_3022,Asia,Viet Nam,Quảng Ngãi,VN,No,Vietnam
MOBI_adm1_3023,Asia,Viet Nam,Quảng Ninh,VN,No,Vietnam
MOBI_adm1_3024,Asia,Viet Nam,Quảng Trị,VN,No,Vietnam
MOBI_adm1_3025,Asia,Viet Nam,Sóc Trăng,VN,No,Vietnam
MOBI_adm1_3026,Asia,Viet Nam,Sơn La,VN,No,Vietnam
MOBI_adm1_3027,Asia,Viet Nam,Tây Ninh,VN,No,Vietnam
MOBI_adm1_3028,Asia,Viet Nam,Thái Bình,VN,No,Vietnam
MOBI_adm1_3029,Asia,Viet Nam,Thái Nguyên,VN,No,Vietnam
MOBI_adm1_3030,Asia,Viet Nam,Thanh Hóa,VN,No,Vietnam
MOBI_adm1_3031,Asia,Viet Nam,Thừa Thiên Huế,VN,No,Vietnam
MOBI_adm1_3032,Asia,Viet Nam,Tiền Giang,VN,No,Vietnam
MOBI_adm1_3033,Asia,Viet Nam,Trà Vinh,VN,No,Vietnam
MOBI_adm1_3034,Asia,Viet Nam,Tuyên Quang,VN,No,Vietnam
MOBI_adm1_3035,Asia,Viet Nam,Vĩnh Long,VN,No,Vietnam
MOBI_adm1_3036,Asia,Viet Nam,Vĩnh Phúc,VN,No,Vietnam
MOBI_adm1_3037,Asia,Viet Nam,Yên Bái,VN,No,Vietnam
MOBI_adm1_3038,Oceania,Vanuatu,Malampa,VU,No,Vanuatu
MOBI_adm1_3039,Oceania,Vanuatu,Penama,VU,No,Vanuatu
MOBI_adm1_3040,Oceania,Vanuatu,Sanma,VU,No,Vanuatu
MOBI_adm1_3041,Oceania,Vanuatu,Shefa Province,VU,No,Vanuatu
MOBI_adm1_3042,Oceania,Vanuatu,Tafea,VU,No,Vanuatu
MOBI_adm1_3043,Oceania,Vanuatu,Torba,VU,No,Vanuatu
MOBI_adm1_3044,Oceania,Samoa,A'ana,WS,No,Samoa
MOBI_adm1_3045,Oceania,Samoa,Aiga-i-le-Tai,WS,No,Samoa
MOBI_adm1_3046,Oceania,Samoa,Atua,WS,No,Samoa
MOBI_adm1_3047,Oceania,Samoa,Fa'asaleleage,WS,No,Samoa
MOBI_adm1_3048,Oceania,Samoa,Gaga'emauga,WS,No,Samoa
MOBI_adm1_3049,Oceania,Samoa,Gaga'ifomauga,WS,No,Samoa
MOBI_adm1_3050,Oceania,Samoa,Palauli,WS,No,Samoa
MOBI_adm1_3051,Oceania,Samoa,Satupa'itea,WS,No,Samoa
MOBI_adm1_3052,Oceania,Samoa,Tuamasaga,WS,No,Samoa
MOBI_adm1_3053,Oceania,Samoa,Va'a-o-Fonoti,WS,No,Samoa
MOBI_adm1_3054,Oceania,Samoa,Vaisigano,WS,No,Samoa
MOBI_adm1_3055,Asia,Yemen,‘Adan Governorate,YE,No,Yemen
MOBI_adm1_3056,Asia,Yemen,Abyan Governorate,YE,No,Yemen
MOBI_adm1_3057,Asia,Yemen,Ad Dali' Governorate,YE,No,Yemen
MOBI_adm1_3058,Asia,Yemen,Al Bayda' Governorate,YE,No,Yemen
MOBI_adm1_3059,Asia,Yemen,Al Hudaydah Governorate,YE,No,Yemen
MOBI_adm1_3060,Asia,Yemen,Al Jawf Governorate,YE,No,Yemen
MOBI_adm1_3061,Asia,Yemen,Al Mahrah Governorate,YE,No,Yemen
MOBI_adm1_3062,Asia,Yemen,Al Mahwit Governorate,YE,No,Yemen
MOBI_adm1_3063,Asia,Yemen,'Amran Governorate,YE,No,Yemen
MOBI_adm1_3064,Asia,Yemen,Dhamar Governorate,YE,No,Yemen
MOBI_adm1_3065,Asia,Yemen,Hadhramaut,YE,No,Yemen
MOBI_adm1_3066,Asia,Yemen,Hajjah Governorate,YE,No,Yemen
MOBI_adm1_3067,Asia,Yemen,Ibb Governorate,YE,No,Yemen
MOBI_adm1_3068,Asia,Yemen,Lahij Governorate,YE,No,Yemen
MOBI_adm1_3069,Asia,Yemen,Ma'rib Governorate,YE,No,Yemen
MOBI_adm1_3070,Asia,Yemen,Raymah Governorate,YE,No,Yemen
MOBI_adm1_3071,Asia,Yemen,Sa'dah Governorate,YE,No,Yemen
MOBI_adm1_3072,Asia,Yemen,Sanʿaʾ,YE,No,Yemen
MOBI_adm1_3073,Asia,Yemen,Sanʿaʾ Governorate,YE,No,Yemen
MOBI_adm1_3074,Asia,Yemen,Shabwah Governorate,YE,No,Yemen
MOBI_adm1_3075,Asia,Yemen,Socotra,YE,No,Yemen
MOBI_adm1_3076,Asia,Yemen,Ta'izz Governorate,YE,No,Yemen
MOBI_adm1_3077,Africa,South Africa,Eastern Cape,ZA,No,South Africa
MOBI_adm1_3078,Africa,South Africa,Free State,ZA,No,South Africa
MOBI_adm1_3079,Africa,South Africa,Gauteng,ZA,No,South Africa
MOBI_adm1_3080,Africa,South Africa,KwaZulu-Natal,ZA,No,South Africa
MOBI_adm1_3081,Africa,South Africa,Limpopo,ZA,No,South Africa
MOBI_adm1_3082,Africa,South Africa,Mpumalanga,ZA,No,South Africa
MOBI_adm1_3083,Africa,South Africa,North West,ZA,No,South Africa
MOBI_adm1_3084,Africa,South Africa,Nothern Cape,ZA,No,South Africa
MOBI_adm1_3085,Africa,South Africa,Western Cape,ZA,No,South Africa
MOBI_adm1_3086,Africa,Zambia,Central,ZM,No,Zambia
MOBI_adm1_3087,Africa,Zambia,Copperbelt,ZM,No,Zambia
MOBI_adm1_3088,Africa,Zambia,Eastern,ZM,No,Zambia
MOBI_adm1_3089,Africa,Zambia,Luapula,ZM,No,Zambia
MOBI_adm1_3090,Africa,Zambia,Lusaka,ZM,No,Zambia
MOBI_adm1_3091,Africa,Zambia,Muchinga,ZM,No,Zambia
MOBI_adm1_3092,Africa,Zambia,Northern,ZM,No,Zambia
MOBI_adm1_3093,Africa,Zambia,North-Western,ZM,No,Zambia
MOBI_adm1_3094,Africa,Zambia,Southern,ZM,No,Zambia
MOBI_adm1_3095,Africa,Zambia,Western,ZM,No,Zambia
MOBI_adm1_3096,Africa,Zimbabwe,Bulawayo,ZW,No,Zimbabwe
MOBI_adm1_3097,Africa,Zimbabwe,Harare,ZW,No,Zimbabwe
MOBI_adm1_3098,Africa,Zimbabwe,Manicaland,ZW,No,Zimbabwe
MOBI_adm1_3099,Africa,Zimbabwe,Mashonaland Central,ZW,No,Zimbabwe
MOBI_adm1_3100,Africa,Zimbabwe,Mashonaland East,ZW,No,Zimbabwe
MOBI_adm1_3101,Africa,Zimbabwe,Mashonaland West,ZW,No,Zimbabwe
MOBI_adm1_3102,Africa,Zimbabwe,Masvingo,ZW,No,Zimbabwe
MOBI_adm1_3103,Africa,Zimbabwe,Matabeleland North,ZW,No,Zimbabwe
MOBI_adm1_3104,Africa,Zimbabwe,Matabeleland South,ZW,No,Zimbabwe
MOBI_adm1_3105,Africa,Zimbabwe,Midlands,ZW,No,Zimbabwe
MOBI_adm1_3106,,,Abyei,,No,Abyei
MOBI_adm1_3106,,,Abyei,,No,Abyei
MOBI_adm1_3106,,,Abyei,,No,Abyei
MOBI_adm1_3106,,,Abyei,,No,Abyei
MOBI_adm1_3106,,,Abyei,,No,Abyei
MOBI_adm1_3106,,,Abyei,,No,Abyei
MOBI_adm1_3106,,,Abyei,,No,Abyei
MOBI_adm1_3106,,,Abyei,,No,Abyei
MOBI_adm1_3106,,,Abyei,,No,Abyei
MOBI_adm1_3106,,,Abyei,,No,Abyei
MOBI_adm1_3106,,,Abyei,,No,Abyei
MOBI_adm1_3106,,,Abyei,,No,Abyei
MOBI_adm1_3106,,,Abyei,,No,Abyei
MOBI_adm1_3106,,,Abyei,,No,Abyei
MOBI_adm1_3106,,,Abyei,,No,Abyei
MOBI_adm1_3106,,,Abyei,,No,Abyei
MOBI_adm1_3106,Africa,,Abyei,,No,Abyei
MOBI_adm1_3106,,,Abyei,,No,Abyei
MOBI_adm1_3106,Americas,,Abyei,,No,Abyei
MOBI_adm1_3106,,,Abyei,,No,Abyei
MOBI_adm1_3106,,,Abyei,,No,Abyei
MOBI_adm1_3106,,,Abyei,,No,Abyei
MOBI_adm1_3106,,,Abyei,,No,Abyei
MOBI_adm1_3106,,,Abyei,,No,Abyei
MOBI_adm1_3106,Asia,,Abyei,,No,Abyei
MOBI_adm1_3106,,,Abyei,,No,Abyei
MOBI_adm1_3106,,,Abyei,,No,Abyei
MOBI_adm1_3106,,,Abyei,,No,Abyei
MOBI_adm1_3106,,,Abyei,,No,Abyei
MOBI_adm1_3106,Africa,,Abyei,,No,Abyei
MOBI_adm1_3106,,,Abyei,,No,Abyei
MOBI_adm1_3106,,,Abyei,,No,Abyei
MOBI_adm1_3106,,,Abyei,,No,Abyei
MOBI_adm1_3106,,,Abyei,,No,Abyei
MOBI_adm1_3106,Asia,,Abyei,,No,Abyei
MOBI_adm1_3106,,,Abyei,,No,Abyei
MOBI_adm1_3106,,,Abyei,,No,Abyei
MOBI_adm1_3106,,,Abyei,,No,Abyei
MOBI_adm1_3106,,,Abyei,,No,Abyei
MOBI_adm1_3106,,,Abyei,,No,Abyei
MOBI_adm1_3106,,,Abyei,,No,Abyei
MOBI_adm1_3106,,,Abyei,,No,Abyei
MOBI_adm1_3106,,,Abyei,,No,Abyei
MOBI_adm1_3106,,,Abyei,,No,Abyei
MOBI_adm1_3106,,,Abyei,,No,Abyei
MOBI_adm1_3106,,,Abyei,,No,Abyei
MOBI_adm1_3106,,,Abyei,,No,Abyei
MOBI_adm1_3106,,,Abyei,,No,Abyei
MOBI_adm1_3106,,,Abyei,,No,Abyei
MOBI_adm1_3106,,,Abyei,,No,Abyei
MOBI_adm1_3106,,,Abyei,,No,Abyei
MOBI_adm1_3106,,,Abyei,,No,Abyei
MOBI_adm1_3106,,,Abyei,,No,Abyei
MOBI_adm1_3106,,,Abyei,,No,Abyei
MOBI_adm1_3106,,,Abyei,,No,Abyei
MOBI_adm1_3106,,,Abyei,,No,Abyei
MOBI_adm1_3106,,,Abyei,,No,Abyei
MOBI_adm1_3106,,,Abyei,,No,Abyei
MOBI_adm1_3106,,,Abyei,,No,Abyei
MOBI_adm1_3106,,,Abyei,,No,Abyei
MOBI_adm1_3106,,,Abyei,,No,Abyei
MOBI_adm1_3106,,,Abyei,,No,Abyei
MOBI_adm1_3106,,,Abyei,,No,Abyei
MOBI_adm1_3106,,,Abyei,,No,Abyei
MOBI_adm1_3106,,,Abyei,,No,Abyei
MOBI_adm1_3106,,,Abyei,,No,Abyei
MOBI_adm1_3106,,,Abyei,,No,Abyei
MOBI_adm1_3107,,,Aksai Chin,,No,Aksai Chin
MOBI_adm1_3107,,,Aksai Chin,,No,Aksai Chin
MOBI_adm1_3107,,,Aksai Chin,,No,Aksai Chin
MOBI_adm1_3107,,,Aksai Chin,,No,Aksai Chin
MOBI_adm1_3107,,,Aksai Chin,,No,Aksai Chin
MOBI_adm1_3107,,,Aksai Chin,,No,Aksai Chin
MOBI_adm1_3107,,,Aksai Chin,,No,Aksai Chin
MOBI_adm1_3107,,,Aksai Chin,,No,Aksai Chin
MOBI_adm1_3107,,,Aksai Chin,,No,Aksai Chin
MOBI_adm1_3107,,,Aksai Chin,,No,Aksai Chin
MOBI_adm1_3107,,,Aksai Chin,,No,Aksai Chin
MOBI_adm1_3107,,,Aksai Chin,,No,Aksai Chin
MOBI_adm1_3107,,,Aksai Chin,,No,Aksai Chin
MOBI_adm1_3107,,,Aksai Chin,,No,Aksai Chin
MOBI_adm1_3107,,,Aksai Chin,,No,Aksai Chin
MOBI_adm1_3107,,,Aksai Chin,,No,Aksai Chin
MOBI_adm1_3107,Africa,,Aksai Chin,,No,Aksai Chin
MOBI_adm1_3107,,,Aksai Chin,,No,Aksai Chin
MOBI_adm1_3107,Americas,,Aksai Chin,,No,Aksai Chin
MOBI_adm1_3107,,,Aksai Chin,,No,Aksai Chin
MOBI_adm1_3107,,,Aksai Chin,,No,Aksai Chin
MOBI_adm1_3107,,,Aksai Chin,,No,Aksai Chin
MOBI_adm1_3107,,,Aksai Chin,,No,Aksai Chin
MOBI_adm1_3107,,,Aksai Chin,,No,Aksai Chin
MOBI_adm1_3107,Asia,,Aksai Chin,,No,Aksai Chin
MOBI_adm1_3107,,,Aksai Chin,,No,Aksai Chin
MOBI_adm1_3107,,,Aksai Chin,,No,Aksai Chin
MOBI_adm1_3107,,,Aksai Chin,,No,Aksai Chin
MOBI_adm1_3107,,,Aksai Chin,,No,Aksai Chin
MOBI_adm1_3107,Africa,,Aksai Chin,,No,Aksai Chin
MOBI_adm1_3107,,,Aksai Chin,,No,Aksai Chin
MOBI_adm1_3107,,,Aksai Chin,,No,Aksai Chin
MOBI_adm1_3107,,,Aksai Chin,,No,Aksai Chin
MOBI_adm1_3107,,,Aksai Chin,,No,Aksai Chin
MOBI_adm1_3107,Asia,,Aksai Chin,,No,Aksai Chin
MOBI_adm1_3107,,,Aksai Chin,,No,Aksai Chin
MOBI_adm1_3107,,,Aksai Chin,,No,Aksai Chin
MOBI_adm1_3107,,,Aksai Chin,,No,Aksai Chin
MOBI_adm1_3107,,,Aksai Chin,,No,Aksai Chin
MOBI_adm1_3107,,,Aksai Chin,,No,Aksai Chin
MOBI_adm1_3107,,,Aksai Chin,,No,Aksai Chin
MOBI_adm1_3107,,,Aksai Chin,,No,Aksai Chin
MOBI_adm1_3107,,,Aksai Chin,,No,Aksai Chin
MOBI_adm1_3107,,,Aksai Chin,,No,Aksai Chin
MOBI_adm1_3107,,,Aksai Chin,,No,Aksai Chin
MOBI_adm1_3107,,,Aksai Chin,,No,Aksai Chin
MOBI_adm1_3107,,,Aksai Chin,,No,Aksai Chin
MOBI_adm1_3107,,,Aksai Chin,,No,Aksai Chin
MOBI_adm1_3107,,,Aksai Chin,,No,Aksai Chin
MOBI_adm1_3107,,,Aksai Chin,,No,Aksai Chin
MOBI_adm1_3107,,,Aksai Chin,,No,Aksai Chin
MOBI_adm1_3107,,,Aksai Chin,,No,Aksai Chin
MOBI_adm1_3107,,,Aksai Chin,,No,Aksai Chin
MOBI_adm1_3107,,,Aksai Chin,,No,Aksai Chin
MOBI_adm1_3107,,,Aksai Chin,,No,Aksai Chin
MOBI_adm1_3107,,,Aksai Chin,,No,Aksai Chin
MOBI_adm1_3107,,,Aksai Chin,,No,Aksai Chin
MOBI_adm1_3107,,,Aksai Chin,,No,Aksai Chin
MOBI_adm1_3107,,,Aksai Chin,,No,Aksai Chin
MOBI_adm1_3107,,,Aksai Chin,,No,Aksai Chin
MOBI_adm1_3107,,,Aksai Chin,,No,Aksai Chin
MOBI_adm1_3107,,,Aksai Chin,,No,Aksai Chin
MOBI_adm1_3107,,,Aksai Chin,,No,Aksai Chin
MOBI_adm1_3107,,,Aksai Chin,,No,Aksai Chin
MOBI_adm1_3107,,,Aksai Chin,,No,Aksai Chin
MOBI_adm1_3107,,,Aksai Chin,,No,Aksai Chin
MOBI_adm1_3107,,,Aksai Chin,,No,Aksai Chin
MOBI_adm1_3108,,,Demchok,,No,Demchok
MOBI_adm1_3108,,,Demchok,,No,Demchok
MOBI_adm1_3108,,,Demchok,,No,Demchok
MOBI_adm1_3108,,,Demchok,,No,Demchok
MOBI_adm1_3108,,,Demchok,,No,Demchok
MOBI_adm1_3108,,,Demchok,,No,Demchok
MOBI_adm1_3108,,,Demchok,,No,Demchok
MOBI_adm1_3108,,,Demchok,,No,Demchok
MOBI_adm1_3108,,,Demchok,,No,Demchok
MOBI_adm1_3108,,,Demchok,,No,Demchok
MOBI_adm1_3108,,,Demchok,,No,Demchok
MOBI_adm1_3108,,,Demchok,,No,Demchok
MOBI_adm1_3108,,,Demchok,,No,Demchok
MOBI_adm1_3108,,,Demchok,,No,Demchok
MOBI_adm1_3108,,,Demchok,,No,Demchok
MOBI_adm1_3108,,,Demchok,,No,Demchok
MOBI_adm1_3108,Africa,,Demchok,,No,Demchok
MOBI_adm1_3108,,,Demchok,,No,Demchok
MOBI_adm1_3108,Americas,,Demchok,,No,Demchok
MOBI_adm1_3108,,,Demchok,,No,Demchok
MOBI_adm1_3108,,,Demchok,,No,Demchok
MOBI_adm1_3108,,,Demchok,,No,Demchok
MOBI_adm1_3108,,,Demchok,,No,Demchok
MOBI_adm1_3108,,,Demchok,,No,Demchok
MOBI_adm1_3108,Asia,,Demchok,,No,Demchok
MOBI_adm1_3108,,,Demchok,,No,Demchok
MOBI_adm1_3108,,,Demchok,,No,Demchok
MOBI_adm1_3108,,,Demchok,,No,Demchok
MOBI_adm1_3108,,,Demchok,,No,Demchok
MOBI_adm1_3108,Africa,,Demchok,,No,Demchok
MOBI_adm1_3108,,,Demchok,,No,Demchok
MOBI_adm1_3108,,,Demchok,,No,Demchok
MOBI_adm1_3108,,,Demchok,,No,Demchok
MOBI_adm1_3108,,,Demchok,,No,Demchok
MOBI_adm1_3108,Asia,,Demchok,,No,Demchok
MOBI_adm1_3108,,,Demchok,,No,Demchok
MOBI_adm1_3108,,,Demchok,,No,Demchok
MOBI_adm1_3108,,,Demchok,,No,Demchok
MOBI_adm1_3108,,,Demchok,,No,Demchok
MOBI_adm1_3108,,,Demchok,,No,Demchok
MOBI_adm1_3108,,,Demchok,,No,Demchok
MOBI_adm1_3108,,,Demchok,,No,Demchok
MOBI_adm1_3108,,,Demchok,,No,Demchok
MOBI_adm1_3108,,,Demchok,,No,Demchok
MOBI_adm1_3108,,,Demchok,,No,Demchok
MOBI_adm1_3108,,,Demchok,,No,Demchok
MOBI_adm1_3108,,,Demchok,,No,Demchok
MOBI_adm1_3108,,,Demchok,,No,Demchok
MOBI_adm1_3108,,,Demchok,,No,Demchok
MOBI_adm1_3108,,,Demchok,,No,Demchok
MOBI_adm1_3108,,,Demchok,,No,Demchok
MOBI_adm1_3108,,,Demchok,,No,Demchok
MOBI_adm1_3108,,,Demchok,,No,Demchok
MOBI_adm1_3108,,,Demchok,,No,Demchok
MOBI_adm1_3108,,,Demchok,,No,Demchok
MOBI_adm1_3108,,,Demchok,,No,Demchok
MOBI_adm1_3108,,,Demchok,,No,Demchok
MOBI_adm1_3108,,,Demchok,,No,Demchok
MOBI_adm1_3108,,,Demchok,,No,Demchok
MOBI_adm1_3108,,,Demchok,,No,Demchok
MOBI_adm1_3108,,,Demchok,,No,Demchok
MOBI_adm1_3108,,,Demchok,,No,Demchok
MOBI_adm1_3108,,,Demchok,,No,Demchok
MOBI_adm1_3108,,,Demchok,,No,Demchok
MOBI_adm1_3108,,,Demchok,,No,Demchok
MOBI_adm1_3108,,,Demchok,,No,Demchok
MOBI_adm1_3108,,,Demchok,,No,Demchok
MOBI_adm1_3109,,,Dragonja,,No,Dragonja
MOBI_adm1_3109,,,Dragonja,,No,Dragonja
MOBI_adm1_3109,,,Dragonja,,No,Dragonja
MOBI_adm1_3109,,,Dragonja,,No,Dragonja
MOBI_adm1_3109,,,Dragonja,,No,Dragonja
MOBI_adm1_3109,,,Dragonja,,No,Dragonja
MOBI_adm1_3109,,,Dragonja,,No,Dragonja
MOBI_adm1_3109,,,Dragonja,,No,Dragonja
MOBI_adm1_3109,,,Dragonja,,No,Dragonja
MOBI_adm1_3109,,,Dragonja,,No,Dragonja
MOBI_adm1_3109,,,Dragonja,,No,Dragonja
MOBI_adm1_3109,,,Dragonja,,No,Dragonja
MOBI_adm1_3109,,,Dragonja,,No,Dragonja
MOBI_adm1_3109,,,Dragonja,,No,Dragonja
MOBI_adm1_3109,,,Dragonja,,No,Dragonja
MOBI_adm1_3109,,,Dragonja,,No,Dragonja
MOBI_adm1_3109,Africa,,Dragonja,,No,Dragonja
MOBI_adm1_3109,,,Dragonja,,No,Dragonja
MOBI_adm1_3109,Americas,,Dragonja,,No,Dragonja
MOBI_adm1_3109,,,Dragonja,,No,Dragonja
MOBI_adm1_3109,,,Dragonja,,No,Dragonja
MOBI_adm1_3109,,,Dragonja,,No,Dragonja
MOBI_adm1_3109,,,Dragonja,,No,Dragonja
MOBI_adm1_3109,,,Dragonja,,No,Dragonja
MOBI_adm1_3109,Asia,,Dragonja,,No,Dragonja
MOBI_adm1_3109,,,Dragonja,,No,Dragonja
MOBI_adm1_3109,,,Dragonja,,No,Dragonja
MOBI_adm1_3109,,,Dragonja,,No,Dragonja
MOBI_adm1_3109,,,Dragonja,,No,Dragonja
MOBI_adm1_3109,Africa,,Dragonja,,No,Dragonja
MOBI_adm1_3109,,,Dragonja,,No,Dragonja
MOBI_adm1_3109,,,Dragonja,,No,Dragonja
MOBI_adm1_3109,,,Dragonja,,No,Dragonja
MOBI_adm1_3109,,,Dragonja,,No,Dragonja
MOBI_adm1_3109,Asia,,Dragonja,,No,Dragonja
MOBI_adm1_3109,,,Dragonja,,No,Dragonja
MOBI_adm1_3109,,,Dragonja,,No,Dragonja
MOBI_adm1_3109,,,Dragonja,,No,Dragonja
MOBI_adm1_3109,,,Dragonja,,No,Dragonja
MOBI_adm1_3109,,,Dragonja,,No,Dragonja
MOBI_adm1_3109,,,Dragonja,,No,Dragonja
MOBI_adm1_3109,,,Dragonja,,No,Dragonja
MOBI_adm1_3109,,,Dragonja,,No,Dragonja
MOBI_adm1_3109,,,Dragonja,,No,Dragonja
MOBI_adm1_3109,,,Dragonja,,No,Dragonja
MOBI_adm1_3109,,,Dragonja,,No,Dragonja
MOBI_adm1_3109,,,Dragonja,,No,Dragonja
MOBI_adm1_3109,,,Dragonja,,No,Dragonja
MOBI_adm1_3109,,,Dragonja,,No,Dragonja
MOBI_adm1_3109,,,Dragonja,,No,Dragonja
MOBI_adm1_3109,,,Dragonja,,No,Dragonja
MOBI_adm1_3109,,,Dragonja,,No,Dragonja
MOBI_adm1_3109,,,Dragonja,,No,Dragonja
MOBI_adm1_3109,,,Dragonja,,No,Dragonja
MOBI_adm1_3109,,,Dragonja,,No,Dragonja
MOBI_adm1_3109,,,Dragonja,,No,Dragonja
MOBI_adm1_3109,,,Dragonja,,No,Dragonja
MOBI_adm1_3109,,,Dragonja,,No,Dragonja
MOBI_adm1_3109,,,Dragonja,,No,Dragonja
MOBI_adm1_3109,,,Dragonja,,No,Dragonja
MOBI_adm1_3109,,,Dragonja,,No,Dragonja
MOBI_adm1_3109,,,Dragonja,,No,Dragonja
MOBI_adm1_3109,,,Dragonja,,No,Dragonja
MOBI_adm1_3109,,,Dragonja,,No,Dragonja
MOBI_adm1_3109,,,Dragonja,,No,Dragonja
MOBI_adm1_3109,,,Dragonja,,No,Dragonja
MOBI_adm1_3109,,,Dragonja,,No,Dragonja
MOBI_adm1_3110,,,Dramana-Shakatoe,,No,Dramana-Shakatoe
MOBI_adm1_3110,,,Dramana-Shakatoe,,No,Dramana-Shakatoe
MOBI_adm1_3110,,,Dramana-Shakatoe,,No,Dramana-Shakatoe
MOBI_adm1_3110,,,Dramana-Shakatoe,,No,Dramana-Shakatoe
MOBI_adm1_3110,,,Dramana-Shakatoe,,No,Dramana-Shakatoe
MOBI_adm1_3110,,,Dramana-Shakatoe,,No,Dramana-Shakatoe
MOBI_adm1_3110,,,Dramana-Shakatoe,,No,Dramana-Shakatoe
MOBI_adm1_3110,,,Dramana-Shakatoe,,No,Dramana-Shakatoe
MOBI_adm1_3110,,,Dramana-Shakatoe,,No,Dramana-Shakatoe
MOBI_adm1_3110,,,Dramana-Shakatoe,,No,Dramana-Shakatoe
MOBI_adm1_3110,,,Dramana-Shakatoe,,No,Dramana-Shakatoe
MOBI_adm1_3110,,,Dramana-Shakatoe,,No,Dramana-Shakatoe
MOBI_adm1_3110,,,Dramana-Shakatoe,,No,Dramana-Shakatoe
MOBI_adm1_3110,,,Dramana-Shakatoe,,No,Dramana-Shakatoe
MOBI_adm1_3110,,,Dramana-Shakatoe,,No,Dramana-Shakatoe
MOBI_adm1_3110,,,Dramana-Shakatoe,,No,Dramana-Shakatoe
MOBI_adm1_3110,Africa,,Dramana-Shakatoe,,No,Dramana-Shakatoe
MOBI_adm1_3110,,,Dramana-Shakatoe,,No,Dramana-Shakatoe
MOBI_adm1_3110,Americas,,Dramana-Shakatoe,,No,Dramana-Shakatoe
MOBI_adm1_3110,,,Dramana-Shakatoe,,No,Dramana-Shakatoe
MOBI_adm1_3110,,,Dramana-Shakatoe,,No,Dramana-Shakatoe
MOBI_adm1_3110,,,Dramana-Shakatoe,,No,Dramana-Shakatoe
MOBI_adm1_3110,,,Dramana-Shakatoe,,No,Dramana-Shakatoe
MOBI_adm1_3110,,,Dramana-Shakatoe,,No,Dramana-Shakatoe
MOBI_adm1_3110,Asia,,Dramana-Shakatoe,,No,Dramana-Shakatoe
MOBI_adm1_3110,,,Dramana-Shakatoe,,No,Dramana-Shakatoe
MOBI_adm1_3110,,,Dramana-Shakatoe,,No,Dramana-Shakatoe
MOBI_adm1_3110,,,Dramana-Shakatoe,,No,Dramana-Shakatoe
MOBI_adm1_3110,,,Dramana-Shakatoe,,No,Dramana-Shakatoe
MOBI_adm1_3110,Africa,,Dramana-Shakatoe,,No,Dramana-Shakatoe
MOBI_adm1_3110,,,Dramana-Shakatoe,,No,Dramana-Shakatoe
MOBI_adm1_3110,,,Dramana-Shakatoe,,No,Dramana-Shakatoe
MOBI_adm1_3110,,,Dramana-Shakatoe,,No,Dramana-Shakatoe
MOBI_adm1_3110,,,Dramana-Shakatoe,,No,Dramana-Shakatoe
MOBI_adm1_3110,Asia,,Dramana-Shakatoe,,No,Dramana-Shakatoe
MOBI_adm1_3110,,,Dramana-Shakatoe,,No,Dramana-Shakatoe
MOBI_adm1_3110,,,Dramana-Shakatoe,,No,Dramana-Shakatoe
MOBI_adm1_3110,,,Dramana-Shakatoe,,No,Dramana-Shakatoe
MOBI_adm1_3110,,,Dramana-Shakatoe,,No,Dramana-Shakatoe
MOBI_adm1_3110,,,Dramana-Shakatoe,,No,Dramana-Shakatoe
MOBI_adm1_3110,,,Dramana-Shakatoe,,No,Dramana-Shakatoe
MOBI_adm1_3110,,,Dramana-Shakatoe,,No,Dramana-Shakatoe
MOBI_adm1_3110,,,Dramana-Shakatoe,,No,Dramana-Shakatoe
MOBI_adm1_3110,,,Dramana-Shakatoe,,No,Dramana-Shakatoe
MOBI_adm1_3110,,,Dramana-Shakatoe,,No,Dramana-Shakatoe
MOBI_adm1_3110,,,Dramana-Shakatoe,,No,Dramana-Shakatoe
MOBI_adm1_3110,,,Dramana-Shakatoe,,No,Dramana-Shakatoe
MOBI_adm1_3110,,,Dramana-Shakatoe,,No,Dramana-Shakatoe
MOBI_adm1_3110,,,Dramana-Shakatoe,,No,Dramana-Shakatoe
MOBI_adm1_3110,,,Dramana-Shakatoe,,No,Dramana-Shakatoe
MOBI_adm1_3110,,,Dramana-Shakatoe,,No,Dramana-Shakatoe
MOBI_adm1_3110,,,Dramana-Shakatoe,,No,Dramana-Shakatoe
MOBI_adm1_3110,,,Dramana-Shakatoe,,No,Dramana-Shakatoe
MOBI_adm1_3110,,,Dramana-Shakatoe,,No,Dramana-Shakatoe
MOBI_adm1_3110,,,Dramana-Shakatoe,,No,Dramana-Shakatoe
MOBI_adm1_3110,,,Dramana-Shakatoe,,No,Dramana-Shakatoe
MOBI_adm1_3110,,,Dramana-Shakatoe,,No,Dramana-Shakatoe
MOBI_adm1_3110,,,Dramana-Shakatoe,,No,Dramana-Shakatoe
MOBI_adm1_3110,,,Dramana-Shakatoe,,No,Dramana-Shakatoe
MOBI_adm1_3110,,,Dramana-Shakatoe,,No,Dramana-Shakatoe
MOBI_adm1_3110,,,Dramana-Shakatoe,,No,Dramana-Shakatoe
MOBI_adm1_3110,,,Dramana-Shakatoe,,No,Dramana-Shakatoe
MOBI_adm1_3110,,,Dramana-Shakatoe,,No,Dramana-Shakatoe
MOBI_adm1_3110,,,Dramana-Shakatoe,,No,Dramana-Shakatoe
MOBI_adm1_3110,,,Dramana-Shakatoe,,No,Dramana-Shakatoe
MOBI_adm1_3110,,,Dramana-Shakatoe,,No,Dramana-Shakatoe
MOBI_adm1_3110,,,Dramana-Shakatoe,,No,Dramana-Shakatoe
MOBI_adm1_3111,,,Gaza Strip,,No,Gaza Strip
MOBI_adm1_3111,,,Gaza Strip,,No,Gaza Strip
MOBI_adm1_3111,,,Gaza Strip,,No,Gaza Strip
MOBI_adm1_3111,,,Gaza Strip,,No,Gaza Strip
MOBI_adm1_3111,,,Gaza Strip,,No,Gaza Strip
MOBI_adm1_3111,,,Gaza Strip,,No,Gaza Strip
MOBI_adm1_3111,,,Gaza Strip,,No,Gaza Strip
MOBI_adm1_3111,,,Gaza Strip,,No,Gaza Strip
MOBI_adm1_3111,,,Gaza Strip,,No,Gaza Strip
MOBI_adm1_3111,,,Gaza Strip,,No,Gaza Strip
MOBI_adm1_3111,,,Gaza Strip,,No,Gaza Strip
MOBI_adm1_3111,,,Gaza Strip,,No,Gaza Strip
MOBI_adm1_3111,,,Gaza Strip,,No,Gaza Strip
MOBI_adm1_3111,,,Gaza Strip,,No,Gaza Strip
MOBI_adm1_3111,,,Gaza Strip,,No,Gaza Strip
MOBI_adm1_3111,,,Gaza Strip,,No,Gaza Strip
MOBI_adm1_3111,Africa,,Gaza Strip,,No,Gaza Strip
MOBI_adm1_3111,,,Gaza Strip,,No,Gaza Strip
MOBI_adm1_3111,Americas,,Gaza Strip,,No,Gaza Strip
MOBI_adm1_3111,,,Gaza Strip,,No,Gaza Strip
MOBI_adm1_3111,,,Gaza Strip,,No,Gaza Strip
MOBI_adm1_3111,,,Gaza Strip,,No,Gaza Strip
MOBI_adm1_3111,,,Gaza Strip,,No,Gaza Strip
MOBI_adm1_3111,,,Gaza Strip,,No,Gaza Strip
MOBI_adm1_3111,Asia,,Gaza Strip,,No,Gaza Strip
MOBI_adm1_3111,,,Gaza Strip,,No,Gaza Strip
MOBI_adm1_3111,,,Gaza Strip,,No,Gaza Strip
MOBI_adm1_3111,,,Gaza Strip,,No,Gaza Strip
MOBI_adm1_3111,,,Gaza Strip,,No,Gaza Strip
MOBI_adm1_3111,Africa,,Gaza Strip,,No,Gaza Strip
MOBI_adm1_3111,,,Gaza Strip,,No,Gaza Strip
MOBI_adm1_3111,,,Gaza Strip,,No,Gaza Strip
MOBI_adm1_3111,,,Gaza Strip,,No,Gaza Strip
MOBI_adm1_3111,,,Gaza Strip,,No,Gaza Strip
MOBI_adm1_3111,Asia,,Gaza Strip,,No,Gaza Strip
MOBI_adm1_3111,,,Gaza Strip,,No,Gaza Strip
MOBI_adm1_3111,,,Gaza Strip,,No,Gaza Strip
MOBI_adm1_3111,,,Gaza Strip,,No,Gaza Strip
MOBI_adm1_3111,,,Gaza Strip,,No,Gaza Strip
MOBI_adm1_3111,,,Gaza Strip,,No,Gaza Strip
MOBI_adm1_3111,,,Gaza Strip,,No,Gaza Strip
MOBI_adm1_3111,,,Gaza Strip,,No,Gaza Strip
MOBI_adm1_3111,,,Gaza Strip,,No,Gaza Strip
MOBI_adm1_3111,,,Gaza Strip,,No,Gaza Strip
MOBI_adm1_3111,,,Gaza Strip,,No,Gaza Strip
MOBI_adm1_3111,,,Gaza Strip,,No,Gaza Strip
MOBI_adm1_3111,,,Gaza Strip,,No,Gaza Strip
MOBI_adm1_3111,,,Gaza Strip,,No,Gaza Strip
MOBI_adm1_3111,,,Gaza Strip,,No,Gaza Strip
MOBI_adm1_3111,,,Gaza Strip,,No,Gaza Strip
MOBI_adm1_3111,,,Gaza Strip,,No,Gaza Strip
MOBI_adm1_3111,,,Gaza Strip,,No,Gaza Strip
MOBI_adm1_3111,,,Gaza Strip,,No,Gaza Strip
MOBI_adm1_3111,,,Gaza Strip,,No,Gaza Strip
MOBI_adm1_3111,,,Gaza Strip,,No,Gaza Strip
MOBI_adm1_3111,,,Gaza Strip,,No,Gaza Strip
MOBI_adm1_3111,,,Gaza Strip,,No,Gaza Strip
MOBI_adm1_3111,,,Gaza Strip,,No,Gaza Strip
MOBI_adm1_3111,,,Gaza Strip,,No,Gaza Strip
MOBI_adm1_3111,,,Gaza Strip,,No,Gaza Strip
MOBI_adm1_3111,,,Gaza Strip,,No,Gaza Strip
MOBI_adm1_3111,,,Gaza Strip,,No,Gaza Strip
MOBI_adm1_3111,,,Gaza Strip,,No,Gaza Strip
MOBI_adm1_3111,,,Gaza Strip,,No,Gaza Strip
MOBI_adm1_3111,,,Gaza Strip,,No,Gaza Strip
MOBI_adm1_3111,,,Gaza Strip,,No,Gaza Strip
MOBI_adm1_3111,,,Gaza Strip,,No,Gaza Strip
MOBI_adm1_3112,,,Isla Brasilera,,No,Isla Brasilera
MOBI_adm1_3112,,,Isla Brasilera,,No,Isla Brasilera
MOBI_adm1_3112,,,Isla Brasilera,,No,Isla Brasilera
MOBI_adm1_3112,,,Isla Brasilera,,No,Isla Brasilera
MOBI_adm1_3112,,,Isla Brasilera,,No,Isla Brasilera
MOBI_adm1_3112,,,Isla Brasilera,,No,Isla Brasilera
MOBI_adm1_3112,,,Isla Brasilera,,No,Isla Brasilera
MOBI_adm1_3112,,,Isla Brasilera,,No,Isla Brasilera
MOBI_adm1_3112,,,Isla Brasilera,,No,Isla Brasilera
MOBI_adm1_3112,,,Isla Brasilera,,No,Isla Brasilera
MOBI_adm1_3112,,,Isla Brasilera,,No,Isla Brasilera
MOBI_adm1_3112,,,Isla Brasilera,,No,Isla Brasilera
MOBI_adm1_3112,,,Isla Brasilera,,No,Isla Brasilera
MOBI_adm1_3112,,,Isla Brasilera,,No,Isla Brasilera
MOBI_adm1_3112,,,Isla Brasilera,,No,Isla Brasilera
MOBI_adm1_3112,,,Isla Brasilera,,No,Isla Brasilera
MOBI_adm1_3112,Africa,,Isla Brasilera,,No,Isla Brasilera
MOBI_adm1_3112,,,Isla Brasilera,,No,Isla Brasilera
MOBI_adm1_3112,Americas,,Isla Brasilera,,No,Isla Brasilera
MOBI_adm1_3112,,,Isla Brasilera,,No,Isla Brasilera
MOBI_adm1_3112,,,Isla Brasilera,,No,Isla Brasilera
MOBI_adm1_3112,,,Isla Brasilera,,No,Isla Brasilera
MOBI_adm1_3112,,,Isla Brasilera,,No,Isla Brasilera
MOBI_adm1_3112,,,Isla Brasilera,,No,Isla Brasilera
MOBI_adm1_3112,Asia,,Isla Brasilera,,No,Isla Brasilera
MOBI_adm1_3112,,,Isla Brasilera,,No,Isla Brasilera
MOBI_adm1_3112,,,Isla Brasilera,,No,Isla Brasilera
MOBI_adm1_3112,,,Isla Brasilera,,No,Isla Brasilera
MOBI_adm1_3112,,,Isla Brasilera,,No,Isla Brasilera
MOBI_adm1_3112,Africa,,Isla Brasilera,,No,Isla Brasilera
MOBI_adm1_3112,,,Isla Brasilera,,No,Isla Brasilera
MOBI_adm1_3112,,,Isla Brasilera,,No,Isla Brasilera
MOBI_adm1_3112,,,Isla Brasilera,,No,Isla Brasilera
MOBI_adm1_3112,,,Isla Brasilera,,No,Isla Brasilera
MOBI_adm1_3112,Asia,,Isla Brasilera,,No,Isla Brasilera
MOBI_adm1_3112,,,Isla Brasilera,,No,Isla Brasilera
MOBI_adm1_3112,,,Isla Brasilera,,No,Isla Brasilera
MOBI_adm1_3112,,,Isla Brasilera,,No,Isla Brasilera
MOBI_adm1_3112,,,Isla Brasilera,,No,Isla Brasilera
MOBI_adm1_3112,,,Isla Brasilera,,No,Isla Brasilera
MOBI_adm1_3112,,,Isla Brasilera,,No,Isla Brasilera
MOBI_adm1_3112,,,Isla Brasilera,,No,Isla Brasilera
MOBI_adm1_3112,,,Isla Brasilera,,No,Isla Brasilera
MOBI_adm1_3112,,,Isla Brasilera,,No,Isla Brasilera
MOBI_adm1_3112,,,Isla Brasilera,,No,Isla Brasilera
MOBI_adm1_3112,,,Isla Brasilera,,No,Isla Brasilera
MOBI_adm1_3112,,,Isla Brasilera,,No,Isla Brasilera
MOBI_adm1_3112,,,Isla Brasilera,,No,Isla Brasilera
MOBI_adm1_3112,,,Isla Brasilera,,No,Isla Brasilera
MOBI_adm1_3112,,,Isla Brasilera,,No,Isla Brasilera
MOBI_adm1_3112,,,Isla Brasilera,,No,Isla Brasilera
MOBI_adm1_3112,,,Isla Brasilera,,No,Isla Brasilera
MOBI_adm1_3112,,,Isla Brasilera,,No,Isla Brasilera
MOBI_adm1_3112,,,Isla Brasilera,,No,Isla Brasilera
MOBI_adm1_3112,,,Isla Brasilera,,No,Isla Brasilera
MOBI_adm1_3112,,,Isla Brasilera,,No,Isla Brasilera
MOBI_adm1_3112,,,Isla Brasilera,,No,Isla Brasilera
MOBI_adm1_3112,,,Isla Brasilera,,No,Isla Brasilera
MOBI_adm1_3112,,,Isla Brasilera,,No,Isla Brasilera
MOBI_adm1_3112,,,Isla Brasilera,,No,Isla Brasilera
MOBI_adm1_3112,,,Isla Brasilera,,No,Isla Brasilera
MOBI_adm1_3112,,,Isla Brasilera,,No,Isla Brasilera
MOBI_adm1_3112,,,Isla Brasilera,,No,Isla Brasilera
MOBI_adm1_3112,,,Isla Brasilera,,No,Isla Brasilera
MOBI_adm1_3112,,,Isla Brasilera,,No,Isla Brasilera
MOBI_adm1_3112,,,Isla Brasilera,,No,Isla Brasilera
MOBI_adm1_3112,,,Isla Brasilera,,No,Isla Brasilera
MOBI_adm1_3113,,,Kalapani,,No,Kalapani
MOBI_adm1_3113,,,Kalapani,,No,Kalapani
MOBI_adm1_3113,,,Kalapani,,No,Kalapani
MOBI_adm1_3113,,,Kalapani,,No,Kalapani
MOBI_adm1_3113,,,Kalapani,,No,Kalapani
MOBI_adm1_3113,,,Kalapani,,No,Kalapani
MOBI_adm1_3113,,,Kalapani,,No,Kalapani
MOBI_adm1_3113,,,Kalapani,,No,Kalapani
MOBI_adm1_3113,,,Kalapani,,No,Kalapani
MOBI_adm1_3113,,,Kalapani,,No,Kalapani
MOBI_adm1_3113,,,Kalapani,,No,Kalapani
MOBI_adm1_3113,,,Kalapani,,No,Kalapani
MOBI_adm1_3113,,,Kalapani,,No,Kalapani
MOBI_adm1_3113,,,Kalapani,,No,Kalapani
MOBI_adm1_3113,,,Kalapani,,No,Kalapani
MOBI_adm1_3113,,,Kalapani,,No,Kalapani
MOBI_adm1_3113,Africa,,Kalapani,,No,Kalapani
MOBI_adm1_3113,,,Kalapani,,No,Kalapani
MOBI_adm1_3113,Americas,,Kalapani,,No,Kalapani
MOBI_adm1_3113,,,Kalapani,,No,Kalapani
MOBI_adm1_3113,,,Kalapani,,No,Kalapani
MOBI_adm1_3113,,,Kalapani,,No,Kalapani
MOBI_adm1_3113,,,Kalapani,,No,Kalapani
MOBI_adm1_3113,,,Kalapani,,No,Kalapani
MOBI_adm1_3113,Asia,,Kalapani,,No,Kalapani
MOBI_adm1_3113,,,Kalapani,,No,Kalapani
MOBI_adm1_3113,,,Kalapani,,No,Kalapani
MOBI_adm1_3113,,,Kalapani,,No,Kalapani
MOBI_adm1_3113,,,Kalapani,,No,Kalapani
MOBI_adm1_3113,Africa,,Kalapani,,No,Kalapani
MOBI_adm1_3113,,,Kalapani,,No,Kalapani
MOBI_adm1_3113,,,Kalapani,,No,Kalapani
MOBI_adm1_3113,,,Kalapani,,No,Kalapani
MOBI_adm1_3113,,,Kalapani,,No,Kalapani
MOBI_adm1_3113,Asia,,Kalapani,,No,Kalapani
MOBI_adm1_3113,,,Kalapani,,No,Kalapani
MOBI_adm1_3113,,,Kalapani,,No,Kalapani
MOBI_adm1_3113,,,Kalapani,,No,Kalapani
MOBI_adm1_3113,,,Kalapani,,No,Kalapani
MOBI_adm1_3113,,,Kalapani,,No,Kalapani
MOBI_adm1_3113,,,Kalapani,,No,Kalapani
MOBI_adm1_3113,,,Kalapani,,No,Kalapani
MOBI_adm1_3113,,,Kalapani,,No,Kalapani
MOBI_adm1_3113,,,Kalapani,,No,Kalapani
MOBI_adm1_3113,,,Kalapani,,No,Kalapani
MOBI_adm1_3113,,,Kalapani,,No,Kalapani
MOBI_adm1_3113,,,Kalapani,,No,Kalapani
MOBI_adm1_3113,,,Kalapani,,No,Kalapani
MOBI_adm1_3113,,,Kalapani,,No,Kalapani
MOBI_adm1_3113,,,Kalapani,,No,Kalapani
MOBI_adm1_3113,,,Kalapani,,No,Kalapani
MOBI_adm1_3113,,,Kalapani,,No,Kalapani
MOBI_adm1_3113,,,Kalapani,,No,Kalapani
MOBI_adm1_3113,,,Kalapani,,No,Kalapani
MOBI_adm1_3113,,,Kalapani,,No,Kalapani
MOBI_adm1_3113,,,Kalapani,,No,Kalapani
MOBI_adm1_3113,,,Kalapani,,No,Kalapani
MOBI_adm1_3113,,,Kalapani,,No,Kalapani
MOBI_adm1_3113,,,Kalapani,,No,Kalapani
MOBI_adm1_3113,,,Kalapani,,No,Kalapani
MOBI_adm1_3113,,,Kalapani,,No,Kalapani
MOBI_adm1_3113,,,Kalapani,,No,Kalapani
MOBI_adm1_3113,,,Kalapani,,No,Kalapani
MOBI_adm1_3113,,,Kalapani,,No,Kalapani
MOBI_adm1_3113,,,Kalapani,,No,Kalapani
MOBI_adm1_3113,,,Kalapani,,No,Kalapani
MOBI_adm1_3113,,,Kalapani,,No,Kalapani
MOBI_adm1_3114,,,District of Ferizaj,,No,Kosovo
MOBI_adm1_3114,,,District of Ferizaj,,No,Kosovo
MOBI_adm1_3114,,,District of Ferizaj,,No,Kosovo
MOBI_adm1_3114,,,District of Ferizaj,,No,Kosovo
MOBI_adm1_3114,,,District of Ferizaj,,No,Kosovo
MOBI_adm1_3114,,,District of Ferizaj,,No,Kosovo
MOBI_adm1_3114,,,District of Ferizaj,,No,Kosovo
MOBI_adm1_3114,,,District of Ferizaj,,No,Kosovo
MOBI_adm1_3114,,,District of Ferizaj,,No,Kosovo
MOBI_adm1_3114,,,District of Ferizaj,,No,Kosovo
MOBI_adm1_3114,,,District of Ferizaj,,No,Kosovo
MOBI_adm1_3114,,,District of Ferizaj,,No,Kosovo
MOBI_adm1_3114,,,District of Ferizaj,,No,Kosovo
MOBI_adm1_3114,,,District of Ferizaj,,No,Kosovo
MOBI_adm1_3114,,,District of Ferizaj,,No,Kosovo
MOBI_adm1_3114,,,District of Ferizaj,,No,Kosovo
MOBI_adm1_3114,Africa,,District of Ferizaj,,No,Kosovo
MOBI_adm1_3114,,,District of Ferizaj,,No,Kosovo
MOBI_adm1_3114,Americas,,District of Ferizaj,,No,Kosovo
MOBI_adm1_3114,,,District of Ferizaj,,No,Kosovo
MOBI_adm1_3114,,,District of Ferizaj,,No,Kosovo
MOBI_adm1_3114,,,District of Ferizaj,,No,Kosovo
MOBI_adm1_3114,,,District of Ferizaj,,No,Kosovo
MOBI_adm1_3114,,,District of Ferizaj,,No,Kosovo
MOBI_adm1_3114,Asia,,District of Ferizaj,,No,Kosovo
MOBI_adm1_3114,,,District of Ferizaj,,No,Kosovo
MOBI_adm1_3114,,,District of Ferizaj,,No,Kosovo
MOBI_adm1_3114,,,District of Ferizaj,,No,Kosovo
MOBI_adm1_3114,,,District of Ferizaj,,No,Kosovo
MOBI_adm1_3114,Africa,,District of Ferizaj,,No,Kosovo
MOBI_adm1_3114,,,District of Ferizaj,,No,Kosovo
MOBI_adm1_3114,,,District of Ferizaj,,No,Kosovo
MOBI_adm1_3114,,,District of Ferizaj,,No,Kosovo
MOBI_adm1_3114,,,District of Ferizaj,,No,Kosovo
MOBI_adm1_3114,Asia,,District of Ferizaj,,No,Kosovo
MOBI_adm1_3114,,,District of Ferizaj,,No,Kosovo
MOBI_adm1_3114,,,District of Ferizaj,,No,Kosovo
MOBI_adm1_3114,,,District of Ferizaj,,No,Kosovo
MOBI_adm1_3114,,,District of Ferizaj,,No,Kosovo
MOBI_adm1_3114,,,District of Ferizaj,,No,Kosovo
MOBI_adm1_3114,,,District of Ferizaj,,No,Kosovo
MOBI_adm1_3114,,,District of Ferizaj,,No,Kosovo
MOBI_adm1_3114,,,District of Ferizaj,,No,Kosovo
MOBI_adm1_3114,,,District of Ferizaj,,No,Kosovo
MOBI_adm1_3114,,,District of Ferizaj,,No,Kosovo
MOBI_adm1_3114,,,District of Ferizaj,,No,Kosovo
MOBI_adm1_3114,,,District of Ferizaj,,No,Kosovo
MOBI_adm1_3114,,,District of Ferizaj,,No,Kosovo
MOBI_adm1_3114,,,District of Ferizaj,,No,Kosovo
MOBI_adm1_3114,,,District of Ferizaj,,No,Kosovo
MOBI_adm1_3114,,,District of Ferizaj,,No,Kosovo
MOBI_adm1_3114,,,District of Ferizaj,,No,Kosovo
MOBI_adm1_3114,,,District of Ferizaj,,No,Kosovo
MOBI_adm1_3114,,,District of Ferizaj,,No,Kosovo
MOBI_adm1_3114,,,District of Ferizaj,,No,Kosovo
MOBI_adm1_3114,,,District of Ferizaj,,No,Kosovo
MOBI_adm1_3114,,,District of Ferizaj,,No,Kosovo
MOBI_adm1_3114,,,District of Ferizaj,,No,Kosovo
MOBI_adm1_3114,,,District of Ferizaj,,No,Kosovo
MOBI_adm1_3114,,,District of Ferizaj,,No,Kosovo
MOBI_adm1_3114,,,District of Ferizaj,,No,Kosovo
MOBI_adm1_3114,,,District of Ferizaj,,No,Kosovo
MOBI_adm1_3114,,,District of Ferizaj,,No,Kosovo
MOBI_adm1_3114,,,District of Ferizaj,,No,Kosovo
MOBI_adm1_3114,,,District of Ferizaj,,No,Kosovo
MOBI_adm1_3114,,,District of Ferizaj,,No,Kosovo
MOBI_adm1_3114,,,District of Ferizaj,,No,Kosovo
MOBI_adm1_3115,,,District of Gjakova,,No,Kosovo
MOBI_adm1_3115,,,District of Gjakova,,No,Kosovo
MOBI_adm1_3115,,,District of Gjakova,,No,Kosovo
MOBI_adm1_3115,,,District of Gjakova,,No,Kosovo
MOBI_adm1_3115,,,District of Gjakova,,No,Kosovo
MOBI_adm1_3115,,,District of Gjakova,,No,Kosovo
MOBI_adm1_3115,,,District of Gjakova,,No,Kosovo
MOBI_adm1_3115,,,District of Gjakova,,No,Kosovo
MOBI_adm1_3115,,,District of Gjakova,,No,Kosovo
MOBI_adm1_3115,,,District of Gjakova,,No,Kosovo
MOBI_adm1_3115,,,District of Gjakova,,No,Kosovo
MOBI_adm1_3115,,,District of Gjakova,,No,Kosovo
MOBI_adm1_3115,,,District of Gjakova,,No,Kosovo
MOBI_adm1_3115,,,District of Gjakova,,No,Kosovo
MOBI_adm1_3115,,,District of Gjakova,,No,Kosovo
MOBI_adm1_3115,,,District of Gjakova,,No,Kosovo
MOBI_adm1_3115,Africa,,District of Gjakova,,No,Kosovo
MOBI_adm1_3115,,,District of Gjakova,,No,Kosovo
MOBI_adm1_3115,Americas,,District of Gjakova,,No,Kosovo
MOBI_adm1_3115,,,District of Gjakova,,No,Kosovo
MOBI_adm1_3115,,,District of Gjakova,,No,Kosovo
MOBI_adm1_3115,,,District of Gjakova,,No,Kosovo
MOBI_adm1_3115,,,District of Gjakova,,No,Kosovo
MOBI_adm1_3115,,,District of Gjakova,,No,Kosovo
MOBI_adm1_3115,Asia,,District of Gjakova,,No,Kosovo
MOBI_adm1_3115,,,District of Gjakova,,No,Kosovo
MOBI_adm1_3115,,,District of Gjakova,,No,Kosovo
MOBI_adm1_3115,,,District of Gjakova,,No,Kosovo
MOBI_adm1_3115,,,District of Gjakova,,No,Kosovo
MOBI_adm1_3115,Africa,,District of Gjakova,,No,Kosovo
MOBI_adm1_3115,,,District of Gjakova,,No,Kosovo
MOBI_adm1_3115,,,District of Gjakova,,No,Kosovo
MOBI_adm1_3115,,,District of Gjakova,,No,Kosovo
MOBI_adm1_3115,,,District of Gjakova,,No,Kosovo
MOBI_adm1_3115,Asia,,District of Gjakova,,No,Kosovo
MOBI_adm1_3115,,,District of Gjakova,,No,Kosovo
MOBI_adm1_3115,,,District of Gjakova,,No,Kosovo
MOBI_adm1_3115,,,District of Gjakova,,No,Kosovo
MOBI_adm1_3115,,,District of Gjakova,,No,Kosovo
MOBI_adm1_3115,,,District of Gjakova,,No,Kosovo
MOBI_adm1_3115,,,District of Gjakova,,No,Kosovo
MOBI_adm1_3115,,,District of Gjakova,,No,Kosovo
MOBI_adm1_3115,,,District of Gjakova,,No,Kosovo
MOBI_adm1_3115,,,District of Gjakova,,No,Kosovo
MOBI_adm1_3115,,,District of Gjakova,,No,Kosovo
MOBI_adm1_3115,,,District of Gjakova,,No,Kosovo
MOBI_adm1_3115,,,District of Gjakova,,No,Kosovo
MOBI_adm1_3115,,,District of Gjakova,,No,Kosovo
MOBI_adm1_3115,,,District of Gjakova,,No,Kosovo
MOBI_adm1_3115,,,District of Gjakova,,No,Kosovo
MOBI_adm1_3115,,,District of Gjakova,,No,Kosovo
MOBI_adm1_3115,,,District of Gjakova,,No,Kosovo
MOBI_adm1_3115,,,District of Gjakova,,No,Kosovo
MOBI_adm1_3115,,,District of Gjakova,,No,Kosovo
MOBI_adm1_3115,,,District of Gjakova,,No,Kosovo
MOBI_adm1_3115,,,District of Gjakova,,No,Kosovo
MOBI_adm1_3115,,,District of Gjakova,,No,Kosovo
MOBI_adm1_3115,,,District of Gjakova,,No,Kosovo
MOBI_adm1_3115,,,District of Gjakova,,No,Kosovo
MOBI_adm1_3115,,,District of Gjakova,,No,Kosovo
MOBI_adm1_3115,,,District of Gjakova,,No,Kosovo
MOBI_adm1_3115,,,District of Gjakova,,No,Kosovo
MOBI_adm1_3115,,,District of Gjakova,,No,Kosovo
MOBI_adm1_3115,,,District of Gjakova,,No,Kosovo
MOBI_adm1_3115,,,District of Gjakova,,No,Kosovo
MOBI_adm1_3115,,,District of Gjakova,,No,Kosovo
MOBI_adm1_3115,,,District of Gjakova,,No,Kosovo
MOBI_adm1_3116,,,District of Gjilan,,No,Kosovo
MOBI_adm1_3116,,,District of Gjilan,,No,Kosovo
MOBI_adm1_3116,,,District of Gjilan,,No,Kosovo
MOBI_adm1_3116,,,District of Gjilan,,No,Kosovo
MOBI_adm1_3116,,,District of Gjilan,,No,Kosovo
MOBI_adm1_3116,,,District of Gjilan,,No,Kosovo
MOBI_adm1_3116,,,District of Gjilan,,No,Kosovo
MOBI_adm1_3116,,,District of Gjilan,,No,Kosovo
MOBI_adm1_3116,,,District of Gjilan,,No,Kosovo
MOBI_adm1_3116,,,District of Gjilan,,No,Kosovo
MOBI_adm1_3116,,,District of Gjilan,,No,Kosovo
MOBI_adm1_3116,,,District of Gjilan,,No,Kosovo
MOBI_adm1_3116,,,District of Gjilan,,No,Kosovo
MOBI_adm1_3116,,,District of Gjilan,,No,Kosovo
MOBI_adm1_3116,,,District of Gjilan,,No,Kosovo
MOBI_adm1_3116,,,District of Gjilan,,No,Kosovo
MOBI_adm1_3116,Africa,,District of Gjilan,,No,Kosovo
MOBI_adm1_3116,,,District of Gjilan,,No,Kosovo
MOBI_adm1_3116,Americas,,District of Gjilan,,No,Kosovo
MOBI_adm1_3116,,,District of Gjilan,,No,Kosovo
MOBI_adm1_3116,,,District of Gjilan,,No,Kosovo
MOBI_adm1_3116,,,District of Gjilan,,No,Kosovo
MOBI_adm1_3116,,,District of Gjilan,,No,Kosovo
MOBI_adm1_3116,,,District of Gjilan,,No,Kosovo
MOBI_adm1_3116,Asia,,District of Gjilan,,No,Kosovo
MOBI_adm1_3116,,,District of Gjilan,,No,Kosovo
MOBI_adm1_3116,,,District of Gjilan,,No,Kosovo
MOBI_adm1_3116,,,District of Gjilan,,No,Kosovo
MOBI_adm1_3116,,,District of Gjilan,,No,Kosovo
MOBI_adm1_3116,Africa,,District of Gjilan,,No,Kosovo
MOBI_adm1_3116,,,District of Gjilan,,No,Kosovo
MOBI_adm1_3116,,,District of Gjilan,,No,Kosovo
MOBI_adm1_3116,,,District of Gjilan,,No,Kosovo
MOBI_adm1_3116,,,District of Gjilan,,No,Kosovo
MOBI_adm1_3116,Asia,,District of Gjilan,,No,Kosovo
MOBI_adm1_3116,,,District of Gjilan,,No,Kosovo
MOBI_adm1_3116,,,District of Gjilan,,No,Kosovo
MOBI_adm1_3116,,,District of Gjilan,,No,Kosovo
MOBI_adm1_3116,,,District of Gjilan,,No,Kosovo
MOBI_adm1_3116,,,District of Gjilan,,No,Kosovo
MOBI_adm1_3116,,,District of Gjilan,,No,Kosovo
MOBI_adm1_3116,,,District of Gjilan,,No,Kosovo
MOBI_adm1_3116,,,District of Gjilan,,No,Kosovo
MOBI_adm1_3116,,,District of Gjilan,,No,Kosovo
MOBI_adm1_3116,,,District of Gjilan,,No,Kosovo
MOBI_adm1_3116,,,District of Gjilan,,No,Kosovo
MOBI_adm1_3116,,,District of Gjilan,,No,Kosovo
MOBI_adm1_3116,,,District of Gjilan,,No,Kosovo
MOBI_adm1_3116,,,District of Gjilan,,No,Kosovo
MOBI_adm1_3116,,,District of Gjilan,,No,Kosovo
MOBI_adm1_3116,,,District of Gjilan,,No,Kosovo
MOBI_adm1_3116,,,District of Gjilan,,No,Kosovo
MOBI_adm1_3116,,,District of Gjilan,,No,Kosovo
MOBI_adm1_3116,,,District of Gjilan,,No,Kosovo
MOBI_adm1_3116,,,District of Gjilan,,No,Kosovo
MOBI_adm1_3116,,,District of Gjilan,,No,Kosovo
MOBI_adm1_3116,,,District of Gjilan,,No,Kosovo
MOBI_adm1_3116,,,District of Gjilan,,No,Kosovo
MOBI_adm1_3116,,,District of Gjilan,,No,Kosovo
MOBI_adm1_3116,,,District of Gjilan,,No,Kosovo
MOBI_adm1_3116,,,District of Gjilan,,No,Kosovo
MOBI_adm1_3116,,,District of Gjilan,,No,Kosovo
MOBI_adm1_3116,,,District of Gjilan,,No,Kosovo
MOBI_adm1_3116,,,District of Gjilan,,No,Kosovo
MOBI_adm1_3116,,,District of Gjilan,,No,Kosovo
MOBI_adm1_3116,,,District of Gjilan,,No,Kosovo
MOBI_adm1_3116,,,District of Gjilan,,No,Kosovo
MOBI_adm1_3117,,,District of Mitrovica,,No,Kosovo
MOBI_adm1_3117,,,District of Mitrovica,,No,Kosovo
MOBI_adm1_3117,,,District of Mitrovica,,No,Kosovo
MOBI_adm1_3117,,,District of Mitrovica,,No,Kosovo
MOBI_adm1_3117,,,District of Mitrovica,,No,Kosovo
MOBI_adm1_3117,,,District of Mitrovica,,No,Kosovo
MOBI_adm1_3117,,,District of Mitrovica,,No,Kosovo
MOBI_adm1_3117,,,District of Mitrovica,,No,Kosovo
MOBI_adm1_3117,,,District of Mitrovica,,No,Kosovo
MOBI_adm1_3117,,,District of Mitrovica,,No,Kosovo
MOBI_adm1_3117,,,District of Mitrovica,,No,Kosovo
MOBI_adm1_3117,,,District of Mitrovica,,No,Kosovo
MOBI_adm1_3117,,,District of Mitrovica,,No,Kosovo
MOBI_adm1_3117,,,District of Mitrovica,,No,Kosovo
MOBI_adm1_3117,,,District of Mitrovica,,No,Kosovo
MOBI_adm1_3117,,,District of Mitrovica,,No,Kosovo
MOBI_adm1_3117,Africa,,District of Mitrovica,,No,Kosovo
MOBI_adm1_3117,,,District of Mitrovica,,No,Kosovo
MOBI_adm1_3117,Americas,,District of Mitrovica,,No,Kosovo
MOBI_adm1_3117,,,District of Mitrovica,,No,Kosovo
MOBI_adm1_3117,,,District of Mitrovica,,No,Kosovo
MOBI_adm1_3117,,,District of Mitrovica,,No,Kosovo
MOBI_adm1_3117,,,District of Mitrovica,,No,Kosovo
MOBI_adm1_3117,,,District of Mitrovica,,No,Kosovo
MOBI_adm1_3117,Asia,,District of Mitrovica,,No,Kosovo
MOBI_adm1_3117,,,District of Mitrovica,,No,Kosovo
MOBI_adm1_3117,,,District of Mitrovica,,No,Kosovo
MOBI_adm1_3117,,,District of Mitrovica,,No,Kosovo
MOBI_adm1_3117,,,District of Mitrovica,,No,Kosovo
MOBI_adm1_3117,Africa,,District of Mitrovica,,No,Kosovo
MOBI_adm1_3117,,,District of Mitrovica,,No,Kosovo
MOBI_adm1_3117,,,District of Mitrovica,,No,Kosovo
MOBI_adm1_3117,,,District of Mitrovica,,No,Kosovo
MOBI_adm1_3117,,,District of Mitrovica,,No,Kosovo
MOBI_adm1_3117,Asia,,District of Mitrovica,,No,Kosovo
MOBI_adm1_3117,,,District of Mitrovica,,No,Kosovo
MOBI_adm1_3117,,,District of Mitrovica,,No,Kosovo
MOBI_adm1_3117,,,District of Mitrovica,,No,Kosovo
MOBI_adm1_3117,,,District of Mitrovica,,No,Kosovo
MOBI_adm1_3117,,,District of Mitrovica,,No,Kosovo
MOBI_adm1_3117,,,District of Mitrovica,,No,Kosovo
MOBI_adm1_3117,,,District of Mitrovica,,No,Kosovo
MOBI_adm1_3117,,,District of Mitrovica,,No,Kosovo
MOBI_adm1_3117,,,District of Mitrovica,,No,Kosovo
MOBI_adm1_3117,,,District of Mitrovica,,No,Kosovo
MOBI_adm1_3117,,,District of Mitrovica,,No,Kosovo
MOBI_adm1_3117,,,District of Mitrovica,,No,Kosovo
MOBI_adm1_3117,,,District of Mitrovica,,No,Kosovo
MOBI_adm1_3117,,,District of Mitrovica,,No,Kosovo
MOBI_adm1_3117,,,District of Mitrovica,,No,Kosovo
MOBI_adm1_3117,,,District of Mitrovica,,No,Kosovo
MOBI_adm1_3117,,,District of Mitrovica,,No,Kosovo
MOBI_adm1_3117,,,District of Mitrovica,,No,Kosovo
MOBI_adm1_3117,,,District of Mitrovica,,No,Kosovo
MOBI_adm1_3117,,,District of Mitrovica,,No,Kosovo
MOBI_adm1_3117,,,District of Mitrovica,,No,Kosovo
MOBI_adm1_3117,,,District of Mitrovica,,No,Kosovo
MOBI_adm1_3117,,,District of Mitrovica,,No,Kosovo
MOBI_adm1_3117,,,District of Mitrovica,,No,Kosovo
MOBI_adm1_3117,,,District of Mitrovica,,No,Kosovo
MOBI_adm1_3117,,,District of Mitrovica,,No,Kosovo
MOBI_adm1_3117,,,District of Mitrovica,,No,Kosovo
MOBI_adm1_3117,,,District of Mitrovica,,No,Kosovo
MOBI_adm1_3117,,,District of Mitrovica,,No,Kosovo
MOBI_adm1_3117,,,District of Mitrovica,,No,Kosovo
MOBI_adm1_3117,,,District of Mitrovica,,No,Kosovo
MOBI_adm1_3117,,,District of Mitrovica,,No,Kosovo
MOBI_adm1_3118,,,District of Peja,,No,Kosovo
MOBI_adm1_3118,,,District of Peja,,No,Kosovo
MOBI_adm1_3118,,,District of Peja,,No,Kosovo
MOBI_adm1_3118,,,District of Peja,,No,Kosovo
MOBI_adm1_3118,,,District of Peja,,No,Kosovo
MOBI_adm1_3118,,,District of Peja,,No,Kosovo
MOBI_adm1_3118,,,District of Peja,,No,Kosovo
MOBI_adm1_3118,,,District of Peja,,No,Kosovo
MOBI_adm1_3118,,,District of Peja,,No,Kosovo
MOBI_adm1_3118,,,District of Peja,,No,Kosovo
MOBI_adm1_3118,,,District of Peja,,No,Kosovo
MOBI_adm1_3118,,,District of Peja,,No,Kosovo
MOBI_adm1_3118,,,District of Peja,,No,Kosovo
MOBI_adm1_3118,,,District of Peja,,No,Kosovo
MOBI_adm1_3118,,,District of Peja,,No,Kosovo
MOBI_adm1_3118,,,District of Peja,,No,Kosovo
MOBI_adm1_3118,Africa,,District of Peja,,No,Kosovo
MOBI_adm1_3118,,,District of Peja,,No,Kosovo
MOBI_adm1_3118,Americas,,District of Peja,,No,Kosovo
MOBI_adm1_3118,,,District of Peja,,No,Kosovo
MOBI_adm1_3118,,,District of Peja,,No,Kosovo
MOBI_adm1_3118,,,District of Peja,,No,Kosovo
MOBI_adm1_3118,,,District of Peja,,No,Kosovo
MOBI_adm1_3118,,,District of Peja,,No,Kosovo
MOBI_adm1_3118,Asia,,District of Peja,,No,Kosovo
MOBI_adm1_3118,,,District of Peja,,No,Kosovo
MOBI_adm1_3118,,,District of Peja,,No,Kosovo
MOBI_adm1_3118,,,District of Peja,,No,Kosovo
MOBI_adm1_3118,,,District of Peja,,No,Kosovo
MOBI_adm1_3118,Africa,,District of Peja,,No,Kosovo
MOBI_adm1_3118,,,District of Peja,,No,Kosovo
MOBI_adm1_3118,,,District of Peja,,No,Kosovo
MOBI_adm1_3118,,,District of Peja,,No,Kosovo
MOBI_adm1_3118,,,District of Peja,,No,Kosovo
MOBI_adm1_3118,Asia,,District of Peja,,No,Kosovo
MOBI_adm1_3118,,,District of Peja,,No,Kosovo
MOBI_adm1_3118,,,District of Peja,,No,Kosovo
MOBI_adm1_3118,,,District of Peja,,No,Kosovo
MOBI_adm1_3118,,,District of Peja,,No,Kosovo
MOBI_adm1_3118,,,District of Peja,,No,Kosovo
MOBI_adm1_3118,,,District of Peja,,No,Kosovo
MOBI_adm1_3118,,,District of Peja,,No,Kosovo
MOBI_adm1_3118,,,District of Peja,,No,Kosovo
MOBI_adm1_3118,,,District of Peja,,No,Kosovo
MOBI_adm1_3118,,,District of Peja,,No,Kosovo
MOBI_adm1_3118,,,District of Peja,,No,Kosovo
MOBI_adm1_3118,,,District of Peja,,No,Kosovo
MOBI_adm1_3118,,,District of Peja,,No,Kosovo
MOBI_adm1_3118,,,District of Peja,,No,Kosovo
MOBI_adm1_3118,,,District of Peja,,No,Kosovo
MOBI_adm1_3118,,,District of Peja,,No,Kosovo
MOBI_adm1_3118,,,District of Peja,,No,Kosovo
MOBI_adm1_3118,,,District of Peja,,No,Kosovo
MOBI_adm1_3118,,,District of Peja,,No,Kosovo
MOBI_adm1_3118,,,District of Peja,,No,Kosovo
MOBI_adm1_3118,,,District of Peja,,No,Kosovo
MOBI_adm1_3118,,,District of Peja,,No,Kosovo
MOBI_adm1_3118,,,District of Peja,,No,Kosovo
MOBI_adm1_3118,,,District of Peja,,No,Kosovo
MOBI_adm1_3118,,,District of Peja,,No,Kosovo
MOBI_adm1_3118,,,District of Peja,,No,Kosovo
MOBI_adm1_3118,,,District of Peja,,No,Kosovo
MOBI_adm1_3118,,,District of Peja,,No,Kosovo
MOBI_adm1_3118,,,District of Peja,,No,Kosovo
MOBI_adm1_3118,,,District of Peja,,No,Kosovo
MOBI_adm1_3118,,,District of Peja,,No,Kosovo
MOBI_adm1_3118,,,District of Peja,,No,Kosovo
MOBI_adm1_3119,,,District of Prishtina,,No,Kosovo
MOBI_adm1_3119,,,District of Prishtina,,No,Kosovo
MOBI_adm1_3119,,,District of Prishtina,,No,Kosovo
MOBI_adm1_3119,,,District of Prishtina,,No,Kosovo
MOBI_adm1_3119,,,District of Prishtina,,No,Kosovo
MOBI_adm1_3119,,,District of Prishtina,,No,Kosovo
MOBI_adm1_3119,,,District of Prishtina,,No,Kosovo
MOBI_adm1_3119,,,District of Prishtina,,No,Kosovo
MOBI_adm1_3119,,,District of Prishtina,,No,Kosovo
MOBI_adm1_3119,,,District of Prishtina,,No,Kosovo
MOBI_adm1_3119,,,District of Prishtina,,No,Kosovo
MOBI_adm1_3119,,,District of Prishtina,,No,Kosovo
MOBI_adm1_3119,,,District of Prishtina,,No,Kosovo
MOBI_adm1_3119,,,District of Prishtina,,No,Kosovo
MOBI_adm1_3119,,,District of Prishtina,,No,Kosovo
MOBI_adm1_3119,,,District of Prishtina,,No,Kosovo
MOBI_adm1_3119,Africa,,District of Prishtina,,No,Kosovo
MOBI_adm1_3119,,,District of Prishtina,,No,Kosovo
MOBI_adm1_3119,Americas,,District of Prishtina,,No,Kosovo
MOBI_adm1_3119,,,District of Prishtina,,No,Kosovo
MOBI_adm1_3119,,,District of Prishtina,,No,Kosovo
MOBI_adm1_3119,,,District of Prishtina,,No,Kosovo
MOBI_adm1_3119,,,District of Prishtina,,No,Kosovo
MOBI_adm1_3119,,,District of Prishtina,,No,Kosovo
MOBI_adm1_3119,Asia,,District of Prishtina,,No,Kosovo
MOBI_adm1_3119,,,District of Prishtina,,No,Kosovo
MOBI_adm1_3119,,,District of Prishtina,,No,Kosovo
MOBI_adm1_3119,,,District of Prishtina,,No,Kosovo
MOBI_adm1_3119,,,District of Prishtina,,No,Kosovo
MOBI_adm1_3119,Africa,,District of Prishtina,,No,Kosovo
MOBI_adm1_3119,,,District of Prishtina,,No,Kosovo
MOBI_adm1_3119,,,District of Prishtina,,No,Kosovo
MOBI_adm1_3119,,,District of Prishtina,,No,Kosovo
MOBI_adm1_3119,,,District of Prishtina,,No,Kosovo
MOBI_adm1_3119,Asia,,District of Prishtina,,No,Kosovo
MOBI_adm1_3119,,,District of Prishtina,,No,Kosovo
MOBI_adm1_3119,,,District of Prishtina,,No,Kosovo
MOBI_adm1_3119,,,District of Prishtina,,No,Kosovo
MOBI_adm1_3119,,,District of Prishtina,,No,Kosovo
MOBI_adm1_3119,,,District of Prishtina,,No,Kosovo
MOBI_adm1_3119,,,District of Prishtina,,No,Kosovo
MOBI_adm1_3119,,,District of Prishtina,,No,Kosovo
MOBI_adm1_3119,,,District of Prishtina,,No,Kosovo
MOBI_adm1_3119,,,District of Prishtina,,No,Kosovo
MOBI_adm1_3119,,,District of Prishtina,,No,Kosovo
MOBI_adm1_3119,,,District of Prishtina,,No,Kosovo
MOBI_adm1_3119,,,District of Prishtina,,No,Kosovo
MOBI_adm1_3119,,,District of Prishtina,,No,Kosovo
MOBI_adm1_3119,,,District of Prishtina,,No,Kosovo
MOBI_adm1_3119,,,District of Prishtina,,No,Kosovo
MOBI_adm1_3119,,,District of Prishtina,,No,Kosovo
MOBI_adm1_3119,,,District of Prishtina,,No,Kosovo
MOBI_adm1_3119,,,District of Prishtina,,No,Kosovo
MOBI_adm1_3119,,,District of Prishtina,,No,Kosovo
MOBI_adm1_3119,,,District of Prishtina,,No,Kosovo
MOBI_adm1_3119,,,District of Prishtina,,No,Kosovo
MOBI_adm1_3119,,,District of Prishtina,,No,Kosovo
MOBI_adm1_3119,,,District of Prishtina,,No,Kosovo
MOBI_adm1_3119,,,District of Prishtina,,No,Kosovo
MOBI_adm1_3119,,,District of Prishtina,,No,Kosovo
MOBI_adm1_3119,,,District of Prishtina,,No,Kosovo
MOBI_adm1_3119,,,District of Prishtina,,No,Kosovo
MOBI_adm1_3119,,,District of Prishtina,,No,Kosovo
MOBI_adm1_3119,,,District of Prishtina,,No,Kosovo
MOBI_adm1_3119,,,District of Prishtina,,No,Kosovo
MOBI_adm1_3119,,,District of Prishtina,,No,Kosovo
MOBI_adm1_3119,,,District of Prishtina,,No,Kosovo
MOBI_adm1_3120,,,District of Prizren,,No,Kosovo
MOBI_adm1_3120,,,District of Prizren,,No,Kosovo
MOBI_adm1_3120,,,District of Prizren,,No,Kosovo
MOBI_adm1_3120,,,District of Prizren,,No,Kosovo
MOBI_adm1_3120,,,District of Prizren,,No,Kosovo
MOBI_adm1_3120,,,District of Prizren,,No,Kosovo
MOBI_adm1_3120,,,District of Prizren,,No,Kosovo
MOBI_adm1_3120,,,District of Prizren,,No,Kosovo
MOBI_adm1_3120,,,District of Prizren,,No,Kosovo
MOBI_adm1_3120,,,District of Prizren,,No,Kosovo
MOBI_adm1_3120,,,District of Prizren,,No,Kosovo
MOBI_adm1_3120,,,District of Prizren,,No,Kosovo
MOBI_adm1_3120,,,District of Prizren,,No,Kosovo
MOBI_adm1_3120,,,District of Prizren,,No,Kosovo
MOBI_adm1_3120,,,District of Prizren,,No,Kosovo
MOBI_adm1_3120,,,District of Prizren,,No,Kosovo
MOBI_adm1_3120,Africa,,District of Prizren,,No,Kosovo
MOBI_adm1_3120,,,District of Prizren,,No,Kosovo
MOBI_adm1_3120,Americas,,District of Prizren,,No,Kosovo
MOBI_adm1_3120,,,District of Prizren,,No,Kosovo
MOBI_adm1_3120,,,District of Prizren,,No,Kosovo
MOBI_adm1_3120,,,District of Prizren,,No,Kosovo
MOBI_adm1_3120,,,District of Prizren,,No,Kosovo
MOBI_adm1_3120,,,District of Prizren,,No,Kosovo
MOBI_adm1_3120,Asia,,District of Prizren,,No,Kosovo
MOBI_adm1_3120,,,District of Prizren,,No,Kosovo
MOBI_adm1_3120,,,District of Prizren,,No,Kosovo
MOBI_adm1_3120,,,District of Prizren,,No,Kosovo
MOBI_adm1_3120,,,District of Prizren,,No,Kosovo
MOBI_adm1_3120,Africa,,District of Prizren,,No,Kosovo
MOBI_adm1_3120,,,District of Prizren,,No,Kosovo
MOBI_adm1_3120,,,District of Prizren,,No,Kosovo
MOBI_adm1_3120,,,District of Prizren,,No,Kosovo
MOBI_adm1_3120,,,District of Prizren,,No,Kosovo
MOBI_adm1_3120,Asia,,District of Prizren,,No,Kosovo
MOBI_adm1_3120,,,District of Prizren,,No,Kosovo
MOBI_adm1_3120,,,District of Prizren,,No,Kosovo
MOBI_adm1_3120,,,District of Prizren,,No,Kosovo
MOBI_adm1_3120,,,District of Prizren,,No,Kosovo
MOBI_adm1_3120,,,District of Prizren,,No,Kosovo
MOBI_adm1_3120,,,District of Prizren,,No,Kosovo
MOBI_adm1_3120,,,District of Prizren,,No,Kosovo
MOBI_adm1_3120,,,District of Prizren,,No,Kosovo
MOBI_adm1_3120,,,District of Prizren,,No,Kosovo
MOBI_adm1_3120,,,District of Prizren,,No,Kosovo
MOBI_adm1_3120,,,District of Prizren,,No,Kosovo
MOBI_adm1_3120,,,District of Prizren,,No,Kosovo
MOBI_adm1_3120,,,District of Prizren,,No,Kosovo
MOBI_adm1_3120,,,District of Prizren,,No,Kosovo
MOBI_adm1_3120,,,District of Prizren,,No,Kosovo
MOBI_adm1_3120,,,District of Prizren,,No,Kosovo
MOBI_adm1_3120,,,District of Prizren,,No,Kosovo
MOBI_adm1_3120,,,District of Prizren,,No,Kosovo
MOBI_adm1_3120,,,District of Prizren,,No,Kosovo
MOBI_adm1_3120,,,District of Prizren,,No,Kosovo
MOBI_adm1_3120,,,District of Prizren,,No,Kosovo
MOBI_adm1_3120,,,District of Prizren,,No,Kosovo
MOBI_adm1_3120,,,District of Prizren,,No,Kosovo
MOBI_adm1_3120,,,District of Prizren,,No,Kosovo
MOBI_adm1_3120,,,District of Prizren,,No,Kosovo
MOBI_adm1_3120,,,District of Prizren,,No,Kosovo
MOBI_adm1_3120,,,District of Prizren,,No,Kosovo
MOBI_adm1_3120,,,District of Prizren,,No,Kosovo
MOBI_adm1_3120,,,District of Prizren,,No,Kosovo
MOBI_adm1_3120,,,District of Prizren,,No,Kosovo
MOBI_adm1_3120,,,District of Prizren,,No,Kosovo
MOBI_adm1_3120,,,District of Prizren,,No,Kosovo
MOBI_adm1_3121,,,Koualou,,No,Koualou
MOBI_adm1_3121,,,Koualou,,No,Koualou
MOBI_adm1_3121,,,Koualou,,No,Koualou
MOBI_adm1_3121,,,Koualou,,No,Koualou
MOBI_adm1_3121,,,Koualou,,No,Koualou
MOBI_adm1_3121,,,Koualou,,No,Koualou
MOBI_adm1_3121,,,Koualou,,No,Koualou
MOBI_adm1_3121,,,Koualou,,No,Koualou
MOBI_adm1_3121,,,Koualou,,No,Koualou
MOBI_adm1_3121,,,Koualou,,No,Koualou
MOBI_adm1_3121,,,Koualou,,No,Koualou
MOBI_adm1_3121,,,Koualou,,No,Koualou
MOBI_adm1_3121,,,Koualou,,No,Koualou
MOBI_adm1_3121,,,Koualou,,No,Koualou
MOBI_adm1_3121,,,Koualou,,No,Koualou
MOBI_adm1_3121,,,Koualou,,No,Koualou
MOBI_adm1_3121,Africa,,Koualou,,No,Koualou
MOBI_adm1_3121,,,Koualou,,No,Koualou
MOBI_adm1_3121,Americas,,Koualou,,No,Koualou
MOBI_adm1_3121,,,Koualou,,No,Koualou
MOBI_adm1_3121,,,Koualou,,No,Koualou
MOBI_adm1_3121,,,Koualou,,No,Koualou
MOBI_adm1_3121,,,Koualou,,No,Koualou
MOBI_adm1_3121,,,Koualou,,No,Koualou
MOBI_adm1_3121,Asia,,Koualou,,No,Koualou
MOBI_adm1_3121,,,Koualou,,No,Koualou
MOBI_adm1_3121,,,Koualou,,No,Koualou
MOBI_adm1_3121,,,Koualou,,No,Koualou
MOBI_adm1_3121,,,Koualou,,No,Koualou
MOBI_adm1_3121,Africa,,Koualou,,No,Koualou
MOBI_adm1_3121,,,Koualou,,No,Koualou
MOBI_adm1_3121,,,Koualou,,No,Koualou
MOBI_adm1_3121,,,Koualou,,No,Koualou
MOBI_adm1_3121,,,Koualou,,No,Koualou
MOBI_adm1_3121,Asia,,Koualou,,No,Koualou
MOBI_adm1_3121,,,Koualou,,No,Koualou
MOBI_adm1_3121,,,Koualou,,No,Koualou
MOBI_adm1_3121,,,Koualou,,No,Koualou
MOBI_adm1_3121,,,Koualou,,No,Koualou
MOBI_adm1_3121,,,Koualou,,No,Koualou
MOBI_adm1_3121,,,Koualou,,No,Koualou
MOBI_adm1_3121,,,Koualou,,No,Koualou
MOBI_adm1_3121,,,Koualou,,No,Koualou
MOBI_adm1_3121,,,Koualou,,No,Koualou
MOBI_adm1_3121,,,Koualou,,No,Koualou
MOBI_adm1_3121,,,Koualou,,No,Koualou
MOBI_adm1_3121,,,Koualou,,No,Koualou
MOBI_adm1_3121,,,Koualou,,No,Koualou
MOBI_adm1_3121,,,Koualou,,No,Koualou
MOBI_adm1_3121,,,Koualou,,No,Koualou
MOBI_adm1_3121,,,Koualou,,No,Koualou
MOBI_adm1_3121,,,Koualou,,No,Koualou
MOBI_adm1_3121,,,Koualou,,No,Koualou
MOBI_adm1_3121,,,Koualou,,No,Koualou
MOBI_adm1_3121,,,Koualou,,No,Koualou
MOBI_adm1_3121,,,Koualou,,No,Koualou
MOBI_adm1_3121,,,Koualou,,No,Koualou
MOBI_adm1_3121,,,Koualou,,No,Koualou
MOBI_adm1_3121,,,Koualou,,No,Koualou
MOBI_adm1_3121,,,Koualou,,No,Koualou
MOBI_adm1_3121,,,Koualou,,No,Koualou
MOBI_adm1_3121,,,Koualou,,No,Koualou
MOBI_adm1_3121,,,Koualou,,No,Koualou
MOBI_adm1_3121,,,Koualou,,No,Koualou
MOBI_adm1_3121,,,Koualou,,No,Koualou
MOBI_adm1_3121,,,Koualou,,No,Koualou
MOBI_adm1_3121,,,Koualou,,No,Koualou
MOBI_adm1_3122,,,No Man's Land,,No,No Man's Land
MOBI_adm1_3122,,,No Man's Land,,No,No Man's Land
MOBI_adm1_3122,,,No Man's Land,,No,No Man's Land
MOBI_adm1_3122,,,No Man's Land,,No,No Man's Land
MOBI_adm1_3122,,,No Man's Land,,No,No Man's Land
MOBI_adm1_3122,,,No Man's Land,,No,No Man's Land
MOBI_adm1_3122,,,No Man's Land,,No,No Man's Land
MOBI_adm1_3122,,,No Man's Land,,No,No Man's Land
MOBI_adm1_3122,,,No Man's Land,,No,No Man's Land
MOBI_adm1_3122,,,No Man's Land,,No,No Man's Land
MOBI_adm1_3122,,,No Man's Land,,No,No Man's Land
MOBI_adm1_3122,,,No Man's Land,,No,No Man's Land
MOBI_adm1_3122,,,No Man's Land,,No,No Man's Land
MOBI_adm1_3122,,,No Man's Land,,No,No Man's Land
MOBI_adm1_3122,,,No Man's Land,,No,No Man's Land
MOBI_adm1_3122,,,No Man's Land,,No,No Man's Land
MOBI_adm1_3122,Africa,,No Man's Land,,No,No Man's Land
MOBI_adm1_3122,,,No Man's Land,,No,No Man's Land
MOBI_adm1_3122,Americas,,No Man's Land,,No,No Man's Land
MOBI_adm1_3122,,,No Man's Land,,No,No Man's Land
MOBI_adm1_3122,,,No Man's Land,,No,No Man's Land
MOBI_adm1_3122,,,No Man's Land,,No,No Man's Land
MOBI_adm1_3122,,,No Man's Land,,No,No Man's Land
MOBI_adm1_3122,,,No Man's Land,,No,No Man's Land
MOBI_adm1_3122,Asia,,No Man's Land,,No,No Man's Land
MOBI_adm1_3122,,,No Man's Land,,No,No Man's Land
MOBI_adm1_3122,,,No Man's Land,,No,No Man's Land
MOBI_adm1_3122,,,No Man's Land,,No,No Man's Land
MOBI_adm1_3122,,,No Man's Land,,No,No Man's Land
MOBI_adm1_3122,Africa,,No Man's Land,,No,No Man's Land
MOBI_adm1_3122,,,No Man's Land,,No,No Man's Land
MOBI_adm1_3122,,,No Man's Land,,No,No Man's Land
MOBI_adm1_3122,,,No Man's Land,,No,No Man's Land
MOBI_adm1_3122,,,No Man's Land,,No,No Man's Land
MOBI_adm1_3122,Asia,,No Man's Land,,No,No Man's Land
MOBI_adm1_3122,,,No Man's Land,,No,No Man's Land
MOBI_adm1_3122,,,No Man's Land,,No,No Man's Land
MOBI_adm1_3122,,,No Man's Land,,No,No Man's Land
MOBI_adm1_3122,,,No Man's Land,,No,No Man's Land
MOBI_adm1_3122,,,No Man's Land,,No,No Man's Land
MOBI_adm1_3122,,,No Man's Land,,No,No Man's Land
MOBI_adm1_3122,,,No Man's Land,,No,No Man's Land
MOBI_adm1_3122,,,No Man's Land,,No,No Man's Land
MOBI_adm1_3122,,,No Man's Land,,No,No Man's Land
MOBI_adm1_3122,,,No Man's Land,,No,No Man's Land
MOBI_adm1_3122,,,No Man's Land,,No,No Man's Land
MOBI_adm1_3122,,,No Man's Land,,No,No Man's Land
MOBI_adm1_3122,,,No Man's Land,,No,No Man's Land
MOBI_adm1_3122,,,No Man's Land,,No,No Man's Land
MOBI_adm1_3122,,,No Man's Land,,No,No Man's Land
MOBI_adm1_3122,,,No Man's Land,,No,No Man's Land
MOBI_adm1_3122,,,No Man's Land,,No,No Man's Land
MOBI_adm1_3122,,,No Man's Land,,No,No Man's Land
MOBI_adm1_3122,,,No Man's Land,,No,No Man's Land
MOBI_adm1_3122,,,No Man's Land,,No,No Man's Land
MOBI_adm1_3122,,,No Man's Land,,No,No Man's Land
MOBI_adm1_3122,,,No Man's Land,,No,No Man's Land
MOBI_adm1_3122,,,No Man's Land,,No,No Man's Land
MOBI_adm1_3122,,,No Man's Land,,No,No Man's Land
MOBI_adm1_3122,,,No Man's Land,,No,No Man's Land
MOBI_adm1_3122,,,No Man's Land,,No,No Man's Land
MOBI_adm1_3122,,,No Man's Land,,No,No Man's Land
MOBI_adm1_3122,,,No Man's Land,,No,No Man's Land
MOBI_adm1_3122,,,No Man's Land,,No,No Man's Land
MOBI_adm1_3122,,,No Man's Land,,No,No Man's Land
MOBI_adm1_3122,,,No Man's Land,,No,No Man's Land
MOBI_adm1_3122,,,No Man's Land,,No,No Man's Land
MOBI_adm1_3123,,,Paracel Is,,No,Paracel Is
MOBI_adm1_3123,,,Paracel Is,,No,Paracel Is
MOBI_adm1_3123,,,Paracel Is,,No,Paracel Is
MOBI_adm1_3123,,,Paracel Is,,No,Paracel Is
MOBI_adm1_3123,,,Paracel Is,,No,Paracel Is
MOBI_adm1_3123,,,Paracel Is,,No,Paracel Is
MOBI_adm1_3123,,,Paracel Is,,No,Paracel Is
MOBI_adm1_3123,,,Paracel Is,,No,Paracel Is
MOBI_adm1_3123,,,Paracel Is,,No,Paracel Is
MOBI_adm1_3123,,,Paracel Is,,No,Paracel Is
MOBI_adm1_3123,,,Paracel Is,,No,Paracel Is
MOBI_adm1_3123,,,Paracel Is,,No,Paracel Is
MOBI_adm1_3123,,,Paracel Is,,No,Paracel Is
MOBI_adm1_3123,,,Paracel Is,,No,Paracel Is
MOBI_adm1_3123,,,Paracel Is,,No,Paracel Is
MOBI_adm1_3123,,,Paracel Is,,No,Paracel Is
MOBI_adm1_3123,Africa,,Paracel Is,,No,Paracel Is
MOBI_adm1_3123,,,Paracel Is,,No,Paracel Is
MOBI_adm1_3123,Americas,,Paracel Is,,No,Paracel Is
MOBI_adm1_3123,,,Paracel Is,,No,Paracel Is
MOBI_adm1_3123,,,Paracel Is,,No,Paracel Is
MOBI_adm1_3123,,,Paracel Is,,No,Paracel Is
MOBI_adm1_3123,,,Paracel Is,,No,Paracel Is
MOBI_adm1_3123,,,Paracel Is,,No,Paracel Is
MOBI_adm1_3123,Asia,,Paracel Is,,No,Paracel Is
MOBI_adm1_3123,,,Paracel Is,,No,Paracel Is
MOBI_adm1_3123,,,Paracel Is,,No,Paracel Is
MOBI_adm1_3123,,,Paracel Is,,No,Paracel Is
MOBI_adm1_3123,,,Paracel Is,,No,Paracel Is
MOBI_adm1_3123,Africa,,Paracel Is,,No,Paracel Is
MOBI_adm1_3123,,,Paracel Is,,No,Paracel Is
MOBI_adm1_3123,,,Paracel Is,,No,Paracel Is
MOBI_adm1_3123,,,Paracel Is,,No,Paracel Is
MOBI_adm1_3123,,,Paracel Is,,No,Paracel Is
MOBI_adm1_3123,Asia,,Paracel Is,,No,Paracel Is
MOBI_adm1_3123,,,Paracel Is,,No,Paracel Is
MOBI_adm1_3123,,,Paracel Is,,No,Paracel Is
MOBI_adm1_3123,,,Paracel Is,,No,Paracel Is
MOBI_adm1_3123,,,Paracel Is,,No,Paracel Is
MOBI_adm1_3123,,,Paracel Is,,No,Paracel Is
MOBI_adm1_3123,,,Paracel Is,,No,Paracel Is
MOBI_adm1_3123,,,Paracel Is,,No,Paracel Is
MOBI_adm1_3123,,,Paracel Is,,No,Paracel Is
MOBI_adm1_3123,,,Paracel Is,,No,Paracel Is
MOBI_adm1_3123,,,Paracel Is,,No,Paracel Is
MOBI_adm1_3123,,,Paracel Is,,No,Paracel Is
MOBI_adm1_3123,,,Paracel Is,,No,Paracel Is
MOBI_adm1_3123,,,Paracel Is,,No,Paracel Is
MOBI_adm1_3123,,,Paracel Is,,No,Paracel Is
MOBI_adm1_3123,,,Paracel Is,,No,Paracel Is
MOBI_adm1_3123,,,Paracel Is,,No,Paracel Is
MOBI_adm1_3123,,,Paracel Is,,No,Paracel Is
MOBI_adm1_3123,,,Paracel Is,,No,Paracel Is
MOBI_adm1_3123,,,Paracel Is,,No,Paracel Is
MOBI_adm1_3123,,,Paracel Is,,No,Paracel Is
MOBI_adm1_3123,,,Paracel Is,,No,Paracel Is
MOBI_adm1_3123,,,Paracel Is,,No,Paracel Is
MOBI_adm1_3123,,,Paracel Is,,No,Paracel Is
MOBI_adm1_3123,,,Paracel Is,,No,Paracel Is
MOBI_adm1_3123,,,Paracel Is,,No,Paracel Is
MOBI_adm1_3123,,,Paracel Is,,No,Paracel Is
MOBI_adm1_3123,,,Paracel Is,,No,Paracel Is
MOBI_adm1_3123,,,Paracel Is,,No,Paracel Is
MOBI_adm1_3123,,,Paracel Is,,No,Paracel Is
MOBI_adm1_3123,,,Paracel Is,,No,Paracel Is
MOBI_adm1_3123,,,Paracel Is,,No,Paracel Is
MOBI_adm1_3123,,,Paracel Is,,No,Paracel Is
MOBI_adm1_3124,,,Senkakus,,No,Senkakus
MOBI_adm1_3124,,,Senkakus,,No,Senkakus
MOBI_adm1_3124,,,Senkakus,,No,Senkakus
MOBI_adm1_3124,,,Senkakus,,No,Senkakus
MOBI_adm1_3124,,,Senkakus,,No,Senkakus
MOBI_adm1_3124,,,Senkakus,,No,Senkakus
MOBI_adm1_3124,,,Senkakus,,No,Senkakus
MOBI_adm1_3124,,,Senkakus,,No,Senkakus
MOBI_adm1_3124,,,Senkakus,,No,Senkakus
MOBI_adm1_3124,,,Senkakus,,No,Senkakus
MOBI_adm1_3124,,,Senkakus,,No,Senkakus
MOBI_adm1_3124,,,Senkakus,,No,Senkakus
MOBI_adm1_3124,,,Senkakus,,No,Senkakus
MOBI_adm1_3124,,,Senkakus,,No,Senkakus
MOBI_adm1_3124,,,Senkakus,,No,Senkakus
MOBI_adm1_3124,,,Senkakus,,No,Senkakus
MOBI_adm1_3124,Africa,,Senkakus,,No,Senkakus
MOBI_adm1_3124,,,Senkakus,,No,Senkakus
MOBI_adm1_3124,Americas,,Senkakus,,No,Senkakus
MOBI_adm1_3124,,,Senkakus,,No,Senkakus
MOBI_adm1_3124,,,Senkakus,,No,Senkakus
MOBI_adm1_3124,,,Senkakus,,No,Senkakus
MOBI_adm1_3124,,,Senkakus,,No,Senkakus
MOBI_adm1_3124,,,Senkakus,,No,Senkakus
MOBI_adm1_3124,Asia,,Senkakus,,No,Senkakus
MOBI_adm1_3124,,,Senkakus,,No,Senkakus
MOBI_adm1_3124,,,Senkakus,,No,Senkakus
MOBI_adm1_3124,,,Senkakus,,No,Senkakus
MOBI_adm1_3124,,,Senkakus,,No,Senkakus
MOBI_adm1_3124,Africa,,Senkakus,,No,Senkakus
MOBI_adm1_3124,,,Senkakus,,No,Senkakus
MOBI_adm1_3124,,,Senkakus,,No,Senkakus
MOBI_adm1_3124,,,Senkakus,,No,Senkakus
MOBI_adm1_3124,,,Senkakus,,No,Senkakus
MOBI_adm1_3124,Asia,,Senkakus,,No,Senkakus
MOBI_adm1_3124,,,Senkakus,,No,Senkakus
MOBI_adm1_3124,,,Senkakus,,No,Senkakus
MOBI_adm1_3124,,,Senkakus,,No,Senkakus
MOBI_adm1_3124,,,Senkakus,,No,Senkakus
MOBI_adm1_3124,,,Senkakus,,No,Senkakus
MOBI_adm1_3124,,,Senkakus,,No,Senkakus
MOBI_adm1_3124,,,Senkakus,,No,Senkakus
MOBI_adm1_3124,,,Senkakus,,No,Senkakus
MOBI_adm1_3124,,,Senkakus,,No,Senkakus
MOBI_adm1_3124,,,Senkakus,,No,Senkakus
MOBI_adm1_3124,,,Senkakus,,No,Senkakus
MOBI_adm1_3124,,,Senkakus,,No,Senkakus
MOBI_adm1_3124,,,Senkakus,,No,Senkakus
MOBI_adm1_3124,,,Senkakus,,No,Senkakus
MOBI_adm1_3124,,,Senkakus,,No,Senkakus
MOBI_adm1_3124,,,Senkakus,,No,Senkakus
MOBI_adm1_3124,,,Senkakus,,No,Senkakus
MOBI_adm1_3124,,,Senkakus,,No,Senkakus
MOBI_adm1_3124,,,Senkakus,,No,Senkakus
MOBI_adm1_3124,,,Senkakus,,No,Senkakus
MOBI_adm1_3124,,,Senkakus,,No,Senkakus
MOBI_adm1_3124,,,Senkakus,,No,Senkakus
MOBI_adm1_3124,,,Senkakus,,No,Senkakus
MOBI_adm1_3124,,,Senkakus,,No,Senkakus
MOBI_adm1_3124,,,Senkakus,,No,Senkakus
MOBI_adm1_3124,,,Senkakus,,No,Senkakus
MOBI_adm1_3124,,,Senkakus,,No,Senkakus
MOBI_adm1_3124,,,Senkakus,,No,Senkakus
MOBI_adm1_3124,,,Senkakus,,No,Senkakus
MOBI_adm1_3124,,,Senkakus,,No,Senkakus
MOBI_adm1_3124,,,Senkakus,,No,Senkakus
MOBI_adm1_3124,,,Senkakus,,No,Senkakus
MOBI_adm1_3125,,,Siachen-Saltoro,,No,Siachen-Saltoro
MOBI_adm1_3125,,,Siachen-Saltoro,,No,Siachen-Saltoro
MOBI_adm1_3125,,,Siachen-Saltoro,,No,Siachen-Saltoro
MOBI_adm1_3125,,,Siachen-Saltoro,,No,Siachen-Saltoro
MOBI_adm1_3125,,,Siachen-Saltoro,,No,Siachen-Saltoro
MOBI_adm1_3125,,,Siachen-Saltoro,,No,Siachen-Saltoro
MOBI_adm1_3125,,,Siachen-Saltoro,,No,Siachen-Saltoro
MOBI_adm1_3125,,,Siachen-Saltoro,,No,Siachen-Saltoro
MOBI_adm1_3125,,,Siachen-Saltoro,,No,Siachen-Saltoro
MOBI_adm1_3125,,,Siachen-Saltoro,,No,Siachen-Saltoro
MOBI_adm1_3125,,,Siachen-Saltoro,,No,Siachen-Saltoro
MOBI_adm1_3125,,,Siachen-Saltoro,,No,Siachen-Saltoro
MOBI_adm1_3125,,,Siachen-Saltoro,,No,Siachen-Saltoro
MOBI_adm1_3125,,,Siachen-Saltoro,,No,Siachen-Saltoro
MOBI_adm1_3125,,,Siachen-Saltoro,,No,Siachen-Saltoro
MOBI_adm1_3125,,,Siachen-Saltoro,,No,Siachen-Saltoro
MOBI_adm1_3125,Africa,,Siachen-Saltoro,,No,Siachen-Saltoro
MOBI_adm1_3125,,,Siachen-Saltoro,,No,Siachen-Saltoro
MOBI_adm1_3125,Americas,,Siachen-Saltoro,,No,Siachen-Saltoro
MOBI_adm1_3125,,,Siachen-Saltoro,,No,Siachen-Saltoro
MOBI_adm1_3125,,,Siachen-Saltoro,,No,Siachen-Saltoro
MOBI_adm1_3125,,,Siachen-Saltoro,,No,Siachen-Saltoro
MOBI_adm1_3125,,,Siachen-Saltoro,,No,Siachen-Saltoro
MOBI_adm1_3125,,,Siachen-Saltoro,,No,Siachen-Saltoro
MOBI_adm1_3125,Asia,,Siachen-Saltoro,,No,Siachen-Saltoro
MOBI_adm1_3125,,,Siachen-Saltoro,,No,Siachen-Saltoro
MOBI_adm1_3125,,,Siachen-Saltoro,,No,Siachen-Saltoro
MOBI_adm1_3125,,,Siachen-Saltoro,,No,Siachen-Saltoro
MOBI_adm1_3125,,,Siachen-Saltoro,,No,Siachen-Saltoro
MOBI_adm1_3125,Africa,,Siachen-Saltoro,,No,Siachen-Saltoro
MOBI_adm1_3125,,,Siachen-Saltoro,,No,Siachen-Saltoro
MOBI_adm1_3125,,,Siachen-Saltoro,,No,Siachen-Saltoro
MOBI_adm1_3125,,,Siachen-Saltoro,,No,Siachen-Saltoro
MOBI_adm1_3125,,,Siachen-Saltoro,,No,Siachen-Saltoro
MOBI_adm1_3125,Asia,,Siachen-Saltoro,,No,Siachen-Saltoro
MOBI_adm1_3125,,,Siachen-Saltoro,,No,Siachen-Saltoro
MOBI_adm1_3125,,,Siachen-Saltoro,,No,Siachen-Saltoro
MOBI_adm1_3125,,,Siachen-Saltoro,,No,Siachen-Saltoro
MOBI_adm1_3125,,,Siachen-Saltoro,,No,Siachen-Saltoro
MOBI_adm1_3125,,,Siachen-Saltoro,,No,Siachen-Saltoro
MOBI_adm1_3125,,,Siachen-Saltoro,,No,Siachen-Saltoro
MOBI_adm1_3125,,,Siachen-Saltoro,,No,Siachen-Saltoro
MOBI_adm1_3125,,,Siachen-Saltoro,,No,Siachen-Saltoro
MOBI_adm1_3125,,,Siachen-Saltoro,,No,Siachen-Saltoro
MOBI_adm1_3125,,,Siachen-Saltoro,,No,Siachen-Saltoro
MOBI_adm1_3125,,,Siachen-Saltoro,,No,Siachen-Saltoro
MOBI_adm1_3125,,,Siachen-Saltoro,,No,Siachen-Saltoro
MOBI_adm1_3125,,,Siachen-Saltoro,,No,Siachen-Saltoro
MOBI_adm1_3125,,,Siachen-Saltoro,,No,Siachen-Saltoro
MOBI_adm1_3125,,,Siachen-Saltoro,,No,Siachen-Saltoro
MOBI_adm1_3125,,,Siachen-Saltoro,,No,Siachen-Saltoro
MOBI_adm1_3125,,,Siachen-Saltoro,,No,Siachen-Saltoro
MOBI_adm1_3125,,,Siachen-Saltoro,,No,Siachen-Saltoro
MOBI_adm1_3125,,,Siachen-Saltoro,,No,Siachen-Saltoro
MOBI_adm1_3125,,,Siachen-Saltoro,,No,Siachen-Saltoro
MOBI_adm1_3125,,,Siachen-Saltoro,,No,Siachen-Saltoro
MOBI_adm1_3125,,,Siachen-Saltoro,,No,Siachen-Saltoro
MOBI_adm1_3125,,,Siachen-Saltoro,,No,Siachen-Saltoro
MOBI_adm1_3125,,,Siachen-Saltoro,,No,Siachen-Saltoro
MOBI_adm1_3125,,,Siachen-Saltoro,,No,Siachen-Saltoro
MOBI_adm1_3125,,,Siachen-Saltoro,,No,Siachen-Saltoro
MOBI_adm1_3125,,,Siachen-Saltoro,,No,Siachen-Saltoro
MOBI_adm1_3125,,,Siachen-Saltoro,,No,Siachen-Saltoro
MOBI_adm1_3125,,,Siachen-Saltoro,,No,Siachen-Saltoro
MOBI_adm1_3125,,,Siachen-Saltoro,,No,Siachen-Saltoro
MOBI_adm1_3125,,,Siachen-Saltoro,,No,Siachen-Saltoro
MOBI_adm1_3125,,,Siachen-Saltoro,,No,Siachen-Saltoro
MOBI_adm1_3126,,,Spratly Is,,No,Spratly Is
MOBI_adm1_3126,,,Spratly Is,,No,Spratly Is
MOBI_adm1_3126,,,Spratly Is,,No,Spratly Is
MOBI_adm1_3126,,,Spratly Is,,No,Spratly Is
MOBI_adm1_3126,,,Spratly Is,,No,Spratly Is
MOBI_adm1_3126,,,Spratly Is,,No,Spratly Is
MOBI_adm1_3126,,,Spratly Is,,No,Spratly Is
MOBI_adm1_3126,,,Spratly Is,,No,Spratly Is
MOBI_adm1_3126,,,Spratly Is,,No,Spratly Is
MOBI_adm1_3126,,,Spratly Is,,No,Spratly Is
MOBI_adm1_3126,,,Spratly Is,,No,Spratly Is
MOBI_adm1_3126,,,Spratly Is,,No,Spratly Is
MOBI_adm1_3126,,,Spratly Is,,No,Spratly Is
MOBI_adm1_3126,,,Spratly Is,,No,Spratly Is
MOBI_adm1_3126,,,Spratly Is,,No,Spratly Is
MOBI_adm1_3126,,,Spratly Is,,No,Spratly Is
MOBI_adm1_3126,Africa,,Spratly Is,,No,Spratly Is
MOBI_adm1_3126,,,Spratly Is,,No,Spratly Is
MOBI_adm1_3126,Americas,,Spratly Is,,No,Spratly Is
MOBI_adm1_3126,,,Spratly Is,,No,Spratly Is
MOBI_adm1_3126,,,Spratly Is,,No,Spratly Is
MOBI_adm1_3126,,,Spratly Is,,No,Spratly Is
MOBI_adm1_3126,,,Spratly Is,,No,Spratly Is
MOBI_adm1_3126,,,Spratly Is,,No,Spratly Is
MOBI_adm1_3126,Asia,,Spratly Is,,No,Spratly Is
MOBI_adm1_3126,,,Spratly Is,,No,Spratly Is
MOBI_adm1_3126,,,Spratly Is,,No,Spratly Is
MOBI_adm1_3126,,,Spratly Is,,No,Spratly Is
MOBI_adm1_3126,,,Spratly Is,,No,Spratly Is
MOBI_adm1_3126,Africa,,Spratly Is,,No,Spratly Is
MOBI_adm1_3126,,,Spratly Is,,No,Spratly Is
MOBI_adm1_3126,,,Spratly Is,,No,Spratly Is
MOBI_adm1_3126,,,Spratly Is,,No,Spratly Is
MOBI_adm1_3126,,,Spratly Is,,No,Spratly Is
MOBI_adm1_3126,Asia,,Spratly Is,,No,Spratly Is
MOBI_adm1_3126,,,Spratly Is,,No,Spratly Is
MOBI_adm1_3126,,,Spratly Is,,No,Spratly Is
MOBI_adm1_3126,,,Spratly Is,,No,Spratly Is
MOBI_adm1_3126,,,Spratly Is,,No,Spratly Is
MOBI_adm1_3126,,,Spratly Is,,No,Spratly Is
MOBI_adm1_3126,,,Spratly Is,,No,Spratly Is
MOBI_adm1_3126,,,Spratly Is,,No,Spratly Is
MOBI_adm1_3126,,,Spratly Is,,No,Spratly Is
MOBI_adm1_3126,,,Spratly Is,,No,Spratly Is
MOBI_adm1_3126,,,Spratly Is,,No,Spratly Is
MOBI_adm1_3126,,,Spratly Is,,No,Spratly Is
MOBI_adm1_3126,,,Spratly Is,,No,Spratly Is
MOBI_adm1_3126,,,Spratly Is,,No,Spratly Is
MOBI_adm1_3126,,,Spratly Is,,No,Spratly Is
MOBI_adm1_3126,,,Spratly Is,,No,Spratly Is
MOBI_adm1_3126,,,Spratly Is,,No,Spratly Is
MOBI_adm1_3126,,,Spratly Is,,No,Spratly Is
MOBI_adm1_3126,,,Spratly Is,,No,Spratly Is
MOBI_adm1_3126,,,Spratly Is,,No,Spratly Is
MOBI_adm1_3126,,,Spratly Is,,No,Spratly Is
MOBI_adm1_3126,,,Spratly Is,,No,Spratly Is
MOBI_adm1_3126,,,Spratly Is,,No,Spratly Is
MOBI_adm1_3126,,,Spratly Is,,No,Spratly Is
MOBI_adm1_3126,,,Spratly Is,,No,Spratly Is
MOBI_adm1_3126,,,Spratly Is,,No,Spratly Is
MOBI_adm1_3126,,,Spratly Is,,No,Spratly Is
MOBI_adm1_3126,,,Spratly Is,,No,Spratly Is
MOBI_adm1_3126,,,Spratly Is,,No,Spratly Is
MOBI_adm1_3126,,,Spratly Is,,No,Spratly Is
MOBI_adm1_3126,,,Spratly Is,,No,Spratly Is
MOBI_adm1_3126,,,Spratly Is,,No,Spratly Is
MOBI_adm1_3126,,,Spratly Is,,No,Spratly Is
MOBI_adm1_3127,,,West Bank,,No,West Bank
MOBI_adm1_3127,,,West Bank,,No,West Bank
MOBI_adm1_3127,,,West Bank,,No,West Bank
MOBI_adm1_3127,,,West Bank,,No,West Bank
MOBI_adm1_3127,,,West Bank,,No,West Bank
MOBI_adm1_3127,,,West Bank,,No,West Bank
MOBI_adm1_3127,,,West Bank,,No,West Bank
MOBI_adm1_3127,,,West Bank,,No,West Bank
MOBI_adm1_3127,,,West Bank,,No,West Bank
MOBI_adm1_3127,,,West Bank,,No,West Bank
MOBI_adm1_3127,,,West Bank,,No,West Bank
MOBI_adm1_3127,,,West Bank,,No,West Bank
MOBI_adm1_3127,,,West Bank,,No,West Bank
MOBI_adm1_3127,,,West Bank,,No,West Bank
MOBI_adm1_3127,,,West Bank,,No,West Bank
MOBI_adm1_3127,,,West Bank,,No,West Bank
MOBI_adm1_3127,Africa,,West Bank,,No,West Bank
MOBI_adm1_3127,,,West Bank,,No,West Bank
MOBI_adm1_3127,Americas,,West Bank,,No,West Bank
MOBI_adm1_3127,,,West Bank,,No,West Bank
MOBI_adm1_3127,,,West Bank,,No,West Bank
MOBI_adm1_3127,,,West Bank,,No,West Bank
MOBI_adm1_3127,,,West Bank,,No,West Bank
MOBI_adm1_3127,,,West Bank,,No,West Bank
MOBI_adm1_3127,Asia,,West Bank,,No,West Bank
MOBI_adm1_3127,,,West Bank,,No,West Bank
MOBI_adm1_3127,,,West Bank,,No,West Bank
MOBI_adm1_3127,,,West Bank,,No,West Bank
MOBI_adm1_3127,,,West Bank,,No,West Bank
MOBI_adm1_3127,Africa,,West Bank,,No,West Bank
MOBI_adm1_3127,,,West Bank,,No,West Bank
MOBI_adm1_3127,,,West Bank,,No,West Bank
MOBI_adm1_3127,,,West Bank,,No,West Bank
MOBI_adm1_3127,,,West Bank,,No,West Bank
MOBI_adm1_3127,Asia,,West Bank,,No,West Bank
MOBI_adm1_3127,,,West Bank,,No,West Bank
MOBI_adm1_3127,,,West Bank,,No,West Bank
MOBI_adm1_3127,,,West Bank,,No,West Bank
MOBI_adm1_3127,,,West Bank,,No,West Bank
MOBI_adm1_3127,,,West Bank,,No,West Bank
MOBI_adm1_3127,,,West Bank,,No,West Bank
MOBI_adm1_3127,,,West Bank,,No,West Bank
MOBI_adm1_3127,,,West Bank,,No,West Bank
MOBI_adm1_3127,,,West Bank,,No,West Bank
MOBI_adm1_3127,,,West Bank,,No,West Bank
MOBI_adm1_3127,,,West Bank,,No,West Bank
MOBI_adm1_3127,,,West Bank,,No,West Bank
MOBI_adm1_3127,,,West Bank,,No,West Bank
MOBI_adm1_3127,,,West Bank,,No,West Bank
MOBI_adm1_3127,,,West Bank,,No,West Bank
MOBI_adm1_3127,,,West Bank,,No,West Bank
MOBI_adm1_3127,,,West Bank,,No,West Bank
MOBI_adm1_3127,,,West Bank,,No,West Bank
MOBI_adm1_3127,,,West Bank,,No,West Bank
MOBI_adm1_3127,,,West Bank,,No,West Bank
MOBI_adm1_3127,,,West Bank,,No,West Bank
MOBI_adm1_3127,,,West Bank,,No,West Bank
MOBI_adm1_3127,,,West Bank,,No,West Bank
MOBI_adm1_3127,,,West Bank,,No,West Bank
MOBI_adm1_3127,,,West Bank,,No,West Bank
MOBI_adm1_3127,,,West Bank,,No,West Bank
MOBI_adm1_3127,,,West Bank,,No,West Bank
MOBI_adm1_3127,,,West Bank,,No,West Bank
MOBI_adm1_3127,,,West Bank,,No,West Bank
MOBI_adm1_3127,,,West Bank,,No,West Bank
MOBI_adm1_3127,,,West Bank,,No,West Bank
MOBI_adm1_3127,,,West Bank,,No,West Bank
MOBI_adm1_3128,Americas,Ecuador,Galápagos,EC,No,Ecuador
